Time [s],Acc_x [m/s^2],Acc_y [m/s^2],Acc_z [m/s^2],Gyro_x [1/s],Gyro_y [1/s],Gyro_z [1/s]
0.0,-0.0350012481212616,0.059935566037893295,0.0063709598034620285,-0.008097827434539795,0.004905496723949909,0.0015633603325113654
0.05,-0.01902853325009346,0.0476989708840847,0.02419178932905197,-0.007743919268250465,0.003949223086237907,-4.273816375643946e-05
0.1,0.026443038135766983,0.06720732897520065,-0.004009070340543985,-0.01307305134832859,0.0058479029685258865,0.0012343252310529351
0.15,-0.0006955161225050688,0.059793468564748764,-0.006726028397679329,-0.014657821506261826,0.006937642581760883,0.0012661628425121307
0.2,0.010357617400586605,0.025644298642873764,-0.026893215253949165,-0.007628121413290501,0.004749959334731102,0.002132423920556903
0.25,0.006557131186127663,0.013716695830225945,-0.026588641107082367,-0.002590114250779152,-0.001362779177725315,0.0020681617315858603
0.3,0.012405529618263245,0.042662616819143295,0.01944844238460064,-0.006666065193712711,0.0048837801441550255,0.0008263093768619001
0.35,0.022089986130595207,0.03527164086699486,0.024363413453102112,-0.0044682943262159824,0.0028751736972481012,-0.0013315280666574836
0.4,-0.022581998258829117,0.020222662016749382,-0.03741932287812233,-0.002829475561156869,-0.0007514888420701027,-0.0013741852017119527
0.45,0.017174845561385155,0.0781097337603569,0.011896270327270031,-0.007019082549959421,0.004256849177181721,-0.0024232540745288134
0.5,0.020387567579746246,0.075072281062603,-0.0300562996417284,-0.006387905217707157,0.0025788412895053625,0.0005417748470790684
0.55,-0.03362371027469635,0.11192130297422409,-0.029316019266843796,-0.005817634519189596,0.0009920967277139425,0.0006299386150203645
0.6,0.003991542384028435,0.04604624956846237,-0.059903137385845184,-0.013759840279817581,0.007123280316591263,-0.0012223138473927975
0.65,-0.001964080147445202,0.04541873559355736,-0.025884883478283882,-0.010858207941055298,0.006351173389703035,0.0010351353557780385
0.7,0.0076969582587480545,0.002093316288664937,0.04147389903664589,-0.011914200149476528,0.0031133221928030252,-0.0012066306080669165
0.75,0.0029079224914312363,0.038118358701467514,-0.018798446282744408,-0.009605642408132553,0.005717923864722252,0.001596336835063994
0.8,-0.016015196219086647,0.05450915917754173,-0.05489388480782509,-0.005707291886210442,0.0016243759309872985,0.004343723878264427
0.85,0.0018642693758010864,0.03412150964140892,-0.02132018841803074,-0.006586344446986914,0.0034613730385899544,0.0028315496165305376
0.9,-0.01124381273984909,0.018582340329885483,-0.05079799145460129,-0.005216693505644798,0.0031824789475649595,0.0020203813910484314
0.95,-0.06206770986318588,0.004990577232092619,-0.07033442705869675,-0.007906176149845123,0.0002303736691828817,-0.00023974177020136267
1.0,-0.03083018586039543,-0.007071494124829769,-0.02083607390522957,-0.007209491916000843,0.002651095623150468,0.0002316162717761472
1.05,-0.0064877294935286045,0.017735479399561882,-0.009101038798689842,-0.004819211550056934,-0.0009810928022488952,0.0012137896846979856
1.1,-0.03806113451719284,0.034903522580862045,-0.01862642541527748,-0.005145089700818062,0.0007563401595689356,0.001853776047937572
1.15,-0.0012717446079477668,-0.0028800959698855877,0.004447558894753456,-0.0049070511013269424,0.002527664415538311,-0.0002724899968598038
1.2,-0.0010772552341222763,0.03990840166807175,-0.06018533930182457,0.0033239303156733513,-0.0036376568023115396,-9.789831528905779e-05
1.25,-0.059967175126075745,0.0010070792632177472,-0.08155255019664764,-0.0030768001452088356,-0.004946863744407892,0.001214474905282259
1.3,0.0013890075497329235,0.03128909692168236,0.00939524918794632,-0.015905974432826042,0.005161388777196407,-0.0032949300948530436
1.35,-0.029176775366067886,0.03154086694121361,-0.029093343764543533,-0.010546449571847916,0.0018324300181120634,-0.0028011733666062355
1.4,-0.005645615980029106,0.024698253720998764,-0.029187597334384918,-0.010634521022439003,0.0064562903717160225,-0.003443558933213353
1.45,0.05265940725803375,0.04197501391172409,-0.003895808709785342,-0.00690086092799902,0.00784430094063282,-0.0015419784467667341
1.5,-0.04509458690881729,0.01965617947280407,-0.06885840743780136,-0.0011660532327368855,0.0019393928814679384,0.0011982546420767903
1.55,-0.03326168283820152,0.001864434452727437,-0.005464775487780571,0.0024251986760646105,0.0036346965935081244,0.0023951740004122257
1.6,-0.010833372361958027,0.06090068444609642,-0.04143943265080452,0.005924994125962257,-0.002032636199146509,0.003634630236774683
1.65,0.005631008185446262,0.05676650628447533,-0.03154447302222252,0.001109378645196557,0.002069273265078664,0.005733192432671785
1.7,-0.05413762107491493,0.05136394128203392,-0.03369452804327011,-0.0021582760382443666,0.006080282386392355,0.003798354882746935
1.75,-0.055337291210889816,0.01675701141357422,-0.01590713858604431,0.001185988774523139,0.0013823334593325853,0.003406400326639414
1.8,-0.008817922323942184,-0.0011491784825921059,-0.036455705761909485,0.004333453252911568,-0.00032386943348683417,0.0005021865945309401
1.85,-0.010615463368594646,0.01575755886733532,-0.0067606414668262005,0.0013354053953662515,0.0006951173418201506,0.0010399534367024899
1.9,-0.021247336640954018,0.03789901360869408,0.003978272434324026,-0.002414312679320574,-0.0011157833505421877,0.003150719916447997
1.95,-0.02703171782195568,0.03713607415556908,-0.038907378911972046,0.001391206169500947,0.0012888109777122736,0.0020964723080396652
2.0,0.014112157747149467,-0.009382249787449837,-0.044492993503808975,-0.005948691628873348,0.00014773846487514675,0.0018983662594109774
2.05,-0.041892752051353455,0.04240131005644798,-0.03148758038878441,-0.0023953113704919815,0.005540628917515278,0.00033171314862556756
2.1,-0.023991933092474937,0.03302859887480736,-0.04416903108358383,-0.0062321024015545845,0.0014831018634140491,0.0008414097828790545
2.15,-0.06653697788715363,0.013560295104980469,-0.05730653554201126,-0.009687515906989574,0.0077461740002036095,0.0013384423218667507
2.2,-0.05485241860151291,0.035989757627248764,-0.017934923991560936,-0.006845273543149233,0.0010521240765228868,0.001967517426237464
2.25,-0.023350190371274948,0.01766490750014782,-0.042505715042352676,-0.0003785525623243302,0.0024257972836494446,0.0012358815874904394
2.3,-0.03327031433582306,0.012567519210278988,-0.044928692281246185,-0.0016326025361195207,0.00045765386312268674,-0.0004217192472424358
2.35,-0.008809402585029602,0.009916302748024464,-0.05487089604139328,-0.00660312594845891,0.0016430128598585725,-0.0016334735555574298
2.4,0.015844833105802536,-0.025468826293945312,-0.016864633187651634,-0.004973218776285648,-0.0007615676731802523,0.0005291284178383648
2.45,-0.012529846280813217,0.023197172209620476,-0.02282187156379223,-0.00563853420317173,0.0012476987903937697,-0.0005828186986036599
2.5,-0.03991680592298508,-0.0010042189387604594,-0.04226343333721161,-0.0081745944917202,0.0025053517892956734,-0.0017615518299862742
2.55,0.0017797742038965225,0.0019683819264173508,-0.03853801637887955,-0.004853982478380203,-0.0008877810905687511,-0.002073498908430338
2.6,-0.025238366797566414,0.053407665342092514,-0.019030913710594177,-0.0017407209379598498,-0.003931989427655935,-0.0018419716507196426
2.65,-0.001492159441113472,0.02283477410674095,-0.05345367640256882,-0.0013415279099717736,-0.005007436964660883,-0.0001580657990416512
2.7,0.029812105000019073,-0.010379793122410774,-0.037471409887075424,-0.006834185682237148,-0.0035967715084552765,0.00017832497542258352
2.75,0.009770438075065613,0.061736099421978,-0.046693846583366394,-0.0135329719632864,0.0008458074298687279,-0.000441205280367285
2.8,0.24909205734729767,0.24186226725578308,-0.0018371413461863995,-0.0708858072757721,0.06782727688550949,-0.016057614237070084
2.85,0.43890389800071716,0.42637914419174194,-0.049721550196409225,-0.24315479397773743,0.3336685001850128,-0.06877801567316055
2.9,0.16579748690128326,0.3476085364818573,0.22577457129955292,-0.3884888291358948,0.6720080375671387,-0.12649105489253998
2.95,-0.34105950593948364,-0.3020743727684021,0.07785749435424805,-0.4434123635292053,0.8185094594955444,-0.16087807714939117
3.0,-0.31118178367614746,0.229307159781456,-0.19621138274669647,-0.3405388593673706,0.4342087209224701,-0.06731877475976944
3.05,0.053163543343544006,0.424343079328537,-0.17821718752384186,-0.38647347688674927,0.18037235736846924,-0.0419795922935009
3.1,0.42586010694503784,0.7635287642478943,0.22138841450214386,-0.5725189447402954,0.045979492366313934,-0.012334230355918407
3.15,0.8557140827178955,0.8686379790306091,0.8268485069274902,-0.8880025148391724,0.1940290331840515,0.07535012066364288
3.2,0.2772487998008728,0.7837514877319336,1.1547218561172485,-1.153278112411499,0.011426364071667194,0.35951271653175354
3.25,0.23773957788944244,1.4904602766036987,0.5318567156791687,-1.2960405349731445,-0.38205355405807495,0.7139930725097656
3.3,0.16143569350242615,1.6011818647384644,-0.7273183465003967,-1.5571767091751099,-0.3592580556869507,0.864691436290741
3.35,0.5055527687072754,0.9806565046310425,-0.5512499213218689,-1.8689512014389038,0.06835804879665375,0.7524864077568054
3.4,-0.3650217354297638,0.9876880049705505,-0.19674073159694672,-2.1364078521728516,0.2637549638748169,0.6638987064361572
3.45,-0.9196783304214478,-0.5184230208396912,-0.525029718875885,-2.070824384689331,0.07266029715538025,0.816541850566864
3.5,-1.1279964447021484,-1.8298252820968628,-0.11529207974672318,-1.8683853149414062,-0.14278548955917358,0.6154223680496216
3.55,-1.1629811525344849,-2.1087615489959717,-0.1208878681063652,-1.4896068572998047,-0.5496650338172913,0.4047486484050751
3.6,-0.8190621137619019,-1.1853684186935425,-0.11646615713834763,-1.0015300512313843,-0.8367717266082764,0.21275939047336578
3.65,-0.3607569634914398,-0.6384410262107849,0.05731794983148575,-0.5696451663970947,-1.0532159805297852,0.24196620285511017
3.7,0.06807465106248856,-0.9664248824119568,-0.2499498426914215,-0.31273069977760315,-1.1391301155090332,0.28162881731987
3.75,0.07090145349502563,-0.4175691604614258,-0.32040107250213623,-0.20584321022033691,-1.006971836090088,-0.11608126759529114
3.8,0.29566842317581177,0.35367292165756226,-0.570957362651825,-0.07727549970149994,-0.9920322299003601,-0.17734070122241974
3.85,0.9081072211265564,0.23481838405132294,-0.5031341314315796,0.01738428696990013,-0.9182204604148865,-0.07481236010789871
3.9,0.8107781410217285,-0.2766743004322052,-0.6631361246109009,-0.11463245004415512,-0.6028655171394348,-0.3609652817249298
3.95,0.3751235604286194,0.06019683554768562,-0.4979100525379181,-0.00884738564491272,-0.3667200803756714,-0.5477290153503418
4.0,0.3079385757446289,0.17156215012073517,-0.3666817843914032,0.1185799241065979,-0.28755760192871094,-0.45785245299339294
4.05,-0.6580239534378052,1.9630736112594604,-0.25663691759109497,0.14502447843551636,-0.28679585456848145,-0.24663247168064117
4.1,-3.4314510822296143,6.788570880889893,-1.1583988666534424,0.037557221949100494,-0.33284202218055725,-0.025102153420448303
4.15,-0.5039883852005005,0.7233666777610779,-1.0578442811965942,-0.175906240940094,-0.2914615571498871,0.09851536154747009
4.2,0.02832898497581482,0.21212667226791382,-0.9928659796714783,-0.028436310589313507,-0.15486791729927063,-0.26604172587394714
4.25,-0.013992756605148315,0.15673060715198517,-0.7012155055999756,0.028338570147752762,-0.21994486451148987,-0.1440630406141281
4.3,-0.07262915372848511,0.13930508494377136,-0.3735724091529846,0.1291343867778778,-0.2501285970211029,0.024637389928102493
4.35,-0.13851800560951233,0.11237810552120209,-0.3092436194419861,0.07985610514879227,-0.15054327249526978,0.0613543838262558
4.4,0.005940228700637817,0.04743192717432976,-0.354030579328537,0.002313438802957535,-0.07456640154123306,0.02724594809114933
4.45,-0.2698659300804138,0.1728982776403427,-0.3731905519962311,-0.03779945522546768,-0.008774179965257645,-0.011686468496918678
4.5,-0.09848189353942871,0.0290517620742321,-0.52998948097229,-0.03145270049571991,-0.02438049390912056,0.09851917624473572
4.55,-0.021413013339042664,0.0088605722412467,-0.3907744288444519,-0.10087303817272186,0.012602814473211765,0.052847970277071
4.6,0.2717031240463257,-0.03242875263094902,-0.08724912256002426,-0.16832956671714783,0.04872957989573479,-0.03469988331198692
4.65,0.23707735538482666,0.03775309398770332,0.039018187671899796,-0.14530400931835175,0.08656769245862961,-0.13773828744888306
4.7,0.3471982181072235,-0.05561638996005058,0.0032933237962424755,-0.11166436225175858,0.04435958340764046,-0.13225217163562775
4.75,0.1024681031703949,0.19313238561153412,0.0988045334815979,-0.05911960452795029,0.08239857852458954,-0.1703261435031891
4.8,0.3485381007194519,0.19672295451164246,-0.16331376135349274,-0.026659682393074036,0.04347766190767288,-0.13438698649406433
4.85,-0.1672772765159607,0.4604024589061737,0.0037243016995489597,-0.07316478341817856,0.07071714848279953,-0.103850357234478
4.9,0.14444872736930847,-0.006203654687851667,0.06034233421087265,-0.12659455835819244,-0.021465498954057693,0.022025706246495247
4.95,-0.08022405207157135,0.07207296788692474,-0.20052474737167358,-0.1386156976222992,0.015860995277762413,-0.06456632912158966
5.0,-0.19504056870937347,0.17646025121212006,-0.24444758892059326,-0.04991490766406059,-0.010602238588035107,-0.04513051360845566
5.05,-0.2236112654209137,0.167081817984581,-0.24512599408626556,0.032702963799238205,-0.05456996709108353,-0.0105062210932374
5.1,-0.06283991783857346,0.1856202930212021,-0.23295201361179352,0.07055480778217316,-0.10700087994337082,0.0585763156414032
5.15,0.008844539523124695,0.12307832390069962,-0.37929511070251465,0.04277227073907852,-0.09327644854784012,0.09541673213243484
5.2,-0.006315350532531738,0.08203410357236862,-0.042150937020778656,0.03522314503788948,-0.02705249935388565,0.1003061830997467
5.25,0.0824221521615982,0.16242119669914246,-0.13622835278511047,0.03145520016551018,-0.021908503025770187,0.10740503668785095
5.3,0.07203738391399384,0.11039446294307709,-0.06908625364303589,0.004096616059541702,0.004919102415442467,0.04074025899171829
5.35,0.0300779789686203,0.17302225530147552,-0.08887697011232376,0.016547895967960358,0.004459071438759565,0.03545135259628296
5.4,0.06702864915132523,0.10563181340694427,-0.11846403777599335,0.02343776822090149,-0.01159043051302433,0.055484235286712646
5.45,0.03932876139879227,0.19936369359493256,-0.05628817901015282,0.012223396450281143,-0.01020993571728468,0.010803144425153732
5.5,0.029774244874715805,0.17101190984249115,-0.1436905711889267,0.004216291476041079,-0.023814449086785316,0.004128658212721348
5.55,0.024442613124847412,0.13886353373527527,-0.19844481348991394,0.002390884328633547,-0.034401047974824905,-0.014851978980004787
5.6,0.011232860386371613,0.12504003942012787,-0.0537504106760025,-0.0018758587539196014,-0.029606640338897705,-0.06787674874067307
5.65,-0.050023842602968216,0.21877573430538177,-0.024055982008576393,0.006410971283912659,-0.021077971905469894,-0.050500936806201935
5.7,-0.00229036808013916,0.1145782396197319,-0.08233506232500076,0.023788630962371826,-0.04263985529541969,0.02035323716700077
5.75,0.004745926707983017,0.09227656573057175,-0.07221176475286484,0.03293728083372116,-0.03941240534186363,0.04344834014773369
5.8,0.009071804583072662,0.01667880080640316,-0.18091201782226562,0.024145834147930145,-0.03887607902288437,0.0279683955013752
5.85,0.05140407755970955,0.08562086522579193,-0.1069781556725502,-0.0027113929390907288,-0.01690628193318844,-0.03030310943722725
5.9,-0.05590607225894928,0.14210985600948334,-0.050810858607292175,-0.010634567588567734,0.00433335080742836,-0.06398957222700119
5.95,0.029273096472024918,0.09140204638242722,-0.04700424149632454,-0.00568392314016819,-0.012708684429526329,-0.038819074630737305
6.0,-0.10649915784597397,0.2189607471227646,-0.02570732869207859,-0.006872542202472687,-0.007264068815857172,-0.055313654243946075
6.05,-0.03191168233752251,0.157834991812706,-0.09764132648706436,0.006669230759143829,-0.01890937238931656,-0.019440826028585434
6.1,-0.046600908041000366,0.09396170824766159,-0.021213548257946968,0.017278704792261124,-0.012524052523076534,-0.015788836404681206
6.15,0.0011937916278839111,0.1447419971227646,-0.13723967969417572,0.028081027790904045,-0.0014976859092712402,-0.02913682907819748
6.2,-0.00225740484893322,0.07974909991025925,-0.06262736767530441,0.03577229008078575,0.024738820269703865,-0.04848518222570419
6.25,-0.11048996448516846,0.20178888738155365,-0.0008300924091599882,0.03664923086762428,0.046400412917137146,-0.06309307366609573
6.3,-0.0186813585460186,0.23357008397579193,-0.12230575084686279,0.04827066510915756,-0.0021353892516344786,0.030512578785419464
6.35,-0.09724073112010956,0.20225141942501068,-0.03795776516199112,0.06310916692018509,-0.011052411049604416,0.08414566516876221
6.4,0.013023893348872662,0.178831085562706,0.005137577187269926,0.0715983435511589,-0.01669137179851532,0.1000429093837738
6.45,-0.00828816182911396,0.09451674669981003,9.005279571283609e-05,0.0789850577712059,-0.014739188365638256,0.09510292857885361
6.5,0.02110079862177372,0.09102534502744675,-0.01684245653450489,0.07627005875110626,0.0009737384389154613,0.07605917751789093
6.55,0.057850420475006104,-0.02331733889877796,-0.03763297572731972,0.07623886317014694,0.007280210964381695,0.07100886106491089
6.6,-0.07083074003458023,-0.04369639977812767,-0.10256289690732956,0.054018229246139526,0.03389362618327141,0.022578518837690353
6.65,-0.03767349570989609,0.08562659472227097,-0.004082284402102232,0.036649979650974274,0.033988580107688904,0.023503467440605164
6.7,-0.04262595623731613,0.11689852923154831,-0.014408704824745655,0.027272332459688187,0.034905146807432175,0.034319084137678146
6.75,0.015521006658673286,0.1102294847369194,-0.028088770806789398,0.026970891281962395,0.020718805491924286,0.05209805443882942
6.8,0.03398294001817703,0.079070083796978,-0.020247697830200195,0.028300290927290916,0.022868407890200615,0.03737746179103851
6.85,0.04031231254339218,0.07593534886837006,-0.06578084081411362,0.026504816487431526,0.030228547751903534,0.01563650369644165
6.9,0.06603280454874039,0.09787176549434662,-0.04340822622179985,0.029203027486801147,0.044075869023799896,-0.005739828571677208
6.95,-0.6454311609268188,0.8027762770652771,-0.7472123503684998,0.025457307696342468,0.1700676530599594,-0.14507021009922028
7.0,0.21234166622161865,0.14634892344474792,-0.10750152915716171,-0.055559977889060974,0.1776265949010849,-0.023026809096336365
7.05,-0.3847721219062805,0.15535449981689453,0.027049651369452477,-0.057958729565143585,0.1826629787683487,0.0511067733168602
7.1,-0.24279531836509705,0.1880331039428711,-0.04908756539225578,-0.04561695456504822,0.09777636080980301,0.09136920422315598
7.15,-0.09245283901691437,0.13162992894649506,-0.01666918396949768,-0.04314093664288521,0.0931183323264122,0.039417389780282974
7.2,-0.08629343658685684,0.0763101577758789,0.007243807427585125,-0.03428884968161583,0.0820106640458107,0.031099814921617508
7.25,0.02674238756299019,0.10249803960323334,-0.07638301700353622,-0.023895900696516037,0.03986754268407822,0.03963314741849899
7.3,-0.10012379288673401,0.22701071202754974,-0.08173234015703201,-0.008954981341958046,0.027821561321616173,0.008319828659296036
7.35,-0.02079244703054428,0.1755685657262802,0.06221922114491463,0.00994527991861105,0.03286808729171753,-0.004433033987879753
7.4,0.01996118389070034,0.037861816585063934,-0.025766152888536453,0.010946232825517654,0.02465617097914219,0.02123822644352913
7.45,0.09925688803195953,0.1902627795934677,0.028116893023252487,0.0037192469462752342,0.049279872328042984,0.009101378731429577
7.5,-0.10645495355129242,0.0965890884399414,-0.0009480064618401229,-0.004864194430410862,0.06013048440217972,0.018956487998366356
7.55,-0.08550942689180374,0.14372633397579193,-0.05264672636985779,-0.0007269065827131271,0.027629461139440536,0.04977569356560707
7.6,0.09121406078338623,0.02598380297422409,-0.01772182248532772,-0.008538864552974701,0.01555342972278595,0.01321241445839405
7.65,-0.08925916999578476,0.093993179500103,-0.10984653979539871,-0.009330134838819504,0.01624979078769684,-0.0022180017549544573
7.7,0.0104528134688735,0.1557741016149521,0.008310756646096706,-0.01698622666299343,0.0029321108013391495,-0.011104041710495949
7.75,0.0024060197174549103,0.14427469670772552,-0.030124226585030556,-0.011073252186179161,0.008307050913572311,-0.022244004532694817
7.8,-0.0066641285084187984,0.20130537450313568,0.011511675082147121,-0.004340775776654482,0.004237291403114796,-0.01602550595998764
7.85,-0.019804609939455986,0.20647142827510834,-0.013677568174898624,-0.002994484268128872,0.006809196434915066,-0.01918661594390869
7.9,0.14605332911014557,0.33725258708000183,-0.07044655829668045,-0.004580570850521326,0.00170296267606318,0.004528559744358063
7.95,-0.14718887209892273,0.06397724151611328,0.03651351109147072,-0.013789552263915539,0.013830678537487984,0.015833090990781784
8.0,-0.05478062480688095,0.17052839696407318,-0.0648854672908783,-0.004866566509008408,0.0026298370212316513,0.009389937855303288
8.05,0.025022102519869804,0.1020965501666069,-0.004321495536714792,0.004205561242997646,-0.019060947000980377,0.02747265435755253
8.1,0.04093072563409805,0.1744994968175888,-0.007526596076786518,-0.00047388020902872086,-0.0172885674983263,0.019859785214066505
8.15,-0.06747061014175415,0.0915822982788086,0.048834942281246185,0.0022507822141051292,-0.02163160964846611,0.03134259209036827
8.2,0.011356309987604618,0.1484994739294052,0.004178718198090792,0.012650327757000923,-0.03286264091730118,0.05756670609116554
8.25,0.012846122495830059,0.11154936999082565,0.021672949194908142,0.005447894334793091,-0.024233795702457428,0.04299425333738327
8.3,0.045342206954956055,0.0931548997759819,0.0046003833413124084,0.0027499431744217873,-0.02173524908721447,0.022442100569605827
8.35,-0.03230882063508034,0.1310252994298935,0.016547605395317078,0.006999865639954805,-0.018010754138231277,-0.0019860451575368643
8.4,-0.028233449906110764,0.10051821917295456,-0.011992278508841991,0.0081415930762887,-0.013466115109622478,-0.009593674913048744
8.45,-0.06637221574783325,0.0778350755572319,-0.008684520609676838,0.015830155462026596,-0.011418988928198814,-0.004864688031375408
8.5,0.029953664168715477,0.1295595020055771,-0.08261486887931824,0.024634478613734245,-0.025295207276940346,0.005220056977123022
8.55,-0.023160632699728012,0.1382579654455185,-0.02240745723247528,0.012646740302443504,-0.04826085641980171,-0.04474062845110893
8.6,-0.042176783084869385,0.1666688770055771,0.05668792501091957,0.00124426931142807,-0.017179373651742935,-0.06725957244634628
8.65,-0.14883403480052948,0.1996774673461914,0.030435144901275635,0.006574789062142372,0.012638666667044163,-0.0460112988948822
8.7,0.004292271099984646,0.0878448411822319,-0.0034289786126464605,0.022336209192872047,-0.004520508460700512,0.04010384902358055
8.75,-0.06060788407921791,0.05883884057402611,-0.06025197356939316,0.025647630915045738,0.006787353195250034,0.06390012800693512
8.8,0.028771325945854187,0.12625978887081146,-0.07048596441745758,0.0254206582903862,0.0039217728190124035,0.07198916375637054
8.85,-0.010828066617250443,0.1140441820025444,-0.015496600419282913,0.010010747238993645,0.014637968502938747,0.03015657514333725
8.9,-0.009593703784048557,0.1715402454137802,0.011520744301378727,0.011014940217137337,0.004086534958332777,0.019934214651584625
8.95,-0.018152659758925438,0.13100717961788177,0.04492112994194031,0.006875248625874519,0.005479644518345594,0.014329793862998486
9.0,-0.0072631388902664185,0.13842199742794037,0.044580720365047455,0.005318422801792622,0.00939265452325344,0.023935167118906975
9.05,-0.0001589544117450714,0.14037035405635834,-0.019239921122789383,0.004052376374602318,0.0018030956853181124,0.034772954881191254
9.1,0.04210127145051956,0.16970156133174896,0.040254488587379456,0.002830500714480877,0.0028827013447880745,0.01959630474448204
9.15,-0.015151703730225563,0.12680433690547943,0.042719755321741104,0.004753574263304472,0.014292780309915543,0.0006334786885417998
9.2,-0.0013888463145121932,0.12679003179073334,-0.00013361060700844973,0.007921291515231133,0.0026762732304632664,0.013289911672472954
9.25,-0.04074779897928238,0.1706085056066513,0.03216387331485748,0.0045731449499726295,0.00682244636118412,0.003130969824269414
9.3,0.07066451013088226,0.10971926152706146,-0.0339277908205986,0.0069983722642064095,0.005314301699399948,-0.0014495960203930736
9.35,-0.018897898495197296,0.19844244420528412,0.04958146810531616,0.000797969289124012,0.015302817337214947,-0.02092493511736393
9.4,0.023185331374406815,0.11420916765928268,-0.020599430426955223,0.005095265805721283,0.007951025851070881,-0.02310856617987156
9.45,-0.03898152336478233,0.04146289825439453,0.03873871639370918,0.008359763771295547,0.012416169978678226,-0.03507201001048088
9.5,-0.04880554974079132,0.10462569445371628,-0.002762880874797702,0.011884757317602634,-0.00487483711913228,-0.0030049539636820555
9.55,-0.04388580843806267,0.11629199236631393,-0.009250025264918804,0.011019205674529076,-0.0023126229643821716,0.026437263935804367
9.6,0.012607548385858536,0.024779316037893295,-0.015016283839941025,0.011339692398905754,0.0015905086183920503,0.028269439935684204
9.65,0.035940397530794144,0.05171488970518112,-0.03148423135280609,0.008725411258637905,0.01247366052120924,0.0030969837680459023
9.7,-0.010711729526519775,0.13817404210567474,-0.04168896749615669,-4.468252882361412e-05,0.0188236515969038,-0.015444817952811718
9.75,0.006731271743774414,0.2701387107372284,0.08635199069976807,-0.002805533353239298,0.012487695552408695,-0.007450925186276436
9.8,-0.0338469073176384,0.10564040392637253,-0.05384620279073715,0.0006070015951991081,-0.003264033468440175,0.017928840592503548
9.85,-0.04995998740196228,0.14782331883907318,-0.002256212290376425,-0.005119298584759235,0.00878884643316269,-0.008054960519075394
9.9,0.0076132044196128845,0.20508097112178802,-0.0296962708234787,-0.0037343306466937065,0.00319664622657001,-0.01309321541339159
9.95,-0.06515871733427048,0.11780642718076706,-0.04588574916124344,-0.007559564895927906,0.009072387591004372,-0.020451758056879044
10.0,-0.04027854651212692,0.18001459538936615,-0.0011754273436963558,-0.007442314177751541,0.006208170671015978,-0.011377600952982903
10.05,-0.04116234928369522,0.13185594975948334,-0.023435404524207115,-0.007047208957374096,0.003235285170376301,-0.0025070791598409414
10.1,-0.01329772174358368,0.09774207323789597,-0.0646369680762291,0.000987245119176805,-0.0025506336241960526,-0.00015159934991970658
10.15,-0.04874221235513687,0.12441443651914597,-0.017764601856470108,-0.002825742121785879,0.0032323456835001707,-0.01426073256880045
10.2,-0.021952511742711067,0.11828898638486862,-0.02389310486614704,-0.0064845578745007515,0.002262779977172613,4.008072937722318e-05
10.25,-0.020565707236528397,0.12440299242734909,-0.021314451470971107,-0.009812995791435242,0.0010763701284304261,0.00023184617748484015
10.3,-0.03687761723995209,0.10073947161436081,0.02746446616947651,-0.011727148666977882,0.005925965029746294,-0.013455620966851711
10.35,0.035756342113018036,-0.015831945464015007,0.050717853009700775,-0.010338108986616135,0.00045962678268551826,-0.004371793009340763
10.4,0.02788197249174118,-0.057000160217285156,-0.09023743867874146,-0.004738224670290947,0.001565943588502705,0.00037969803088344634
10.45,-0.004067406058311462,0.1139373704791069,-0.08497712016105652,-0.011769996024668217,0.005919326562434435,-0.013725643046200275
10.5,-0.031748101115226746,0.15723131597042084,-0.01966366544365883,-0.01209687814116478,-0.0005289497785270214,-0.014941140078008175
10.55,-0.07094848155975342,0.14627645909786224,-0.008752786554396152,-0.018064815551042557,0.0013941095676273108,-0.021869828924536705
10.6,-0.021391578018665314,0.1654195636510849,0.03548526018857956,-0.013585523702204227,-0.0027848563622683287,-0.013531258329749107
10.65,0.02682565152645111,0.06450556963682175,0.001141645829193294,-0.016923628747463226,-0.0027166453655809164,-0.017453031614422798
10.7,-0.019688736647367477,0.06908988207578659,-0.07437743246555328,-0.01522991992533207,-0.002099510282278061,-0.021270474418997765
10.75,-0.034774016588926315,0.0058279032818973064,-0.035292819142341614,-0.01729579269886017,0.0017534090438857675,-0.023914432153105736
10.8,-0.05838718265295029,0.1617879718542099,0.0021279824431985617,-0.018958119675517082,0.001221943530254066,-0.02012988179922104
10.85,-0.03826357424259186,0.1388254016637802,-0.04061427712440491,-0.01382027380168438,0.001647223369218409,-0.019984472543001175
10.9,-0.00595441460609436,0.14569376409053802,-0.07569070905447006,-0.012678307481110096,-0.0024460710119456053,-0.015398215502500534
10.95,-0.05684062838554382,0.11786555498838425,-0.001605722587555647,-0.014694670215249062,0.0014124077279120684,-0.018070992082357407
11.0,0.04034489393234253,0.1414794772863388,0.006224039010703564,-0.012855758890509605,-0.0007370057865045965,-0.013013516552746296
11.05,-0.05817501246929169,0.09033488482236862,-0.0283274594694376,-0.013465599156916142,0.009431073442101479,-0.030532032251358032
11.1,-0.07346276938915253,0.1358346790075302,-0.0036746792029589415,-0.011339022777974606,0.002771459985524416,-0.018734252080321312
11.15,-0.015195421874523163,0.17397116124629974,-0.09002698212862015,-0.012239187024533749,0.0025656423531472683,-0.016919400542974472
11.2,-0.013522239401936531,0.16543768346309662,-0.03940834850072861,-0.01713695004582405,0.012604407034814358,-0.03657121956348419
11.25,0.0071938494220376015,0.18276308476924896,0.013941590674221516,-0.014356991276144981,0.009236886166036129,-0.028725991025567055
11.3,0.020909767597913742,0.14835356175899506,0.04764561355113983,-0.012702705338597298,0.012500269338488579,-0.04165106639266014
11.35,-0.04303029924631119,0.07541846483945847,-0.09376256912946701,-0.008823694661259651,0.006329184863716364,-0.033621277660131454
11.4,0.019709063693881035,0.0951538011431694,-0.05447503924369812,-0.010795215144753456,0.008883671835064888,-0.03182844817638397
11.45,-0.02566361054778099,0.07806967943906784,-0.043040260672569275,-0.01738859713077545,0.01708509586751461,-0.04316850006580353
11.5,-0.03692669793963432,0.08784102648496628,-0.04910939559340477,-0.018280602991580963,0.01687242090702057,-0.04127819836139679
11.55,-0.07415592670440674,0.10286235064268112,-0.03649525344371796,-0.01495957188308239,0.005760729778558016,-0.03178922086954117
11.6,-0.08733023703098297,0.10910701006650925,-0.008861861191689968,-0.019964996725320816,0.003662605071440339,-0.03427102416753769
11.65,0.023237301036715508,0.17473123967647552,0.01663506217300892,-0.01961337774991989,-0.0024033470544964075,-0.030184756964445114
11.7,-0.038403961807489395,0.1382875293493271,-0.04796788468956947,-0.024533651769161224,-0.004790719598531723,-0.03966861963272095
11.75,0.05824603885412216,0.06717203557491302,-0.09129934757947922,-0.029184551909565926,-0.014200207777321339,-0.03365754336118698
11.8,-0.008784836158156395,0.15346334874629974,0.018878037109971046,-0.04235814884305,-0.0076263658702373505,-0.055071208626031876
11.85,-0.00466256495565176,0.010522842407226562,0.028460239991545677,-0.04214318469166756,-0.027792837470769882,-0.05050704628229141
11.9,0.06860415637493134,-0.4132537543773651,-0.2558330297470093,-0.04108044132590294,-0.060584090650081635,-0.0443347692489624
11.95,0.029114995151758194,-0.007800108753144741,-0.14035438001155853,-0.052097659558057785,-0.05567750334739685,-0.07199178636074066
12.0,0.07930292189121246,0.2736816108226776,-0.17991958558559418,-0.060007426887750626,-0.07740519195795059,-0.09924105554819107
12.05,0.02529940754175186,0.29950234293937683,0.04881565645337105,-0.12481741607189178,-0.09522905945777893,-0.2733822762966156
12.1,-0.13935378193855286,0.16262340545654297,0.03814707696437836,-0.164607435464859,-0.012718591839075089,-0.2900421917438507
12.15,-0.2171044796705246,0.16653728485107422,0.2602318227291107,-0.1192529946565628,0.03187640756368637,-0.10295403003692627
12.2,-0.03143561631441116,0.15108011662960052,-0.037317823618650436,-0.03175076097249985,-0.044027674943208694,0.14079830050468445
12.25,0.09599518030881882,0.007570257876068354,-0.10408949106931686,-0.01200200617313385,-0.06549398601055145,0.10487601161003113
12.3,-0.07508441805839539,0.08010958880186081,0.0017329741967841983,-0.004849889315664768,-0.04006585851311684,0.023369276896119118
12.35,0.02584100142121315,0.12126540392637253,-0.0410732701420784,0.013908530585467815,-0.022714683786034584,0.03379096835851669
12.4,-0.16413076221942902,0.1351947784423828,0.013621634803712368,0.023367051035165787,0.035992175340652466,0.010328063741326332
12.45,0.050730131566524506,0.10601900517940521,-0.15784728527069092,0.03168144077062607,0.003897523507475853,0.0871226042509079
12.5,-0.07364300638437271,0.14203451573848724,-0.08031313121318817,0.011147507466375828,0.03464760631322861,0.038122545927762985
12.55,0.04790695756673813,0.10836122930049896,-0.08203782141208649,0.02190275490283966,0.08575993031263351,-0.02054635062813759
12.6,0.013914303854107857,0.07397746294736862,0.02320481650531292,0.01072041317820549,0.16731031239032745,-0.12896761298179626
12.65,0.0997145026922226,0.11757086217403412,-0.1273743063211441,0.02263406664133072,0.16460034251213074,-0.1567370444536209
12.7,-0.021808339282870293,0.1269531100988388,0.025280551984906197,-0.006616652011871338,0.13879412412643433,-0.1435864418745041
12.75,0.006091371178627014,0.25393006205558777,0.10623928904533386,0.019621092826128006,0.10971660166978836,-0.12607043981552124
12.8,0.5866458415985107,0.20046517252922058,0.20140336453914642,0.04651104286313057,0.11227122694253922,-0.10472964495420456
12.85,-0.00951547920703888,0.15864180028438568,0.02365252934396267,0.10171103477478027,0.22648413479328156,-0.2670544683933258
12.9,0.1527189314365387,0.28168007731437683,-0.07857121527194977,-0.005864955484867096,0.28517135977745056,-0.21156932413578033
12.95,-0.07571060955524445,0.05486200749874115,-0.39323756098747253,-0.006815358996391296,0.2547103464603424,0.09334075450897217
13.0,-0.6759952902793884,-0.04462810605764389,0.13163718581199646,-0.01962081715464592,0.2114599049091339,0.13126012682914734
13.05,-0.4054875671863556,0.16250039637088776,0.3304055631160736,-0.0006066374480724335,0.04947264865040779,0.12239144742488861
13.1,0.10434817522764206,0.1417369544506073,-0.1001937985420227,0.03759801387786865,-0.08099021762609482,0.21015450358390808
13.15,-0.023199215531349182,0.08940791338682175,-0.03328261524438858,-0.004339098930358887,-0.03513398766517639,0.0991792231798172
13.2,-0.006391249597072601,0.08823299407958984,0.15666905045509338,-0.021788213402032852,-0.030911751091480255,0.04210270196199417
13.25,0.036935269832611084,0.15254876017570496,-0.1577700525522232,0.0005599427968263626,-0.06168832629919052,0.05683564767241478
13.3,-0.002213716506958008,0.1809529960155487,-0.19131702184677124,-0.05978529900312424,0.019452666863799095,-0.024750975891947746
13.35,-0.4897572696208954,0.10387042164802551,0.47657355666160583,-0.11458247154951096,0.05557229369878769,0.009751878678798676
13.4,0.0332760214805603,0.05268190801143646,-0.19821344316005707,0.01858457922935486,-0.12359535694122314,0.25253230333328247
13.45,-0.08505474030971527,0.009180070832371712,-0.02156743034720421,-0.024997644126415253,-0.08131816983222961,0.19808225333690643
13.5,0.2120077759027481,0.013155918568372726,-0.20279140770435333,0.029065579175949097,-0.10178868472576141,0.1733992099761963
13.55,-0.0682462751865387,0.1588764190673828,0.1324443221092224,0.025772593915462494,-0.010214123874902725,0.06904038786888123
13.6,0.07343919575214386,0.12570759654045105,-0.3608851134777069,0.041829392313957214,-0.0058770435862243176,0.041084710508584976
13.65,0.10406817495822906,0.003611562540754676,0.06661167740821838,-0.009769108146429062,0.04298040643334389,-0.03511318191885948
13.7,-0.13168783485889435,0.17962646484375,0.23962782323360443,0.04729792848229408,0.031447313725948334,-0.02592441998422146
13.75,0.05337200313806534,0.14123818278312683,-0.29482221603393555,0.12664467096328735,-0.03669099509716034,0.1191185712814331
13.8,-0.01620319113135338,0.1603231281042099,-0.09456712007522583,0.07018158584833145,0.0018799385288730264,0.09150008112192154
13.85,0.06827397644519806,0.09882734715938568,-0.07044479995965958,0.05316369608044624,-0.020533079281449318,0.07039642333984375
13.9,0.06935520470142365,-0.032014843076467514,0.07829775661230087,0.044803619384765625,-0.023197053000330925,0.042358942329883575
13.95,-0.02892366051673889,0.004906647838652134,-0.17620263993740082,0.0264742411673069,-0.0330364853143692,0.04515128210186958
14.0,-0.08644795417785645,0.11230850219726562,0.06621167808771133,-0.01722104661166668,-0.019312405958771706,0.028142236173152924
14.05,0.03625718504190445,0.15884684026241302,-0.01269293949007988,0.008257187902927399,-0.048097677528858185,0.056206587702035904
14.1,-0.056420911103487015,0.1708516925573349,0.002204569987952709,-0.023119118064641953,-0.02290934883058071,0.02033974789083004
14.15,0.004989694803953171,0.11046790331602097,-0.04116341099143028,-0.01200855616480112,-0.023301279172301292,0.007623499725013971
14.2,-0.056404512375593185,0.13906191289424896,0.012966168113052845,-0.008652778342366219,-0.015430382452905178,-0.0019582125823944807
14.25,-0.05973401665687561,0.1362457126379013,-0.009293199516832829,-0.004592194687575102,-0.024351544678211212,0.01916046068072319
14.3,-0.10670557618141174,0.13698481023311615,0.0032062821555882692,-0.007508295588195324,-0.014241373166441917,0.025197254493832588
14.35,0.01564609259366989,0.12310599535703659,0.009611050598323345,-0.000753156840801239,-0.02322324924170971,0.044296249747276306
14.4,0.0010323412716388702,0.10892008990049362,-0.06871281564235687,-0.00327063980512321,-0.008873973041772842,0.010181060992181301
14.45,-0.05142757296562195,0.1241292878985405,-0.03761152923107147,-0.016116898506879807,0.005171844270080328,-0.03054649941623211
14.5,-0.05395584553480148,0.06514167040586472,-0.024816183373332024,-0.01553252711892128,0.008959103375673294,-0.02218090556561947
14.55,-0.007537815719842911,0.11913871020078659,-0.08363192528486252,-0.014285090379416943,0.003107912838459015,-0.00019196905486751348
14.6,-0.04080674797296524,0.16585730016231537,-0.008286052383482456,-0.018140800297260284,0.0007992481696419418,-0.0022444846108555794
14.65,-0.035853974521160126,0.0625457689166069,-0.06949348002672195,-0.01879659853875637,0.0034072273410856724,-0.004513747990131378
14.7,-0.14978274703025818,-0.0946960300207138,-0.050267621874809265,-0.02364501543343067,0.010202460922300816,-0.014342707581818104
14.75,-0.008022810332477093,0.16156290471553802,0.0314921997487545,-0.012722043320536613,0.009649942629039288,-0.01076313853263855
14.8,-0.02092163823544979,0.11111735552549362,-0.0564071387052536,-0.007117262575775385,-0.0030394664499908686,-0.0015220902860164642
14.85,-0.013398820534348488,0.17226694524288177,0.02491931989789009,-0.014166002161800861,0.005546638276427984,-0.010988435707986355
14.9,-0.0048583559691905975,0.1305208057165146,-0.07681876420974731,0.000694584334269166,-0.005994174163788557,-0.0029093241319060326
14.95,-0.07537531852722168,0.09038447588682175,-0.0036509500350803137,-0.005984476767480373,0.0038815827574580908,-0.008263490162789822
15.0,-0.07085692882537842,0.07392405718564987,-0.08249954134225845,0.0016886363737285137,-0.003523886203765869,-0.0127066969871521
15.05,-0.1305347979068756,0.3473605811595917,-0.15906164050102234,-0.022831760346889496,0.008080213330686092,-0.06383617967367172
15.1,0.013775229454040527,0.2794789969921112,-0.27690771222114563,-0.13649234175682068,-0.0072880336083471775,-0.21426701545715332
15.15,-0.15244877338409424,0.05236338824033737,-0.23402006924152374,-0.2658174932003021,0.08819594979286194,-0.46582531929016113
15.2,-0.09837757050991058,0.13358400762081146,-0.18424388766288757,-0.20128335058689117,0.14183573424816132,-0.4071895182132721
15.25,0.3406452536582947,0.17154689133167267,-0.46901828050613403,-0.018193431198596954,0.18196730315685272,-0.21280567348003387
15.3,0.42923688888549805,0.12003321945667267,-0.5317591428756714,0.059622809290885925,0.3591788709163666,-0.24576611816883087
15.35,0.9716162085533142,0.03894895687699318,-0.2820820212364197,0.12329016625881195,0.691378116607666,-0.4854356348514557
15.4,0.19403399527072906,0.24363131821155548,-0.6078259348869324,0.23793086409568787,0.8969727754592896,-0.554012656211853
15.45,0.35998648405075073,0.1606711745262146,-0.6224257946014404,0.4324880540370941,0.99884033203125,-0.370317280292511
15.5,-0.3471314311027527,1.1138657331466675,-0.06895508617162704,0.4335729777812958,1.0782248973846436,-0.23690250515937805
15.55,-0.2607484459877014,0.4906454086303711,0.217795729637146,0.6174721717834473,0.6082441806793213,0.5890594720840454
15.6,-0.31262338161468506,0.44716450572013855,-0.1546955704689026,0.8375362157821655,0.3386598527431488,1.0970934629440308
15.65,-0.6759088635444641,-0.27630990743637085,0.16894853115081787,0.9062142968177795,0.18880687654018402,0.9891672730445862
15.7,-0.31552377343177795,-0.31387990713119507,0.5120506882667542,1.182581901550293,0.14912942051887512,0.9742903709411621
15.75,-1.216518759727478,-0.5654104351997375,1.1037989854812622,1.5105524063110352,0.002352745272219181,0.9067563414573669
15.8,0.9659017324447632,-2.1584250926971436,-0.17137576639652252,2.1832292079925537,-0.15998230874538422,0.7940551042556763
15.85,-0.3560616374015808,0.019994763657450676,0.34977808594703674,2.1339168548583984,-0.5832374095916748,0.8169257640838623
15.9,0.13635623455047607,0.2231016308069229,0.9681212306022644,1.7666261196136475,-0.49119651317596436,0.4694841802120209
15.95,2.764737129211426,9.362144470214844,0.47681739926338196,1.2250707149505615,-0.5972446203231812,0.42872801423072815
16.0,-1.319402813911438,0.7407217025756836,0.4262374937534332,0.648731529712677,-0.40440651774406433,0.7623688578605652
16.05,0.6765619516372681,1.1184900999069214,-0.4590504765510559,0.8024803400039673,-0.796390950679779,0.9029540419578552
16.1,-0.27047058939933777,-0.4196614623069763,0.24959851801395416,0.4686903655529022,-0.5222856998443604,0.6440107226371765
16.15,-0.2712041139602661,0.04400349408388138,-0.057716187089681625,0.381928950548172,-0.39443960785865784,0.5192477107048035
16.2,0.11996237933635712,-0.051349639892578125,0.0602932833135128,0.24716496467590332,-0.43442195653915405,0.49602559208869934
16.25,-0.755947470664978,-0.042942970991134644,-0.12348344922065735,-0.03980289399623871,-0.07590527087450027,0.20367488265037537
16.3,-0.574872612953186,-0.3128461241722107,0.005641777068376541,-0.15009522438049316,-0.06469962745904922,-0.01361699029803276
16.35,-0.2022327333688736,0.6748084425926208,0.4458993375301361,-0.18303868174552917,0.06007921323180199,-0.1993253529071808
16.4,-0.506815493106842,-0.14357753098011017,0.3309550881385803,-0.08597208559513092,0.05022706091403961,-0.18607819080352783
16.45,-0.11426985263824463,-0.06833168864250183,0.3798579275608063,-0.014442119747400284,-0.04817933961749077,-0.01876424439251423
16.5,-0.28380611538887024,0.1176757887005806,0.05908674746751785,0.012077146209776402,0.013339013792574406,-0.029644595459103584
16.55,-0.005988609045743942,0.03151416778564453,0.06616076827049255,-0.08888629078865051,0.11392001807689667,-0.10602486878633499
16.6,-0.38896363973617554,0.1918344497680664,0.023921478539705276,-0.10005871951580048,0.16379234194755554,-0.16532671451568604
16.65,-0.13185586035251617,0.21770477294921875,0.10683590173721313,-0.03405420854687691,0.0539596863090992,-0.10423476994037628
16.7,0.11173854023218155,0.21904848515987396,0.2930542230606079,-0.03521711006760597,0.03163126856088638,-0.08480823785066605
16.75,-0.28306034207344055,-0.34829041361808777,0.03432337939739227,-0.044233907014131546,0.04188352823257446,-0.06350832432508469
16.8,0.26891952753067017,-0.06791019439697266,0.06884709745645523,0.011933297850191593,-0.03535153344273567,-0.028352150693535805
16.85,-0.21168476343154907,0.108765609562397,0.12144341319799423,-0.05348613113164902,0.06295206397771835,-0.08094388991594315
16.9,-0.009158847853541374,0.00433445256203413,0.0645352303981781,-0.08472895622253418,0.048767659813165665,-0.06557237356901169
16.95,-0.010228820145130157,0.1130828857421875,0.170876607298851,-0.06848861277103424,0.03297729417681694,-0.06020189821720123
17.0,-0.32607388496398926,0.4472770690917969,0.2699088156223297,-0.06425545364618301,0.04416352137923241,-0.062032803893089294
17.05,-0.15938588976860046,0.0918588638305664,0.015491852536797523,-0.06224581599235535,0.025949537754058838,-0.03874107822775841
17.1,0.059847064316272736,-0.16826151311397552,0.0963541567325592,-0.03182722255587578,-0.008971648290753365,-0.012193536385893822
17.15,0.021647244691848755,0.17920206487178802,0.06598225980997086,-0.018636178225278854,-0.024880342185497284,0.01587541215121746
17.2,-0.22621943056583405,0.03514671325683594,-0.14421623945236206,-0.049254436045885086,0.023102372884750366,-0.014642425812780857
17.25,0.0643274188041687,0.22397325932979584,0.10604429244995117,-0.012768425047397614,0.011365889571607113,-0.03865444287657738
17.3,-0.056120920926332474,0.06945610046386719,0.10770425200462341,-0.03034142032265663,0.05246537923812866,-0.06265164166688919
17.35,0.0719088613986969,-0.04284191131591797,0.00562968710437417,-0.015901675447821617,0.01387204322963953,-0.006304228212684393
17.4,0.06842624396085739,0.2028951495885849,0.08670364320278168,0.009346485137939453,-0.013411578722298145,0.018496336415410042
17.45,0.02790358103811741,-0.09818839281797409,-0.03638814017176628,-0.0031220491509884596,9.223028609994799e-05,0.008570073172450066
17.5,0.09613097459077835,-0.1538381427526474,0.018929103389382362,0.013964292593300343,-0.012658599764108658,0.017514994367957115
17.55,0.005915527697652578,0.15005682408809662,-0.01545180194079876,0.03739743307232857,-0.016129687428474426,0.026249492540955544
17.6,-0.1269557774066925,-0.04546737298369408,-0.09261766821146011,0.014797925017774105,-0.010171306319534779,0.020956266671419144
17.65,0.10906659066677094,0.12007712572813034,0.06896229833364487,0.001477487850934267,-0.003911787178367376,-0.0017460632370784879
17.7,-0.09037505090236664,0.09245586395263672,0.041859786957502365,-0.004831989761441946,0.006169081665575504,-0.0019347717752680182
17.75,-0.011169523000717163,0.012989996932446957,-0.00443806080147624,0.005799751728773117,-0.003193753072991967,0.00373786105774343
17.8,-0.028058279305696487,0.10754679888486862,0.041078560054302216,0.0025390894152224064,-0.00862735603004694,0.0007550126756541431
17.85,-0.017384544014930725,0.10671519488096237,-0.04528404772281647,-0.004066821187734604,-0.011355108581483364,-0.00018492074741516262
17.9,-0.04445762187242508,0.04596805199980736,-0.04150862991809845,-0.01297297514975071,0.00040161487413570285,-0.008768783882260323
17.95,0.031122250482439995,0.028920168057084084,-0.047284647822380066,-0.008779186755418777,-0.011700051836669445,0.00043802359141409397
18.0,-0.028778115287423134,0.10389422625303268,-0.03636430576443672,-0.0002890093019232154,-0.01154861319810152,0.004151527304202318
18.05,-0.021799778565764427,0.07151030749082565,0.02132335677742958,-0.009076284244656563,-0.007509974762797356,0.0018673199228942394
18.1,0.01565755158662796,0.03231906145811081,-0.0903255045413971,-0.01405381876975298,-0.019195249304175377,0.005917427130043507
18.15,-0.03892499953508377,0.10312747210264206,-0.06114957109093666,-0.003537501208484173,-0.016283711418509483,0.0010360373416915536
18.2,0.0025119539350271225,0.06044101342558861,0.03305256739258766,-0.020751306787133217,0.0005688361707143486,-0.016335057094693184
18.25,-0.037831615656614304,0.05599498376250267,-0.060566361993551254,-0.023602547124028206,0.0010846233926713467,-0.009930580854415894
18.3,0.013622075319290161,0.019520755857229233,-0.05008366331458092,-0.021988876163959503,-0.005743049085140228,-0.011624139733612537
18.35,0.010426986031234264,0.08504008501768112,-0.006162597332149744,-0.016281552612781525,-0.005066488403826952,-0.012300167232751846
18.4,-0.021371128037571907,0.17102907598018646,-0.017752494663000107,-0.011920342221856117,-0.007465713191777468,-0.007325790822505951
18.45,-0.05430131033062935,0.1284150928258896,-0.05693900212645531,-0.01917557418346405,8.470835018670186e-05,-0.011154988780617714
18.5,-0.02656174823641777,0.1537914127111435,-0.0435958132147789,-0.01594490185379982,0.00018901318253483623,-0.008499094285070896
18.55,-0.04401913285255432,0.12976644933223724,-0.007409278769046068,-0.022785095497965813,0.00790947675704956,-0.010122714564204216
18.6,-0.03919186815619469,0.10180377215147018,-0.0873664915561676,-0.008404254913330078,-0.0027958210557699203,-0.004440858028829098
18.65,0.0058716461062431335,0.1007528230547905,-0.0450875461101532,-0.008127163164317608,-0.0053894659504294395,-0.0030718266498297453
18.7,-0.01737719215452671,0.08854197710752487,-0.06755445152521133,-0.005930542945861816,-0.009368146769702435,0.0030147195793688297
18.75,0.010944066569209099,0.14910028874874115,-0.016539104282855988,-0.009600157849490643,-0.002463060664013028,-0.002839501714333892
18.8,-0.08283635228872299,0.02214527130126953,-0.03588108345866203,-0.017356758937239647,0.001212117145769298,-0.0058967615477740765
18.85,-0.023690136149525642,0.2300119251012802,-0.024730324745178223,0.0009102723561227322,-0.023555230349302292,0.012074500322341919
18.9,0.009431380778551102,0.063963882625103,-0.0790332481265068,-0.02027677372097969,0.002321431180462241,-0.010353186167776585
18.95,0.013957884162664413,0.018852226436138153,-0.13541439175605774,-0.009306194260716438,-0.006242698058485985,-0.004559540655463934
19.0,-0.028743576258420944,0.10333537310361862,-0.04853881150484085,-0.006014570128172636,-0.002729083178564906,-0.008737101219594479
19.05,0.028715047985315323,-0.01872730627655983,-0.09807990491390228,-0.009619185701012611,0.000558332831133157,-0.006936932448297739
19.1,0.07331064343452454,0.03203104808926582,-0.11746616661548615,-0.012003162875771523,0.0034346876200288534,-0.0036442524287849665
19.15,-0.015890834853053093,0.1697854846715927,-0.05149794742465019,-0.004122897982597351,0.0009230492869392037,-0.002888477873057127
19.2,-0.09425604343414307,0.09093760699033737,-0.07440494000911713,-0.02701491303741932,0.023045914247632027,-0.016361556947231293
19.25,0.01633814536035061,0.061589233577251434,-0.04801880940794945,-0.01837032288312912,0.008124670013785362,-0.010098014026880264
19.3,0.007470104843378067,0.06114768236875534,-0.12392532825469971,-0.016066834330558777,0.005334245972335339,-0.005225148051977158
19.35,-0.03249822556972504,0.0528564378619194,-0.10272882878780365,-0.02488309144973755,0.004463893361389637,-0.01437733881175518
19.4,0.006041906774044037,0.029063215479254723,-0.1550597846508026,-0.05971754714846611,0.03242376074194908,-0.03526824712753296
19.45,-0.006162822246551514,0.06087969243526459,-0.27801513671875,-0.09901425242424011,0.05242759734392166,-0.05251825228333473
19.5,-0.08722098916769028,0.1918916404247284,-0.309527188539505,-0.1670060157775879,0.09287014603614807,-0.10193357616662979
19.55,-0.29559028148651123,0.245695099234581,-0.41888272762298584,-0.20574024319648743,0.19703561067581177,-0.2063559591770172
19.6,0.04104334115982056,-0.4336080551147461,-0.9421650171279907,-0.14795264601707458,0.37566328048706055,-0.4127681255340576
19.65,0.27331238985061646,-0.7587947845458984,-1.42261803150177,-0.15046703815460205,0.777795135974884,-0.8936809301376343
19.7,-0.06127208471298218,-1.65423583984375,-1.6617324352264404,-0.185677170753479,1.1988747119903564,-1.3066513538360596
19.75,-0.376015305519104,-1.425551414489746,-1.916662573814392,-0.0124855637550354,1.6527901887893677,-1.7637075185775757
19.8,-0.9743412733078003,-0.680668830871582,-1.809728741645813,0.10443353652954102,2.1878554821014404,-2.134068727493286
19.85,-0.3921186327934265,1.3678911924362183,0.019970200955867767,0.3611729145050049,2.2918403148651123,-2.096604108810425
