Time [s],Anterior(+)/posterior(-) tilt,Lateral tilt left(-)/right(+),Rotation left(+)/right(-)
0.0,-1.9377369868548835,0.6928655914205223,-0.6832624668448417
0.025,-1.9767579620376954,0.688974732533945,-0.6879087976643831
0.05,-2.021397122519533,0.6785525533928184,-0.685237413696563
0.075,-2.055516560943083,0.660121451332037,-0.6712569305963282
0.1,-2.084211677860661,0.6363160650809548,-0.6496166966259188
0.125,-2.114710261293435,0.6123501027462537,-0.6232512864694856
0.15,-2.1498152687832053,0.5931285053623748,-0.5964712972115648
0.175,-2.1879198945074565,0.5795156588476984,-0.5734820085071448
0.2,-2.2243029192599453,0.5716371380592693,-0.561468806452001
0.225,-2.254962777145981,0.5673571448584123,-0.5580903056765035
0.25,-2.2815704758684907,0.5631774563372691,-0.5523406545250074
0.275,-2.3084106409588285,0.5618496600552532,-0.5524707075478198
0.3,-2.3245505253430125,0.5658987328211676,-0.552616565166071
0.325,-2.3297226274789415,0.5717052111760981,-0.5408188502615974
0.35,-2.326466696217105,0.5659104992192602,-0.5107293948690894
0.375,-2.3044160628327113,0.5478117894964717,-0.4718771708788113
0.4,-2.2600120955898166,0.5326505934811527,-0.4482154247473886
0.425,-2.2096122850824917,0.5268325882041667,-0.4436874031889302
0.45,-2.1822041562136993,0.526021159833385,-0.4462814499908521
0.475,-2.1937532946315654,0.5253514565985493,-0.446348347715043
0.5,-2.2330971979317047,0.5215853556005813,-0.44157175679146193
0.525,-2.2794918145647145,0.5090364623056516,-0.42802724374508455
0.55,-2.32218400866216,0.4908113347504009,-0.40572048667078536
0.575,-2.3588842196028272,0.4763568886751016,-0.38491483692962897
0.6,-2.3890828995060622,0.4596563222450083,-0.3613005231154592
0.625,-2.4147715126369222,0.43730665299480326,-0.3379285091928602
0.65,-2.446050143627257,0.4161651957598915,-0.32719107385649826
0.675,-2.4860270106086664,0.40298433028443353,-0.3310619204259235
0.7,-2.5283402083840545,0.3975717905830861,-0.33980498750496224
0.725,-2.561628091260951,0.3913248630857273,-0.33964279560915595
0.75,-2.5788942947498708,0.3765093597486165,-0.32420864479175016
0.775,-2.5772975133619775,0.3459469369485326,-0.2978194966106065
0.8,-2.5596535317135793,0.3008770548814929,-0.2718993921490725
0.825,-2.541933085073545,0.25981441089021173,-0.2578362376210159
0.85,-2.5258369712827218,0.21853150643417807,-0.2543389469672702
0.875,-2.509166921224422,0.1657186697507486,-0.25424452726844654
0.9,-2.4896387975065357,0.09738139320921008,-0.25136397911544206
0.925,-2.4624137616183717,0.0194583569744952,-0.24106167882688845
0.95,-2.4328268730942435,-0.06321509401180922,-0.21208651442800414
0.975,-2.407716819410291,-0.15503071034534308,-0.1657315897923734
1.0,-2.366888586958615,-0.2569131982183898,-0.1166804873598099
1.025,-2.31078464126397,-0.368315794768057,-0.07896556843750446
1.05,-2.2702885182263395,-0.5060533307490572,-0.04886765013041055
1.075,-2.2760714765525547,-0.6821927751675603,-0.011016262899689771
1.1,-2.3307228132784816,-0.8926071144489053,0.046015332554119624
1.125,-2.404267285966084,-1.1323503729332627,0.13173143899229972
1.15,-2.4862318173039912,-1.3897806253629699,0.23949700220300976
1.175,-2.5924993950709263,-1.6571169704242932,0.32493194446704066
1.2,-2.7092879866604105,-1.9487923681287374,0.3317172175846153
1.225,-2.7941995793698755,-2.216391314346589,0.204181222342444
1.25,-2.8441479771675553,-2.3863802269747905,-0.05929373290813886
1.275,-2.911202147802951,-2.4749102873182425,-0.3721434992968478
1.3,-2.9729482150881443,-2.549345427951968,-0.6176534064960509
1.325,-2.896273567474085,-2.682845377950134,-0.7302886513109866
1.35,-2.608105317765375,-2.9204451231882227,-0.6995885619633412
1.375,-2.1492377394607862,-3.2536578257028452,-0.5193958149556941
1.4,-1.6133804987439573,-3.6070750467907593,-0.16030283188413447
1.425,-1.0844021791900729,-3.861262070847581,0.4010298008457308
1.45,-0.6245798425958288,-3.945185267237442,1.156050365749128
1.475,-0.2287650760254867,-3.9165270446173412,2.0340615704079448
1.5,0.07699415439959441,-3.916507079487681,2.9559045523172918
1.525,0.18320012060378288,-4.078378076538272,3.936640451845807
1.55,0.13303207663385497,-4.410063623235153,4.9926026949531
1.575,0.05614445516400868,-4.7427867053165285,5.9868133077240415
1.6,-0.07799886135408088,-4.869933817117719,6.7142880859612095
1.625,-0.36546154177687973,-4.741983819925212,7.118708558114595
1.65,-0.7759185721267702,-4.503426530741264,7.416147058238006
1.675,-1.1595296724436865,-4.284134227562676,7.85142791348367
1.7,-1.4039659123762684,-4.136310791339597,8.498049472112996
1.725,-1.4165631388471935,-4.105331403466497,9.349544960506279
1.75,-1.1316860311890875,-4.138902732141563,10.36265143950942
1.775,-0.5812110024422943,-4.14324978952899,11.427023043637483
1.8,0.046977835009863946,-4.065560072732079,12.465108039010108
1.825,0.682490811626016,-3.925562968148998,13.49851387036459
1.85,1.406886348229404,-3.789006855206388,14.55076458759478
1.875,2.250093153658526,-3.6971904121704555,15.57664546629674
1.9,3.240318512478446,-3.593527279819421,16.428977423438077
1.925,4.143466555806346,-3.49177332943553,17.31188345983448
1.95,4.800022727929404,-3.4967627520208553,18.67300909115197
1.975,5.611984840955466,-3.7046422901141733,20.471945520662793
2.0,6.787198192047766,-4.184627772090359,22.106942982880142
2.025,8.11783263803665,-4.900023436916026,23.189305957097435
2.05,8.75870534724193,-5.701824544671371,23.906839458162697
2.075,8.73180460050499,-6.692205850893155,24.35831950576084
2.1,9.919433666473331,-8.216625570153703,24.578346083688825
2.125,12.579183785562522,-9.820102898150951,24.413224798112797
2.15,15.38738222091933,-10.489160479028847,23.563004118666107
2.175,17.3586795731842,-10.329161160032394,22.89464772410607
2.2,17.841205923892286,-9.527185046139234,22.81137135387961
2.225,17.23389005244963,-8.173482663064581,22.943839168434817
2.25,16.250212645781396,-6.667594343393653,23.206387310803734
2.275,15.285443014632733,-5.456135408693118,23.741930765490732
2.3,14.278194566970352,-4.49361063338958,24.3306121405604
2.325,13.129466519294109,-3.4429021617316677,24.715717311110993
2.35,11.909960918422732,-2.040410459040857,25.036725628406916
2.375,10.752339517787078,0.017717903459477935,25.31070839578914
2.4,9.726299758340955,2.705234738099388,25.26433842228159
2.425,8.869494856881555,5.605979093375704,24.6587782354844
2.45,8.302451269368275,8.353862898371965,23.563713847894107
2.475,7.926062070099606,10.553083652901746,22.47016093685474
2.5,7.588972803310699,12.05461652360037,21.854823143215334
2.525,7.313644599495566,13.195327773571947,21.830725368616196
2.55,6.959379422059767,14.35803819527516,22.25968527572755
2.575,6.220772057860975,15.452322253369747,23.083655228586643
2.6,5.17415031746132,16.08338917985731,24.261357788167704
2.625,4.265435647682389,16.037377900773933,25.50802890177665
2.65,3.5914682536694507,15.260034264280474,26.53113909237721
2.675,2.714119240394424,13.829651206745199,27.14335970666175
2.7,1.3481500410148153,12.102463373912757,27.24254074523381
2.725,-0.3232555328508177,10.57778955343981,26.844798821874548
2.75,-1.7912207388224497,9.567193237197843,26.128887008007815
2.775,-2.8100679237430533,9.097746100280983,25.288420463371207
2.8,-3.4731413046875868,9.03912675386049,24.392348944465027
2.825,-3.9863946387466167,9.161819915310799,23.436590955760437
2.85,-4.3342796263161105,9.21870392696085,22.3685347010748
2.875,-4.406319647186722,9.020619570954128,21.163347299688972
2.9,-4.233829914061494,8.44060702296994,19.904661645048435
2.925,-3.955971619868759,7.508088178359903,18.685490966939497
2.95,-3.683388301139598,6.363547466766058,17.435973691703246
2.975,-3.472774655859666,5.145493816687988,15.926138916440443
3.0,-3.4521392450721518,4.032493042698666,14.01644010036926
3.025,-3.6333746872369925,3.206737121744082,11.665235728005221
3.05,-3.7900635891787045,2.7295669849965813,8.884690082388548
3.075,-3.697829467971545,2.564078657675036,5.795001800899649
3.1,-3.45569003116646,2.670462848175213,2.6285010980010752
3.125,-3.283930919452205,2.951854995432519,-0.2726138341264792
3.15,-3.2644203987549796,3.2265618446851185,-2.481009889869981
3.175,-3.356674655713642,3.441935398735853,-3.821697351881496
3.2,-3.5063143500755585,3.602735773336875,-4.531656429815098
3.225,-3.6873304759427126,3.577366664081808,-5.118041886822551
3.25,-3.894506340359176,3.195256555525991,-6.032920712678274
3.275,-4.106500438457925,2.526752539376818,-7.497904496117391
3.3,-4.381325171591378,1.8930876980924118,-9.512510842804323
3.325,-4.864042890664284,1.5731598570989962,-11.991288322487744
3.35,-5.559210980405874,1.6637752844968436,-14.789770973618085
3.375,-6.2778392139484085,1.9954530144232232,-17.60621784875508
3.4,-6.683706807564332,2.171378797351912,-20.153134979348415
3.425,-6.620832338631398,1.809850895241967,-22.33562231520464
3.45,-6.224997811553906,0.8046714923140905,-24.271335476446875
3.475,-5.634234785537076,-0.6170603102855327,-26.15959343183077
3.5,-4.856010103774473,-2.0745406975634215,-28.228490602084847
3.525,-3.999063566650524,-3.3843311513893584,-30.61616891093084
3.55,-3.250390743259242,-4.585545098960039,-33.38988654187349
3.575,-2.782688416022997,-5.691297932433525,-36.56982890806601
3.6,-2.7453046094414635,-6.6659012290448265,-39.99226323009679
3.625,-3.315755142283832,-7.559090244942836,-43.41745309048499
3.65,-4.540378044692089,-8.510828286705298,-46.77787047893342
3.675,-6.08486731220805,-9.55849313923046,-50.07426827415611
3.7,-7.450140853088435,-10.581502457831876,-53.316312870962
3.725,-8.220719924933698,-11.449189976836788,-56.57464003433555
3.75,-8.242544822138962,-12.003147401061307,-59.81302363120069
3.775,-7.67920921016087,-12.100118149266674,-62.83798956166322
3.8,-6.930588807230452,-11.850048471590995,-65.61806659777488
3.825,-6.246864543147789,-11.55887718959275,-68.31994689022638
3.85,-5.549304815383651,-11.502158757860208,-71.03722684800633
3.875,-4.864822598219409,-11.735724908755838,-73.87172353878952
3.9,-4.410333451210379,-11.902344667293354,-76.89816936019874
3.925,-4.20499441781816,-11.360498260302068,-80.11369666118651
3.95,-3.948016300550312,-9.79307396221578,-83.47192006910701
3.975,-3.5689142573156545,-7.364764688586939,-86.93763310637692
4.0,-3.7096492673998123,-4.668194795801425,-90.56916464535038
4.025,-4.806391332028095,-2.3632335658648738,-94.31340977755279
4.05,-6.4876254731324305,-0.6368551688006439,-97.82153693661735
4.075,-7.92509451668882,0.8607274481335069,-100.63888435506063
4.1,-8.833938903910578,2.51258068814205,-102.68085556435076
4.125,-9.65470725192907,4.5392463556375775,-104.25187838680613
4.15,-10.748818213833973,7.319051802299314,-105.61612972877332
4.175,-12.226376449738156,11.017079939808093,-106.83100883246807
4.2,-14.211488869882952,15.220615944545255,-107.89965583730782
4.225,-16.76396890045322,19.21524174437504,-108.87731101080927
4.25,-19.6728537430157,22.40314382011373,-109.73792498474843
4.275,-22.61510702477618,24.63598487600864,-110.45117119791452
4.3,-25.532995047710237,26.124640247016018,-111.09729012066997
4.325,-28.637080889737305,27.019194367043237,-111.8134494575927
4.35,-31.802060984660727,27.40628095614942,-112.65209592503443
4.375,-34.573886811813246,27.230856549308307,-113.5639114852819
4.4,-36.620114237647314,26.365033986195613,-114.5167711143786
4.425,-38.09541468756576,24.77004580306066,-115.53095122020439
4.45,-39.30817900805559,22.42799095696211,-116.52786216509168
4.475,-40.23672642687451,19.389816717020878,-117.38959595215009
4.5,-40.4795976271543,15.742171359419476,-118.03499854511784
4.525,-39.63156454737421,11.471792427997503,-118.44729262531564
4.55,-37.68419553291606,6.642034174352639,-118.72153990039187
4.575,-34.895493478183546,1.5138035208023357,-118.97415693054307
4.6,-31.6816548614469,-3.634456793119646,-119.26181523903361
4.625,-28.37181118771563,-8.5220390878909,-119.58451402596964
4.65,-25.14400523892032,-12.934160176730039,-119.94245143922073
4.675,-21.956489293122857,-16.846036080234377,-120.37464038742122
4.7,-18.49258365247891,-20.546950648706694,-120.88483600180159
4.725,-14.619597014852332,-24.228028901780206,-121.478605354489
4.75,-10.466520084321564,-27.80592163947204,-122.08852944470577
4.775,-6.399506285455768,-30.94667010468459,-122.65764480404397
4.8,-2.8386221034397785,-33.380109096926375,-123.21662330775091
4.825,0.33657025655229794,-35.33186321127862,-123.71376185543005
4.85,3.7315980229042727,-37.22720581464881,-123.98925879362052
4.875,7.5043049217519915,-39.323732786124246,-123.93721477482369
4.9,11.377760913951702,-41.523565652786566,-123.5260008506553
4.925,15.054254262351755,-43.49594369246287,-122.77184633559935
4.95,18.352109956739202,-45.02548492345213,-121.75321672024035
4.975,21.25304132583519,-46.223383199869915,-120.59483447348558
5.0,23.686323520545876,-47.304807458877235,-119.39328857391514
5.025,25.643773010952323,-48.20795306136706,-118.20973812899582
5.05,27.58358259832865,-48.39186162578032,-117.00644931239817
5.075,30.140179414756343,-47.29916320616201,-115.71841187342712
5.1,33.39763872579083,-44.92770603944912,-114.28574361788199
5.125,36.95309667836262,-41.70294923975411,-112.5645327487706
5.15,40.47760494582375,-37.99855351018438,-110.63766551301441
5.175,43.609979305113654,-34.06819593802182,-108.83236933212362
5.2,45.906993275027105,-29.95843468386978,-107.30111707799679
5.225,47.26905822798933,-25.590030502849686,-106.01409605290247
5.25,48.095188059519046,-20.882145306030658,-104.95950561649236
5.275,48.44525390429895,-16.217181781495167,-104.04729612118015
5.3,47.75205744778971,-12.18541160489218,-103.10371191305391
5.325,45.73289216302341,-8.61262773777027,-101.89846191086465
5.35,42.77750354866518,-4.735996086310234,-100.20327783455268
5.375,39.34256186882016,-0.19077403408835353,-98.03768852571231
5.4,35.84359221788029,4.863870933323852,-95.63497957472522
5.425,32.55237300943125,9.91571655872538,-93.05986491677834
5.45,29.176598514847207,14.278729019983945,-90.2448310582828
5.475,25.47912382869943,17.68068312487254,-87.2083048143633
5.5,22.025639460744507,20.353394001636552,-83.86508310776063
5.525,19.553691801613784,22.531097065551165,-80.2099649385997
5.55,17.794468657972462,23.927648932307942,-76.5474352877511
5.575,16.05207683304291,24.41263420633879,-73.1828851021631
5.6,14.064799300320418,24.300231352582184,-70.15152982709611
5.625,11.808282484836129,23.831358046640155,-67.38211546296829
5.65,9.321626709600812,23.288898850484053,-64.91636204437157
5.675,6.763578690968913,22.82807160038773,-62.77516715251436
5.7,4.328099150391959,22.268808761037064,-60.7498641947885
5.725,2.0716586492476727,21.4572617455853,-58.574481751196856
5.75,0.19519090235824757,20.50811027230358,-56.172843856426944
5.775,-1.1351162424365135,19.609756231218398,-53.719488264149156
5.8,-1.894988197705438,18.97251811167044,-51.45456245042509
5.825,-2.3071530804300133,18.72013075444471,-49.601281057917305
5.85,-2.803379628306452,18.772095865179732,-48.306032333786604
5.875,-3.6216214724194313,18.890454108115705,-47.479420176912825
5.9,-4.808578285103043,18.863484162580782,-46.81728701228492
5.925,-6.267821356484676,18.751712408421287,-46.05697004263981
5.95,-7.5928571025120375,18.628591022693428,-45.04879973293331
5.975,-8.331072256108401,18.333641719518322,-43.805328299108545
6.0,-8.252875665888972,17.65921000337924,-42.41793366872949
6.025,-7.43505922692756,16.65111142256597,-40.93619988984048
6.05,-5.960327619739946,15.715516330286762,-39.448484546350215
6.075,-4.04598905641622,15.155226973907787,-38.09409544778708
6.1,-2.289952877323263,14.809286018171475,-37.03501707001065
6.125,-1.2039317426306853,14.620929435765746,-36.53543637921596
6.15,-1.1014513718712566,14.500021475918288,-36.50832445573318
6.175,-1.5058932918465218,14.171335519233809,-36.42223943984997
6.2,-1.924225348877807,13.58482481543004,-35.9403337425322
6.225,-2.2334883869456252,12.80769018243835,-34.5881936770113
6.25,-2.342176171619971,11.64774323659065,-31.601982430491347
6.275,-2.021582290550042,9.924518291582157,-27.163665964253955
6.3,-1.075597837479598,7.790382657193127,-22.783679960477823
6.325,0.06140908252768014,5.582868322556968,-19.80164959702
6.35,0.9465233750954452,3.553036633050518,-18.225591980559308
6.375,1.9063019702391193,2.046522370882252,-17.270951810774953
6.4,2.920876094421454,1.1534612276549265,-16.282872184468964
6.425,3.450623403077398,0.6112734669079753,-15.304688968485051
6.45,3.443055301289427,0.006566655682683491,-14.582574731326826
6.475,3.3130148151240935,-0.9390857879732593,-14.26458017303684
6.5,3.079379689928437,-2.0379034607797,-14.580501544198375
6.525,3.111778428913032,-3.1508693720348226,-15.260944853743284
6.55,3.9367327186132224,-4.538902775897706,-15.628908867660984
6.575,4.8822498762653765,-6.459539241832359,-15.416077402076418
6.6,4.995168492740151,-8.751645619265506,-14.802892443222138
6.625,4.186718171242413,-10.972301832744495,-14.050033202263204
6.65,3.0393262319749317,-12.864583396084962,-13.184520494973079
6.675,2.0305634287094647,-14.2324850194601,-12.22047920518641
6.7,1.1182923599071757,-14.986697206509293,-11.197630020769736
6.725,0.12887572583900656,-15.175221131681734,-10.04289076015586
6.75,-1.1997642053581747,-14.870101444503746,-8.56753353979604
6.775,-2.8439028508436683,-14.185865200411744,-6.5425075699711455
6.8,-4.04455006838004,-13.38791607886693,-3.970477563808632
6.825,-4.3590523262201595,-12.828586652487195,-1.1409798915340172
6.85,-4.067229781333456,-12.74584305180023,1.7217866003025168
6.875,-3.715809189486472,-13.068889212603223,4.618446408318676
6.9,-3.5683530768760754,-13.424456439677183,7.488945601413344
6.925,-3.4792597986315186,-13.418437051121465,10.138058540848895
6.95,-3.1488424469455247,-12.966317173289646,12.44679875415077
6.975,-2.3779652746307085,-12.28426242725915,14.564941378990913
7.0,-1.3552854965164223,-11.511158661957941,16.811986318217
7.025,-0.1764656380016315,-10.707191712401215,19.564023781719428
7.05,1.235448292436894,-9.797526543662638,22.759769156632522
7.075,2.799636359329044,-8.450973882145515,25.858846885839473
7.1,4.430589662322098,-6.71348422494453,28.646772984349038
7.125,6.064347050535694,-5.468833312656725,31.335020554680955
7.15,7.471503359580509,-5.360821196521549,33.63275220329291
7.175,8.27130553326143,-5.933830371828175,34.82489908001471
7.2,8.201486860289483,-6.272126188748939,34.72272368789567
7.225,7.288480859588291,-5.937372448780336,33.931074073520485
7.25,5.9610386249473555,-5.050670897104989,32.94911281576586
7.275,4.339001729633183,-3.89254659376758,31.89805698094905
7.3,2.4200370561512097,-2.819630744719224,30.823978148574447
7.325,0.6943450127174805,-2.2204641009170025,29.70704770369262
7.35,-0.1566077157129321,-2.3399154527014154,28.611647567715284
7.375,0.08023890995987532,-3.076179250743491,27.79848400096337
7.4,0.7854199491618398,-3.934218467984856,27.516868331122904
7.425,1.1989804558617059,-4.405745601614953,27.74901903245505
7.45,1.070100388779183,-4.205395441010482,28.28794092169169
7.475,0.6197349888799921,-3.299787433881002,29.01328261680618
7.5,-0.06335635127167508,-1.922943073368654,29.99583447918067
7.525,-0.8305441610664583,-0.5125627569493192,31.195567389549208
7.55,-1.249124294387032,0.5165546974454679,32.53376465808607
7.575,-1.0099886889464047,0.9132164438602053,34.179139254371144
7.6,-0.27079328659587965,0.7712627577584495,36.09051752912281
7.625,0.5785622422670971,0.52523012152208,37.911429801846985
7.65,1.1584972748850315,0.5439812578023101,39.42807525741173
7.675,1.057061840450234,1.030689950880014,40.616145536601685
7.7,0.15688634990895,1.9716738198077746,41.457858227704534
7.725,-1.2536611284174592,3.0493217075594337,42.12896478997791
7.75,-2.9775843133953064,3.9780008542144745,42.99689724647648
7.775,-4.596050799814834,4.669280045294157,44.0965990020117
7.8,-5.659027219785041,4.9754047330202775,45.33756360457879
7.825,-6.119742475889724,4.817954570636757,46.67871125478608
7.85,-6.046446022778,4.25462283279313,48.05891963101714
7.875,-5.66137694554684,3.3270878338409107,49.534412125353875
7.9,-5.195718351330978,2.110495439113989,51.2437631088042
7.925,-4.80487960236392,1.1001280934163884,53.36582851779824
7.95,-4.777207946240371,0.8077051438513485,56.152271784215
7.975,-4.64074032284123,0.8158412556583352,59.38111095492182
8.0,-4.125558101499923,0.5449980755557532,62.19261073272581
8.025,-4.442396271558095,0.05438355678805505,64.07147608489831
8.05,-6.235334705871489,-0.2700840315807508,65.01240942950594
8.075,-8.712961409491957,-0.28351656339278275,65.10465989584516
8.1,-10.972439842126882,0.03149889932959798,64.50333338766634
8.125,-12.590165949925117,0.4839936131621222,63.579093780099754
8.15,-12.926476822086222,0.41807120976796447,62.743541996927384
8.175,-11.687697188045341,-0.14832846999702326,62.1274178677414
8.2,-9.77339836302799,-0.356348901595585,61.54214257077865
8.225,-8.271715987848129,0.3297274390148895,60.760786815242234
8.25,-7.370757976252955,1.3854652978898327,59.92568926399458
8.275,-6.722056127536097,1.8439346834266737,59.31033861432314
8.3,-6.0794068674476,1.7320445136342542,58.730787930723785
8.325,-5.475760021913349,1.771991180444236,57.820140334367615
8.35,-5.1975473602489775,2.2936648544033016,56.53098565425541
8.375,-5.32072647186559,2.9843227613273906,55.20777530519965
8.4,-5.4970289305338955,3.53916288816968,54.0773305372229
8.425,-5.53080499263254,3.8825550222409637,53.231865622679976
8.45,-5.4388733185680795,3.90801835160991,52.72115044420027
8.475,-5.277445770002415,3.7453428591885993,52.34395393258061
8.5,-5.27082502365398,3.7469489090968597,51.93849437739446
8.525,-5.769548762777048,4.358330820991292,51.62635636795541
8.55,-6.602761577572314,5.855589821048735,51.28681972128488
8.575,-7.288726123046051,7.8876921007386676,50.69430000648446
8.6,-7.800769788212913,9.780447000426493,49.8890317023655
8.625,-8.37219632179562,11.023804592798102,49.172195789813145
8.65,-8.748530665553119,11.279382611500138,48.96428278468268
8.675,-8.29754459743499,10.465713852580633,49.31376357903498
8.7,-7.113459628947872,8.929162982952413,49.80045098457951
8.725,-6.118219280870404,7.375560752307239,49.97999515661455
8.75,-6.2535505048929,6.328226978045146,49.784199110005204
8.775,-7.848464163288614,5.58953249532995,49.73247752167906
8.8,-10.096756490229597,4.657636742232171,50.05072029950294
8.825,-11.97312963505404,3.6699715110967297,50.29123250126932
8.85,-13.11509574806953,2.9786538771752524,50.3610754965873
8.875,-13.817276441718791,2.587086666797228,50.4623144235731
8.9,-14.638956016056454,2.5153352376931646,50.53064736230058
8.925,-15.668194555041937,3.012003009071197,50.28626729889651
8.95,-16.51542247452172,4.205695833665427,49.48863307506687
8.975,-17.29225651179625,6.136473450557678,48.18725422652698
9.0,-18.54627542590661,8.577674176853844,46.877526313532975
9.025,-19.65189676467933,10.905358849747381,45.82760915128396
9.05,-19.719476588120564,12.658337578356802,44.96838556987643
9.075,-18.45881729450132,13.521874074623216,44.27055131329019
9.1,-16.213556916759195,13.395625747010854,43.900233817530776
9.125,-13.675349054823824,12.761122552442313,43.874368988473165
9.15,-11.506472330503158,12.388030902103246,43.843978611441244
9.175,-10.191069692494846,12.670917138225956,43.6043343889743
9.2,-9.880916281409862,13.41915104595072,43.63103375146005
9.225,-10.159787025255229,13.972480792026579,44.34827805266193
9.25,-10.25664396363048,14.010511744478677,45.419939658082356
9.275,-9.597871626635808,13.72933046153691,46.320725904020875
9.3,-7.98235261970201,13.502259149081384,46.90884735709159
9.325,-5.714827637831419,13.661175387810735,47.22827538444636
9.35,-3.642558405177442,14.308752325885079,47.35970068135515
9.375,-2.3227446392824094,15.216844800328708,47.69961190597413
9.4,-1.6004778466303473,15.794422708551487,49.036332437108534
9.425,-1.0738045919907453,15.526190105678706,51.46636245348508
9.45,-0.3509078419475506,14.61323775472927,53.961561355514604
9.475,0.21102636597722102,13.698462056839196,55.627654663067396
9.5,0.33438259393533504,12.523380982218896,56.81638473469695
9.525,0.1942007223178483,10.656515277253634,58.126050412240446
9.55,0.04297726446808493,8.791299517382589,59.174124140517804
9.575,0.10708489639259407,8.000563143339377,59.10830650568869
9.6,0.5357482418039812,8.386401667670913,57.5895485232824
9.625,1.2095546952602294,9.382828540940984,55.01107542583329
9.65,1.7066448210542644,10.476550471737335,52.17870169647365
9.675,2.188363104413978,11.115226965640517,49.6507262423462
9.7,2.8864129686018987,11.024311562221447,47.528703412254
9.725,3.648197483896594,10.380065366739789,45.572426634611055
9.75,4.391662954887988,9.453317522729707,43.46254973131907
9.775,5.1231182637356385,8.350971951903597,41.08931023998931
9.8,5.82241396560059,7.118187939580223,38.460270904960915
9.825,6.364834152638415,5.939444042166952,35.47193854979152
9.85,6.614747499682366,4.979735812679797,32.010694262720705
9.875,6.581940571405423,4.191564608081663,28.13475699898226
9.9,6.428066885699037,3.360778331102878,24.021632713151938
9.925,6.31235393581785,2.2856053147765576,19.765292156057058
9.95,6.158473354199296,1.0043078957186047,15.284712763565762
9.975,5.60574577698533,-0.17157616030680314,10.418931699885583
10.0,4.335073560832774,-0.9035158648109021,5.068167749554874
10.025,2.4280250135050574,-1.1362351202408656,-0.5982773970572505
10.05,0.34715847145446543,-1.1076062146475045,-6.265524792534519
10.075,-1.7474383073726782,-1.1528855028319984,-11.724706143827186
10.1,-4.076901595397087,-1.470992307294509,-16.918003453993226
10.125,-6.32330611551984,-2.132481356265571,-21.793377621643867
10.15,-7.800931407351379,-3.0992592692476824,-26.32021134938045
10.175,-8.262845780936322,-4.0120975005277755,-30.654016929307797
10.2,-8.449255976823977,-4.715811314102824,-34.83390385066884
10.225,-9.398670445896041,-5.797677272317197,-38.420010610068225
10.25,-11.092239767352089,-7.780298436084977,-41.11583858170942
10.275,-12.706915271719156,-10.136156795722451,-43.47337317201895
10.3,-13.668135169724733,-11.84873421695667,-46.292429685925526
10.325,-13.62946378601684,-12.477825388457562,-49.615965331915234
10.35,-12.910835080485414,-12.4404450412549,-52.952345537143344
10.375,-12.59240788275057,-12.566565082800922,-55.99125433390472
10.4,-13.097433416043613,-13.370063500316588,-58.70571396557021
10.425,-13.773306012605698,-14.732542087610215,-61.18896230119711
10.45,-13.92737159006441,-16.073730293933803,-63.581228865509495
10.475,-13.499769426435,-16.90256247930441,-66.02402909475505
10.5,-12.856792388224365,-17.29914570210151,-68.56228288772198
10.525,-12.148497925194857,-17.47578840588143,-71.1895400326743
10.55,-11.263636684466425,-17.49507471919618,-73.93265879655885
10.575,-10.15014131456784,-17.443503133704862,-76.84030288941824
10.6,-8.977108864116778,-17.339099527235984,-79.92888285878469
10.625,-7.891791645266588,-17.02815872541733,-83.13724346123082
10.65,-6.845861853710599,-16.42081138634835,-86.32813170066704
10.675,-5.669812720516018,-15.431993274536596,-89.36512640851372
10.7,-4.2832790476401374,-14.129599982375282,-92.15764979504809
10.725,-2.9504445571799947,-12.816496451754297,-94.78402754914882
10.75,-1.8728198311170305,-11.708133394447243,-97.22022404279713
10.775,-0.8211484203227203,-10.504469889579436,-99.25037042374295
10.8,0.07014211617369606,-8.846130952639262,-100.9031362325702
10.825,0.5507192046279809,-7.113634319442273,-102.22049550457622
10.85,0.936373096646234,-5.941763227679392,-103.1783268689565
10.875,1.487716345989376,-5.69995156602419,-103.95738578544312
10.9,1.8566301340117253,-6.461728577590732,-104.82957865023504
10.925,1.6878861295650922,-7.852610298602654,-105.8198484081777
10.95,0.9143426490530802,-9.696644699533538,-106.7520196136002
10.975,-0.5881374058950009,-12.745552364993474,-107.44329091308802
11.0,-2.729086400890245,-17.562328935545466,-107.8066405331731
11.025,-4.577769494192115,-23.188086038194918,-107.70268284657398
11.05,-4.89114621694307,-27.89533857544973,-106.8767717755722
11.075,-3.172055818233727,-30.841819881542325,-105.44502817127079
11.1,-0.35334115816684813,-32.45757467308477,-104.05729265098343
11.125,2.0534870728614294,-33.220284129941966,-103.36254454327545
11.15,3.187739212451345,-32.960294842788755,-103.48262561257147
11.175,3.0222249777530714,-31.569723189693555,-104.08179080030183
11.2,2.088990318613393,-29.419168244172997,-104.71893865544783
11.225,1.1734097081059298,-27.18294056757379,-105.05031732625457
11.25,0.7523092878108986,-25.54204411315897,-104.93040731693222
11.275,0.804403728383074,-24.77865729684841,-104.35664911034685
11.3,1.1215858572978847,-24.540186465218618,-103.43927713110548
11.325,1.401054850205894,-24.191773126119724,-102.38437663454661
11.35,1.3472935745921115,-23.455781172891612,-101.3916444747333
11.375,0.9772134377291938,-22.384543577344786,-100.53111813668455
11.4,0.530751818782507,-21.072171492643538,-99.70731450118586
11.425,0.16667899070821882,-19.6177368881923,-98.74691231843259
11.45,-0.14209003741366413,-18.23160244211495,-97.57801923021495
11.475,-0.41633838882661217,-17.173810583605608,-96.1567176067507
11.5,-0.6084093518922925,-16.581730751640478,-94.34961849974866
11.525,-0.7573293469886828,-16.43563953843435,-92.10813731451931
11.55,-0.9093203738041575,-16.641333155437522,-89.58794027661105
11.575,-1.1341917822576966,-17.120735699948764,-86.9900811659728
11.6,-1.486176535690753,-17.66851708370253,-84.36745102216534
11.625,-2.049979604128483,-18.045425780174213,-81.63038052300067
11.65,-2.734277906930392,-18.235584116563793,-78.69225172455442
11.675,-3.130651315821033,-18.248517481473,-75.6334893984379
11.7,-2.8484292454238376,-18.09764849352934,-72.61340615267868
11.725,-1.7789698585053362,-17.94997503021782,-69.7572120881018
11.75,-0.2503582612298367,-18.04679720111451,-67.26442770782884
11.775,1.196377259697374,-18.23329529507629,-65.40110078865372
11.8,2.350150784950022,-17.985057440339695,-63.965139683937984
11.825,3.6946048773172904,-16.890282203777435,-62.21094782361305
11.85,5.452179934422638,-14.670603854067458,-59.99382652826156
11.875,7.121373867239897,-11.341474314656187,-57.90502821863102
11.9,8.52875719348485,-7.710176916358884,-55.93088104360144
11.925,10.078676386495074,-4.65944799063662,-53.73452903249609
11.95,11.537245781233857,-2.5171306326563596,-51.3591568717519
11.975,12.542526980978831,-1.353720168525566,-48.524306138467416
12.0,13.275319817251887,-0.8437623940723077,-44.666073622631465
12.025,13.977074719347966,-0.3499369246488929,-39.97778725136338
12.05,14.56957043950767,0.23227467621364603,-35.04966043807674
12.075,14.715921819736097,0.6322842747172431,-30.44273603611165
12.1,14.060190357142275,0.6885600246673625,-26.592392768030106
12.125,12.540508187872614,0.5943772120029394,-23.66347208630986
12.15,10.502172111826912,0.6136579744460033,-21.41836195106177
12.175,8.412180911590848,0.7740859091411758,-19.521117678250246
12.2,6.6621633457603355,0.9443626742773126,-17.858447491382613
12.225,5.428023998683605,1.0673629697926736,-16.591746331042575
12.25,4.553522517559664,1.1134843324110728,-15.918152704205779
12.275,3.799585185213407,1.023691705250567,-15.738917094101499
12.3,3.1235278724064073,0.8948372157381314,-15.78244042548283
12.325,2.588841844353742,0.9140010357081763,-15.895218845200773
12.35,2.210883456273182,1.25118073038325,-16.1301452756051
12.375,1.761236234474822,2.0186414506713533,-16.672997296362613
12.4,1.1881909804291504,3.1227392694641414,-17.590888973884816
12.425,0.7878739922308909,4.147246346687442,-18.577035624560843
12.45,0.7270718762658063,4.669681163990769,-19.11641122537918
12.475,0.9015080578757122,4.687156600360257,-18.97749787641951
12.5,1.1476109121683342,4.59666104470982,-18.424852799022595
12.525,1.365051025674904,4.778155229451104,-17.86166703766197
12.55,1.5420285727131875,5.449282622215837,-17.461467233215284
12.575,1.5652546150362,6.746983220588933,-17.18971725615589
12.6,1.2654669963445464,8.348898206146346,-16.803212868813716
12.625,0.7190387361431692,9.55086982158079,-16.04156736412101
12.65,-0.10528200745008086,10.147323956671373,-15.05133333503198
12.675,-1.201118921974058,10.337862954494105,-14.094206782862289
12.7,-2.1526609365099234,10.087315440748991,-13.197571457872044
12.725,-2.4674027043399263,9.330551251968147,-12.327117332533973
12.75,-2.1766975473420866,8.274446821743517,-11.41559926897172
12.775,-1.6445294736040383,7.096415808502867,-10.178943708837682
12.8,-1.1635770187926866,5.553943655307331,-8.178850712817217
12.825,-0.584001950900584,3.277380105174993,-5.2252240028019665
12.85,0.31240052653433154,0.5163604438227122,-1.8966331997566124
12.875,1.1154279625894683,-2.200534890559825,0.9144829432857726
12.9,1.568302702645932,-5.067635128290791,3.3612538632038382
12.925,1.992492034725984,-8.522116150566289,6.095928652928679
12.95,2.6179202858590904,-12.525051225541725,9.134265042123255
12.975,3.259532548778695,-16.548421720637688,12.00142838596376
13.0,3.5347348901886932,-20.00287616949674,14.458302091844748
13.025,3.2942659249370854,-22.645847522711545,16.584668770394334
13.05,2.692465150268652,-24.5822908012876,18.3865425044777
13.075,1.9965547370500176,-25.889697098826677,19.763983470359577
13.1,1.478904901167156,-26.70192321499507,20.929992117992956
13.125,1.279598262169334,-27.207947629085613,22.243041206348664
13.15,1.0262217549951722,-27.403975660888765,23.902194970358643
13.175,0.36296583700655455,-27.233596322193495,26.09064785920545
13.2,-0.5202698832968515,-26.782589378017967,28.905960221597812
13.225,-1.2677517429412657,-26.198377306826696,32.20303091021224
13.25,-1.61394497478722,-25.5830995432072,35.64524255484919
13.275,-1.4532476556840257,-24.98990232048032,38.947103199722164
13.3,-1.0384132008118787,-24.375924877317253,41.916260304380664
13.325,-0.9342940336758655,-23.59494016312816,44.44162713616533
13.35,-1.5480427889732247,-22.50324489352936,46.51501586839857
13.375,-2.7771569199970036,-21.009628149720566,48.13023165309533
13.4,-4.2510656665371735,-19.150258424252595,49.316184962291736
13.425,-5.669623630865659,-17.178807458875294,50.3629979405114
13.45,-6.757503230780262,-15.437491629343937,51.620746187154865
13.475,-7.444944548906974,-14.068355206124332,53.13152449894686
13.5,-7.853845499990654,-13.11247331221519,54.75735886233043
13.525,-8.217443499320456,-12.585004153907745,56.414474476910456
13.55,-8.595840031574497,-12.31569017185304,57.930514048750275
13.575,-8.84142255214278,-12.061630663827804,59.14274958412307
13.6,-8.94024909185186,-11.670469143230415,60.11148716841875
13.625,-9.022068156364119,-11.076257577780957,60.98701304482224
13.65,-9.26762444115491,-10.220068338596406,61.7841149804583
13.675,-9.708805100073935,-9.091755684095958,62.40388935361539
13.7,-10.188531956225859,-7.721154715812191,62.66830914676605
13.725,-10.412577541701076,-6.195158109137213,62.3470443916816
13.75,-9.835829250419147,-4.702448827118571,61.45905690466824
13.775,-8.241341392590444,-3.4360303045480536,60.45203076452228
13.8,-6.0435959895057385,-2.7258408341651026,59.8408041528261
13.825,-4.011661396145197,-2.704146734748451,59.62676484919127
13.85,-2.6071300721273905,-3.104314013713808,59.395392941461466
13.875,-1.7894710643510412,-3.293375736111884,59.10943689143668
13.9,-1.5562808184433115,-2.5670958892848303,59.29539599053596
13.925,-1.7013453070397295,-1.2292686384678562,60.299536723100886
13.95,-1.8385320022365987,-0.09424394253532284,61.54424178853752
13.975,-2.168578658732112,0.9349394773979557,62.104587095145796
14.0,-2.797957103419661,1.8676946031724677,61.842429552619144
14.025,-3.504137414933036,2.587594356346359,60.969904708380376
14.05,-4.375820907259364,3.529393357778993,59.57034657180582
14.075,-5.325950491398046,4.894417033024501,57.74813515772651
14.1,-6.152564326024257,6.446860832762196,55.68855866335912
14.125,-6.922020510452578,7.903331849611267,53.73096168697225
14.15,-7.6581292909871435,9.117663592016386,52.240332049674414
14.175,-8.00449006144903,9.932753246514736,51.39496814511278
14.2,-7.569753155522163,10.129834065004422,51.14698518945402
14.225,-6.290356322808588,9.680671747063943,51.260445262494194
14.25,-4.474407525855034,8.787913630982217,51.54284291726591
14.275,-2.780680506427783,7.792288373511415,51.96692163681003
14.3,-1.7347762684258434,6.994577217976793,52.498451348570185
14.325,-1.390413606420643,6.535240062052125,53.033743592532055
14.35,-1.453810652381355,6.323479773347665,53.476862322429774
14.375,-1.471585762718536,6.093660030811895,53.719507924813925
14.4,-1.2206924187232504,5.6976075946832,53.7194521073682
14.425,-0.8025349350374519,5.237204569275903,53.56476706868784
14.45,-0.40173404718105954,4.881332844318579,53.39087360264791
14.475,-0.07882268505169271,4.722929236021879,53.27863925284565
14.5,0.1927826328745493,4.788137164877986,53.23619701663142
14.525,0.3886882141967216,4.933928824402302,53.28700650096246
14.55,0.5373209826439802,4.8823370331251885,53.50540993330576
14.575,0.7070948574488185,4.522294798815135,53.88474632373214
14.6,0.9966192435673524,3.8049280914727346,54.29129026290757
14.625,1.5649939421172088,2.6640757921779112,54.588122862795046
14.65,2.4159423776027795,1.3386455143110043,54.67835653696363
14.675,3.2483767390724143,0.20422003469478053,54.62899084056464
14.7,3.787176908708797,-0.5402159765693395,54.74932589607973
14.725,4.155401859877585,-0.8563522566778631,55.2269791530306
14.75,4.51903358093365,-0.8254117419340239,56.21264952490816
14.775,4.497868947103469,-0.6956058339124104,58.10625890483965
14.8,3.493359248960457,-0.6184776697467677,60.78860540582341
14.825,1.5272873641020306,-0.6846451909568695,63.750760453223755
14.85,-1.2287530698143174,-0.9184853810141357,66.96461207127606
14.875,-4.641173170153582,-1.2406197927754465,70.50902794296242
14.9,-8.252303717988859,-1.2946906241144016,73.93181879383832
14.925,-11.456931676795255,-0.5924593085687802,76.74650349270289
14.95,-13.82427849625282,0.9178484456953946,78.89939078845825
14.975,-15.248864674112681,2.8583077226305,80.54497101566612
15.0,-15.966274802456018,4.818417384244464,81.76235659094873
15.025,-16.210298070768857,6.437337326251636,82.62332783015398
15.05,-16.11050213385041,7.449898459561722,83.27221638993873
15.075,-15.613674594011751,7.643978810841894,83.76520409501258
15.1,-14.839717135251096,6.962364754916551,84.14004133894778
15.125,-13.925516606376599,5.676844789102579,84.40453208928483
15.15,-12.918063478831744,4.357916003881702,84.44117474863776
15.175,-11.834548710816827,3.5092105398425697,84.18798809708271
15.2,-10.84137816392464,3.3157606580636574,83.7486718248718
15.225,-9.983042079872302,3.3586766227041323,83.25834104913777
15.25,-9.001180607599897,3.193004084112339,82.75358576584837
15.275,-7.60550815169173,2.8173872983461026,82.1098950856266
15.3,-5.762079456541967,2.328021878322883,81.23108236301788
15.325,-3.768061937092565,1.735728308016685,80.25348060344311
15.35,-1.9838933105895997,0.9519376068668777,79.52815554842171
15.375,-0.5656701612422841,-0.05472074356926924,79.25115927241555
15.4,0.46274630923468557,-1.0458537343640066,79.20824864380887
15.425,1.0983047829585046,-1.7745892730913067,78.9703080204988
15.45,1.4870267314878873,-2.279020741292189,78.32338789191533
15.475,1.8832106764135081,-2.6280279183861346,77.35442485185041
15.5,2.3802953413605477,-2.881294604283129,76.21980863794437
15.525,2.8932415962806495,-2.9446259808794433,74.95610096428338
15.55,3.4294669381088485,-2.7245857133347924,73.73319014338895
15.575,3.9442825915235695,-2.2997301310291207,72.87426893296563
15.6,4.412426459546577,-1.7937730591569045,72.52230128581523
15.625,4.934933391976915,-1.4962901000301585,72.61401041164173
15.65,5.514464497554502,-1.6542979926995898,72.98845445717744
15.675,5.8887676134651326,-1.9968583003979965,73.37734630404954
15.7,5.683312846659502,-2.1124855635002326,73.58489228503392
15.725,4.788710022971352,-1.8375645197954475,73.59062370305931
15.75,3.327374530802306,-0.9587593036163273,73.36346227451536
15.775,1.6342291104200013,0.7646242862369003,72.7823142551144
15.8,-0.01549639989789239,3.2683196062874758,71.77663777435832
15.825,-1.880646564259586,6.215669832723813,70.63570601813218
15.85,-4.049359513377968,9.313925931541146,69.63816242664625
15.875,-6.033386372949235,12.192427851958074,68.79723280176056
15.9,-7.43164583054312,14.369957301395658,68.21239543939767
15.925,-8.075149720501216,15.378150720058501,68.07947625375795
15.95,-7.8600211919254095,14.850521874474541,68.41615506239653
15.975,-7.142047500546291,12.924878689472699,69.05681537080446
16.0,-6.589082140126097,10.397399245271417,69.71329957855545
16.025,-6.3994673258071115,8.241930124727672,70.1486058682935
16.05,-6.228492970387225,7.043943356774926,70.23404696524817
16.075,-5.857893944327116,6.71807336123323,69.96474654821915
16.1,-5.372465850450825,6.68003200157829,69.4349933104179
16.125,-4.891998433038268,6.337463201809548,68.82602515624845
16.15,-4.522110855330572,5.511447678484783,68.31097713204667
16.175,-4.315206171811694,4.327721420545437,67.95882384672207
16.2,-4.198232822053888,2.959469219034432,67.77477357504239
16.225,-3.996287686142067,1.6105690866688014,67.83364929502605
16.25,-3.6313547158438237,0.45104110084031046,68.14826868278085
16.275,-3.2089767980936643,-0.41450453264252296,68.64575317525252
16.3,-2.9381050464342087,-0.9429230989896232,69.32994045295845
16.325,-3.1598391421569576,-1.2624279070790665,70.34320723938335
16.35,-3.95074958869865,-1.607412314565735,71.81296402772634
16.375,-4.92258948414251,-1.9234033157783652,73.68322737728548
16.4,-5.812519033636662,-1.8700996457945787,75.85124305561177
16.425,-6.577463945792551,-1.2247998551328794,78.22225449608908
16.45,-7.129898897589554,-0.20196265784685988,80.6715186577751
16.475,-7.674142114403429,0.7089969099710863,83.09219732002937
16.5,-8.859908038738821,1.4772847976249683,85.3873838838829
16.525,-11.132121485238592,2.474771510861392,87.4978882201517
16.55,-14.130142219952017,3.4901299632528167,89.50091024785783
16.575,-17.171574802750545,3.9469535248596634,91.45963662571623
16.6,-19.97949583009371,4.068181448745551,93.235567799277
16.625,-22.865798212814,4.5951574821221595,94.64277422226806
16.65,-26.129834239128556,5.639875589288992,95.72495795997327
16.675,-29.224718495282534,6.574515233131978,96.59156362645216
16.7,-31.139894317964146,6.667732800125467,97.19170479265125
16.725,-31.109020392651004,5.51397821428308,97.35374088284358
16.75,-29.03246879736291,3.175486037874048,96.94268428983834
16.775,-25.636816497112235,0.43487011994287667,95.97188604383805
16.8,-21.628653722909622,-1.8265017628707585,94.51199026642185
16.825,-17.466689623634363,-3.3066595197613724,92.68191934855913
16.85,-13.674270565194053,-4.172097714210905,90.75467001054177
16.875,-10.661650541620059,-4.935918666023642,89.11073303115118
16.9,-8.382410699931155,-5.990421290339893,87.87649202538715
16.925,-6.662788679321753,-7.044259535132724,86.78541924570881
16.95,-5.432333602487192,-7.614332358188244,85.52562646909243
16.975,-4.51223192989552,-7.424459452747599,83.93286391492451
17.0,-3.8223569207688652,-6.495297667206008,82.03905096983888
17.025,-3.2978752480506373,-5.2878134006811965,80.0381741498179
17.05,-2.73824673729321,-4.304389199231989,78.0502109211287
17.075,-2.1521261964538527,-3.6876260604606332,76.0729650843602
17.1,-1.6557200831107337,-3.3667464755608165,74.04070679140654
17.125,-1.2954072233821943,-3.1574315426456097,71.8710809962429
17.15,-1.0893588322452599,-2.77328103421512,69.55164404080519
17.175,-1.0991838041057223,-1.9569922652909606,67.10509484009653
17.2,-1.369902074121087,-0.6506206136703845,64.46886299126344
17.225,-1.9396341285036038,0.8999706329219849,61.62632593885722
17.25,-2.761565441855994,2.504104805173647,58.679346148798295
17.275,-3.6987166133816154,4.182690339666762,55.622460789874
17.3,-4.825594538982503,5.984272993817926,52.30742544992919
17.325,-6.144371657827783,7.850088676622257,48.70138450598656
17.35,-7.345544347951094,9.519114082310232,45.22264334507867
17.375,-7.8997417275697535,10.488482211298646,42.454566624573395
17.4,-7.434763907504401,10.392312700135374,40.46288674956269
17.425,-6.286267123625502,9.387506012865833,38.76304300932803
17.45,-5.083589462457994,7.983297938694565,36.76078863837685
17.475,-4.024268069960445,6.870317524832216,34.0166565076995
17.5,-3.288927573371207,6.581547772225267,30.46103768898318
17.525,-3.2084754433008507,6.976885806338584,26.35023351992614
17.55,-3.8271040547311475,7.513078620941439,22.091572058961336
17.575,-4.794891370601302,7.798376444131093,18.068396989868344
17.6,-5.629971737543636,7.710288789126348,14.425996143657844
17.625,-6.0693152649583055,7.294898081030336,11.023579199418444
17.65,-6.224022199655375,6.654804365286309,7.6136836997838335
17.675,-6.419195489001255,5.893512219491188,4.047006124327321
17.7,-6.820550808444591,5.163678171995964,0.2215409311215394
17.725,-7.361477936025253,4.706581195413521,-3.932474496232635
17.75,-7.907184321837569,4.671589676997946,-8.397113314467969
17.775,-8.323588094675593,5.025908662634495,-13.067157444888064
17.8,-8.508569059525492,5.700544283944702,-17.85020881142369
17.825,-8.462696294566504,6.572062196855427,-22.70069538041444
17.85,-8.35858663033283,7.410332816890158,-27.559139280378893
17.875,-8.337117509909225,8.02912484437632,-32.30311261973176
17.9,-8.367203526197988,8.49226241147731,-36.856843602197344
17.925,-8.481674975193398,9.044297509960257,-41.31143645819366
17.95,-8.766227278798688,9.773462452926271,-45.792991115684764
17.975,-9.036495914445233,10.56418494469507,-50.25215412601287
18.0,-9.103093089793795,11.299784329306732,-54.54413877623492
18.025,-9.097610227177007,11.85189069614328,-58.47244713745339
18.05,-8.994481115996106,12.204814659399187,-61.88639069674464
18.075,-8.594793542762934,12.512281692678325,-64.81680368328385
18.1,-7.850923661360437,12.895839653280044,-67.44519816407663
18.125,-6.770127794173869,13.465466956496964,-69.93917882615725
18.15,-5.315907175418918,14.328189570567211,-72.48340192023159
18.175,-3.4983882990739392,15.311433833220358,-75.43220009543602
18.2,-1.6695485399503935,15.84931900016144,-79.03638895605708
18.225,-0.26443308770691537,15.583575664935017,-83.36060336237296
18.25,0.6855761382950798,14.529807608409698,-88.17193796686958
18.275,1.2965216385964102,13.26522674342196,-93.21783169904076
18.3,1.1034249842950523,12.624601094047135,-98.71093779976583
18.325,-0.4811048057663788,12.991506236079939,-104.86535444104241
18.35,-3.588572412384569,13.857475331010482,-111.32715496944628
18.375,-7.459851677667852,14.704079542233163,-117.38559456839343
18.4,-10.687990847078018,15.612247195908948,-122.42970328510525
18.425,-12.0995182394451,16.717007326484634,-126.08526251600613
18.45,-11.505745876352833,17.5646103709735,-128.1920697759102
18.475,-9.631095780179523,16.95958944664588,-128.90264909162082
18.5,-7.558897152499542,14.140340167824576,-128.71750347216667
18.525,-6.090824530494353,10.026834658019535,-128.30468395452468
18.55,-5.752403802078021,6.182867760325207,-128.23068369561247
18.575,-6.352310827902989,3.209838432134913,-128.58625472908054
18.6,-7.144262716977142,0.7590469043554907,-129.03452358761314
18.625,-7.702616159504107,-1.449790915546192,-129.27844111680176
18.65,-7.898940809563368,-3.3195259231263714,-129.15198821245585
18.675,-7.548785762303684,-4.518514419481251,-128.5829259973874
18.7,-6.587415890511389,-4.782315478616492,-127.63026233112213
18.725,-5.147551643939645,-4.605322084990822,-126.40004237405778
18.75,-3.4246733383087973,-4.847987658043864,-124.95623324496118
18.775,-1.6050737436483338,-5.749464860730085,-123.35532220720555
18.8,0.14207811219405878,-6.966092031176516,-121.69112869295266
18.825,1.706815566150697,-8.127336719589588,-119.99064050893791
18.85,3.0952305622987324,-8.934192418484121,-118.20328829470768
18.875,4.49607846711912,-9.381044028521217,-116.22253239778514
18.9,5.9498491510786895,-9.686364450905376,-113.96548463027338
18.925,7.332357622934722,-9.954350776722947,-111.46320735052687
18.95,8.642065911298712,-10.188823248675819,-108.8903093639529
18.975,9.87133668824532,-10.303734171879935,-106.57669769497318
19.0,10.795293987676967,-10.337228643814289,-104.66818961009935
19.025,11.313871149263276,-10.57038749850015,-102.87932783315048
19.05,11.859893115750992,-10.851974464077184,-101.03489493465742
19.075,12.728834184778265,-11.204268381791051,-99.17962837714623
19.1,13.873068140007298,-11.922663961721568,-97.4297740836964
19.125,15.169782472768457,-13.060224443838363,-95.81783240714492
19.15,16.43189972607501,-14.252898619781606,-94.31123968322245
19.175,17.5186678814235,-15.040674149030684,-92.86491644915941
19.2,18.2650727322566,-15.50201899783066,-91.30628999917597
19.225,18.547705108375254,-15.935805249152482,-89.47752086476956
19.25,18.59774888753848,-16.34326151401404,-87.37774558302925
19.275,18.808104787808542,-16.73445773894083,-85.0392682712899
19.3,18.85653365948889,-17.418850834524353,-82.52162451639539
19.325,18.245846440834423,-18.22031599206286,-80.06522146405094
19.35,17.121710106327733,-18.371680444414974,-78.10760496563523
19.375,15.798537169932588,-17.593658200214428,-76.75341849834035
19.4,14.469351617064564,-16.130109528131403,-75.85858028728715
19.425,13.398106925861436,-14.266769451365425,-75.35093252470014
19.45,12.620218165371371,-12.216779319898814,-75.13328619986005
19.475,11.855497003507054,-10.134240362851175,-75.02635738121828
19.5,10.769123312089192,-8.134245078964135,-74.99660113541658
19.525,9.253566484982525,-6.221597531077536,-75.24530854406221
19.55,7.542039190440918,-4.274429646380393,-75.82043892069152
19.575,5.981013780646664,-2.3309482760932045,-76.45309598136598
19.6,4.667167727512224,-0.6141369710220366,-76.89231253656136
19.625,3.4187088402319663,0.7241507063598198,-77.149335041565
19.65,2.089822410254933,1.7799110440152404,-77.35109488794178
19.675,0.7143564375611916,2.7282297582846553,-77.53705577844816
19.7,-0.5727058822461456,3.6756716657939146,-77.69648305730257
19.725,-1.5976033513439367,4.582587351014039,-77.77661585327057
19.75,-2.1875886053561078,5.309928049299728,-77.71444631358025
19.775,-2.3235751653026804,5.7930536308965435,-77.53537989149832
19.8,-2.2079742977744705,6.0341851732987974,-77.31474023019217
19.825,-2.1035692230258194,6.0743775205980635,-77.12372967672557
19.85,-2.0987278803861704,6.001300523280874,-76.98252500439371
19.875,-2.008602300584546,5.970082399732451,-76.86194832159597
19.9,-1.6577660558572935,5.947035570350124,-76.72059735112244
19.925,-1.0849893299280788,5.744431233560903,-76.57494000536748
