Time [s],Acc_x [m/s^2],Acc_y [m/s^2],Acc_z [m/s^2],Gyro_x [1/s],Gyro_y [1/s],Gyro_z [1/s]
0.0,-0.032020941376686096,0.16820336878299713,0.06359349191188812,-0.029015041887760162,-0.02179177664220333,0.0073372554033994675
0.025,-0.02738010138273239,0.15332414209842682,0.05307881161570549,-0.02900487557053566,-0.021834667772054672,0.007165669463574886
0.05,-0.012476963922381401,0.1348276287317276,0.02285703830420971,-0.028324546292424202,-0.021747101098299026,0.0030815890058875084
0.075,-0.0126559529453516,0.15638162195682526,-0.018897641450166702,-0.017470745369791985,0.0024367664009332657,-0.0017942364793270826
0.1,-0.04663189500570297,0.16368962824344635,-0.04276284947991371,-0.00922501552850008,0.01656411401927471,-0.0031779955606907606
0.125,-0.061145931482315063,0.13669683039188385,-0.05686201527714729,-0.0101804593577981,0.0085974782705307,-0.0023196625988930464
0.15,-0.03743728995323181,0.11020376533269882,-0.06713224947452545,-0.01114854495972395,0.0028303370345383883,-0.0013611535541713238
0.175,0.009042955935001373,0.1038217693567276,-0.07915984839200974,-0.005987265612930059,0.004660780541598797,-0.0035656995605677366
0.2,0.014705933630466461,0.10328485071659088,-0.10375276952981949,-0.0024415289517492056,0.01499096304178238,-0.004867514129728079
0.225,0.008799523115158081,0.12132169306278229,-0.11708075553178787,-0.004051839001476765,0.008979929611086845,0.00017845128604676574
0.25,0.020152051001787186,0.1374502331018448,-0.07346101850271225,-0.006840405985713005,-0.009636244736611843,0.0020268443040549755
0.275,0.03723682463169098,0.12669946253299713,-0.04174790158867836,-9.174668230116367e-05,-0.006642059423029423,0.002342202700674534
0.3,0.04612385481595993,0.13175679743289948,-0.06257140636444092,0.004739495925605297,0.007990989834070206,0.0007042472716420889
0.325,0.059690676629543304,0.17852117121219635,-0.028781455010175705,0.007360348477959633,0.0006815147353336215,0.0036989357322454453
0.35,0.06255292892456055,0.1931762993335724,0.021662121638655663,0.005602003540843725,-0.0021967575885355473,0.004669844638556242
0.375,0.04156569764018059,0.17628861963748932,0.02844891883432865,0.0014415415935218334,0.010154101997613907,0.006057180929929018
0.4,-0.002962545258924365,0.172334685921669,-0.000607086403761059,0.00010832073166966438,0.03112923726439476,0.012255002744495869
0.425,-0.01368054561316967,0.18877890706062317,0.0007111058803275228,-0.005405781790614128,0.02801326848566532,0.0142049016430974
0.45,-0.021634530276060104,0.17994405329227448,0.004340256564319134,-0.008220642805099487,0.02676951140165329,0.009200658649206161
0.475,-0.06929082423448563,0.16335584223270416,-0.016306284815073013,-0.006462742108851671,0.034139662981033325,0.002499772934243083
0.5,-0.09243080019950867,0.15998080372810364,-0.05020226910710335,-0.004425099119544029,0.028972666710615158,-0.004971938207745552
0.525,-0.06014017015695572,0.1400756984949112,-0.062432147562503815,-0.0063909078016877174,0.01854347437620163,-0.010482557117938995
0.55,-0.030774403363466263,0.13097096979618073,-0.07066471874713898,-0.012749552726745605,0.020351996645331383,-0.010363285429775715
0.575,-0.029684575274586678,0.16319657862186432,-0.07836472243070602,-0.011486303061246872,0.02424796111881733,-0.006081112660467625
0.6,-0.017801066860556602,0.15732671320438385,-0.06852716952562332,-0.007065345998853445,0.01329872664064169,-0.006486015859991312
0.625,0.00013541057705879211,0.11535550653934479,-0.05932757630944252,-0.0008855152409523726,0.015744687989354134,-0.011795280501246452
0.65,0.002415003255009651,0.11593057215213776,-0.06450260430574417,0.0074111176654696465,0.01868978701531887,-0.010340254753828049
0.675,0.004780983552336693,0.1422281414270401,-0.06276563555002213,0.011694058775901794,0.009266961365938187,-0.010030373930931091
0.7,0.012994042597711086,0.13309670984745026,-0.041728146374225616,0.012919947504997253,0.009310290217399597,-0.009538200683891773
0.725,0.010120631195604801,0.13366509974002838,-0.021199820563197136,0.014428459107875824,0.022618919610977173,-0.005541833117604256
0.75,-0.004204761236906052,0.14292718470096588,-0.01702401414513588,0.016914373263716698,0.01866047829389572,-0.0036968158092349768
0.775,-0.013388299383223057,0.14809705317020416,-0.017883935943245888,0.01616630144417286,0.012527006678283215,-0.002934041665866971
0.8,-0.05168952792882919,0.15966226160526276,-0.03874918073415756,0.016134658828377724,0.01843450963497162,-0.0024003416765481234
0.825,-0.08980931341648102,0.17505744099617004,-0.0667409673333168,0.015469461679458618,0.016123414039611816,-0.001645567361265421
0.85,-0.09505418688058853,0.18646147847175598,-0.10965090245008469,0.014967267401516438,0.012446015141904354,-0.005755302961915731
0.875,-0.12155123054981232,0.21115975081920624,-0.12978686392307281,0.015088879503309727,0.0019082438666373491,-0.004276659805327654
0.9,-0.20656466484069824,0.2738085389137268,-0.219095379114151,0.019115813076496124,-0.00608018459752202,-0.004544385243207216
0.925,-0.3728077709674835,0.3576365113258362,-0.3955741226673126,0.019465504214167595,-0.03564029559493065,-0.003592167980968952
0.95,-0.4618043005466461,0.32952412962913513,-0.48839321732521057,-0.015941597521305084,-0.13173158466815948,-0.002448508981615305
0.975,-0.5359882116317749,0.3245144784450531,-0.5175829529762268,-0.03916766494512558,-0.22451592981815338,-0.00420457823202014
1.0,-0.6962512135505676,0.47958579659461975,-0.6023572087287903,-0.02887234091758728,-0.2789095342159271,-0.02469419687986374
1.025,-0.8364353179931641,0.7442590594291687,-0.7956081032752991,-0.006749745458364487,-0.33549660444259644,-0.05472380295395851
1.05,-1.0229554176330566,0.9071371555328369,-1.088087558746338,-0.009520849213004112,-0.4194420874118805,-0.08448178321123123
1.075,-1.417130470275879,0.9133036732673645,-1.5566558837890625,-0.060537420213222504,-0.5652785301208496,-0.12117600440979004
1.1,-1.9433531761169434,0.9430621862411499,-2.249392032623291,-0.09968233853578568,-0.725723385810852,-0.15307216346263885
1.125,-2.4032812118530273,0.9513115286827087,-2.9187374114990234,-0.11061711609363556,-0.8974371552467346,-0.2211461365222931
1.15,-2.8664112091064453,1.161055088043213,-3.1595311164855957,-0.15811190009117126,-1.3231993913650513,-0.24363522231578827
1.175,-3.370842218399048,1.7025638818740845,-2.687614917755127,-0.21240273118019104,-1.7899656295776367,-0.2739729881286621
1.2,-4.3458051681518555,2.566767454147339,-1.682951807975769,-0.15787345170974731,-1.9433743953704834,-0.36499783396720886
1.225,-5.409037113189697,3.8180084228515625,-1.014304757118225,0.07640127092599869,-1.6501870155334473,-0.47814878821372986
1.25,-5.423895359039307,5.147075653076172,-0.8185054063796997,0.49575304985046387,-1.1803337335586548,-0.6189793944358826
1.275,-4.563935279846191,6.0277791023254395,-0.1442241072654724,0.9595311880111694,-0.7545846700668335,-0.8272886276245117
1.3,-3.3601298332214355,6.69822359085083,0.8350191116333008,1.5951788425445557,-0.14118677377700806,-1.1104791164398193
1.325,-2.1250083446502686,7.060064315795898,2.1128787994384766,2.264439821243286,0.44043007493019104,-1.5930346250534058
1.35,-0.9766111373901367,6.472574234008789,3.343310594558716,2.856396198272705,1.1626204252243042,-2.3150830268859863
1.375,0.06106758117675781,5.633430004119873,4.404516696929932,3.364004611968994,1.8127079010009766,-2.874387502670288
1.4,1.3886827230453491,5.185303688049316,5.353940010070801,3.746793270111084,2.230499267578125,-3.137646436691284
1.425,3.0547053813934326,4.941526412963867,6.1548309326171875,3.9253604412078857,2.2659194469451904,-3.1080470085144043
1.45,4.384546279907227,4.289618492126465,6.394183158874512,3.822482109069824,2.1231555938720703,-3.1153714656829834
1.475,5.302609920501709,2.888350009918213,6.189509868621826,3.204397201538086,1.8633856773376465,-3.31105637550354
1.5,6.036751747131348,1.0565627813339233,6.1058759689331055,2.2770702838897705,1.597298502922058,-3.4555022716522217
1.525,6.441605091094971,-0.6415680050849915,5.638355255126953,1.515609860420227,1.5110136270523071,-3.4906647205352783
1.55,6.505548477172852,-2.282592296600342,4.755684852600098,0.7695441842079163,1.4723966121673584,-3.496511697769165
1.575,6.456128120422363,-4.500462532043457,4.0641188621521,-0.011545896530151367,1.434546947479248,-3.4954373836517334
1.6,6.0389180183410645,-7.346087455749512,4.3158979415893555,-0.7145702838897705,1.3868129253387451,-3.4108455181121826
1.625,4.982814311981201,-9.78985595703125,5.135100364685059,-1.0800364017486572,1.5620532035827637,-3.061288833618164
1.65,4.007598876953125,-10.106040000915527,4.451818466186523,-0.549797773361206,1.6900166273117065,-2.4294016361236572
1.675,3.0751497745513916,-9.971185684204102,3.0327892303466797,-0.6344532370567322,1.8660262823104858,-1.8655856847763062
1.7,2.9968578815460205,-10.389427185058594,2.048919200897217,-1.007824420928955,1.936483383178711,-1.2240424156188965
1.725,3.2027366161346436,-10.9833345413208,0.8781566619873047,-1.2029430866241455,2.0642199516296387,-0.597876250743866
1.75,3.291059732437134,-11.767017364501953,0.15548910200595856,-1.650290608406067,2.2031331062316895,-0.03580312058329582
1.775,4.224245548248291,-11.410032272338867,1.0124913454055786,-2.415778398513794,2.2147910594940186,0.6445124745368958
1.8,6.7613301277160645,-10.493080139160156,3.389163017272949,-3.0833194255828857,2.41101336479187,1.5644434690475464
1.825,9.74736213684082,-8.848966598510742,4.583477973937988,-2.901289939880371,2.75103759765625,2.2488720417022705
1.85,11.114093780517578,-7.075002193450928,2.2648587226867676,-2.093048095703125,3.019585609436035,2.5185272693634033
1.875,11.54507064819336,-6.808253288269043,-0.027480019256472588,-2.373075246810913,2.9872326850891113,3.0825064182281494
1.9,12.491626739501953,-6.694455623626709,-1.681481957435608,-2.3749289512634277,2.780123472213745,3.888807773590088
1.925,13.419012069702148,-5.322073459625244,-4.539665699005127,-1.1944692134857178,2.8565456867218018,4.279869556427002
1.95,14.2650728225708,-2.7077739238739014,-7.585488319396973,0.2286773920059204,3.1290323734283447,4.296535015106201
1.975,14.064849853515625,1.0484297275543213,-11.164873123168945,1.8932456970214844,3.768519878387451,3.4700796604156494
2.0,11.969427108764648,5.406172752380371,-14.166123390197754,2.9055280685424805,4.8196868896484375,2.6433067321777344
2.025,9.019266128540039,9.244028091430664,-15.34033489227295,3.009450674057007,5.720308780670166,2.3041388988494873
2.05,4.959800720214844,12.447737693786621,-16.15932846069336,2.971026659011841,6.56243371963501,1.8719209432601929
2.075,-1.1018495559692383,15.05447769165039,-16.974411010742188,2.6748008728027344,7.578164577484131,1.1215910911560059
2.1,-9.244096755981445,16.19792938232422,-15.453622817993164,2.1082088947296143,8.54129695892334,0.7683502435684204
2.125,-13.530062675476074,16.54344940185547,-12.190025329589844,1.3834363222122192,8.398625373840332,1.922857403755188
2.15,-18.420032501220703,16.8336181640625,-7.8679375648498535,0.8545212745666504,8.98298168182373,2.237793207168579
2.175,-21.785158157348633,13.409016609191895,-0.3662445545196533,0.8130090236663818,8.39841079711914,3.574739456176758
2.2,-19.775808334350586,8.325584411621094,5.640974521636963,1.4892559051513672,7.0800461769104,4.5208892822265625
2.225,-14.725696563720703,3.692505359649658,7.423504829406738,1.9518063068389893,5.950374603271484,4.591895580291748
2.25,-9.358625411987305,0.1327681988477707,8.501838684082031,2.08962345123291,5.221800327301025,4.283504962921143
2.275,-4.570111274719238,-2.786623239517212,10.101619720458984,0.7555238008499146,4.746709823608398,3.6950345039367676
2.3,-0.9948780536651611,-4.052298545837402,10.043841361999512,0.38691604137420654,3.955075979232788,3.0939159393310547
2.325,0.8238053321838379,-2.8476037979125977,7.8949151039123535,1.4173994064331055,3.136289119720459,2.0883901119232178
2.35,1.4495404958724976,-0.8722004294395447,6.392776966094971,1.9456795454025269,2.6690568923950195,1.3752775192260742
2.375,2.4487862586975098,-0.06789825111627579,7.582358360290527,2.1216113567352295,2.125594139099121,0.7528340220451355
2.4,4.0595574378967285,-0.7669808864593506,7.646418571472168,1.1240978240966797,1.6271775960922241,0.6859418153762817
2.425,3.296264410018921,-0.3364214599132538,4.363093376159668,0.8683210611343384,1.171618103981018,-0.3016403913497925
2.45,1.7181117534637451,0.5461414456367493,2.270810842514038,0.23767288029193878,0.7185304760932922,-0.5930212140083313
2.475,0.8814566731452942,1.438633918762207,0.2575630247592926,0.4973716139793396,0.3517325520515442,-0.16949555277824402
2.5,-0.593094527721405,1.9866632223129272,-1.9107441902160645,0.4450483024120331,0.1797204613685608,-0.10211339592933655
2.525,-1.4816184043884277,0.631765604019165,-2.296969413757324,-0.2254069447517395,0.16815921664237976,0.15162867307662964
2.55,-1.4913110733032227,-2.2206287384033203,-2.39029860496521,-0.7933803796768188,0.12366235256195068,0.3229749798774719
2.575,-2.2371633052825928,-4.630600452423096,-2.1807303428649902,-1.1644800901412964,0.16151849925518036,0.1263294667005539
2.6,-3.8875553607940674,-4.701537132263184,-1.2079894542694092,-1.2115200757980347,0.01700766012072563,0.08829876780509949
2.625,-5.1229705810546875,-4.267643928527832,-0.2530355751514435,-0.7199079990386963,-0.22408762574195862,0.49905964732170105
2.65,-4.572833061218262,-4.72780704498291,-0.0960434153676033,-0.3017754554748535,-0.6065310835838318,0.954082190990448
2.675,-3.987584114074707,-5.353238105773926,0.018012402579188347,0.2257324457168579,-0.9551724791526794,1.2605255842208862
2.7,-4.185192584991455,-4.560194969177246,0.4301159977912903,0.5226832628250122,-1.2349731922149658,1.1368945837020874
2.725,-4.5149383544921875,-3.626037836074829,1.2531516551971436,0.7449167966842651,-1.4586824178695679,1.1306164264678955
2.75,-4.136510372161865,-4.700621604919434,3.0798707008361816,0.5575774908065796,-1.8094360828399658,1.221431851387024
2.775,-4.30745792388916,-5.938575267791748,4.420825481414795,0.5555630326271057,-2.350757360458374,0.7503993511199951
2.8,-5.100828170776367,-7.440700054168701,5.133874893188477,1.298457384109497,-2.983501672744751,0.2987317144870758
2.825,-6.485037803649902,-9.24311637878418,4.896696090698242,2.593592882156372,-3.512868642807007,-0.029816167429089546
2.85,-8.637748718261719,-11.12129020690918,3.3404459953308105,3.9244272708892822,-4.202695846557617,-0.3081771433353424
2.875,-11.129591941833496,-12.652746200561523,-0.12001436948776245,5.472449779510498,-5.020025253295898,-0.48033377528190613
2.9,-13.20509147644043,-12.869423866271973,-5.792951583862305,6.9217915534973145,-5.709488868713379,-0.21436432003974915
2.925,-13.406100273132324,-9.742406845092773,-12.633291244506836,8.177358627319336,-6.549272060394287,0.3095613718032837
2.95,-11.662532806396484,-4.597879409790039,-18.28788948059082,8.281042098999023,-7.444227695465088,0.7911096215248108
2.975,-7.740084171295166,0.6908421516418457,-22.68760871887207,7.749375343322754,-8.423742294311523,0.9852421879768372
3.0,-1.5275635719299316,6.271042823791504,-24.215225219726562,7.385565757751465,-9.431485176086426,1.3558645248413086
3.025,3.537127733230591,12.16735553741455,-20.849267959594727,6.6266560554504395,-10.246194839477539,1.6228556632995605
3.05,7.589694023132324,16.105669021606445,-16.2653751373291,5.511826992034912,-10.316064834594727,0.667787492275238
3.075,12.27542495727539,16.44388771057129,-10.624090194702148,4.900679588317871,-9.875783920288086,-0.6624433398246765
3.1,13.128554344177246,13.782453536987305,-5.272143363952637,4.508004188537598,-8.92897891998291,-1.4029823541641235
3.125,10.026664733886719,11.281601905822754,-3.540009021759033,3.809013843536377,-8.167322158813477,-0.9420766830444336
3.15,8.548583984375,9.256056785583496,-1.6728640794754028,2.626810073852539,-8.59460735321045,-0.49277234077453613
3.175,6.713332653045654,7.031314373016357,1.3287267684936523,1.4886436462402344,-8.7608003616333,-0.689106285572052
3.2,5.060864448547363,6.121025562286377,2.3998327255249023,0.889259934425354,-7.758922100067139,-1.0691125392913818
3.225,5.5769147872924805,5.108068466186523,2.6834850311279297,0.9977171421051025,-6.387382984161377,-1.5375036001205444
3.25,5.880596160888672,3.7295138835906982,3.464168071746826,0.929887056350708,-5.704965591430664,-1.7401437759399414
3.275,3.906418800354004,3.1893301010131836,3.900162935256958,0.3783828020095825,-5.779839038848877,-2.0997371673583984
3.3,2.0428953170776367,3.244112253189087,3.4233176708221436,0.4154355823993683,-5.147040843963623,-2.3743810653686523
3.325,1.4082930088043213,3.116508722305298,2.6337764263153076,1.0567444562911987,-3.937535524368286,-2.1115872859954834
3.35,1.4740679264068604,2.3043785095214844,2.070053815841675,1.5550944805145264,-3.026858329772949,-1.7736600637435913
3.375,1.3952728509902954,1.2978647947311401,1.9941587448120117,1.8542907238006592,-2.43929386138916,-1.4621689319610596
3.4,0.4809052348136902,1.152695655822754,1.7449119091033936,1.9740660190582275,-2.12595534324646,-1.1561493873596191
3.425,0.2769666612148285,1.60426926612854,0.9823575019836426,1.996647596359253,-1.7167638540267944,-1.0395163297653198
3.45,0.9290251135826111,1.5393792390823364,0.43482089042663574,1.9496008157730103,-1.5490432977676392,-1.243602991104126
3.475,1.3987321853637695,1.5092145204544067,0.22004957497119904,1.7401331663131714,-1.6882809400558472,-1.5945552587509155
3.5,1.3172054290771484,1.866538166999817,0.03626849129796028,1.747239351272583,-1.629461407661438,-1.6926532983779907
3.525,0.6015360355377197,1.8286182880401611,-0.39861777424812317,2.148059844970703,-1.4573898315429688,-1.2748064994812012
3.55,0.1531148999929428,1.2730361223220825,-0.1740424931049347,2.5106937885284424,-1.2119414806365967,-0.6262563467025757
3.575,0.40327295660972595,0.711735725402832,0.9349350929260254,2.710700511932373,-1.0862061977386475,-0.16534166038036346
3.6,0.8749785423278809,-0.14612403512001038,2.126030445098877,2.9779770374298096,-1.0533132553100586,0.30324724316596985
3.625,1.11936354637146,-1.4994386434555054,3.363917589187622,3.157782554626465,-0.999163806438446,0.4911330044269562
3.65,1.1335183382034302,-3.1913564205169678,4.284733772277832,3.4146296977996826,-0.8440268635749817,0.8985449075698853
3.675,1.4636386632919312,-4.820394039154053,4.596701145172119,3.821345329284668,-0.6341271996498108,1.9883291721343994
3.7,2.340250015258789,-6.674227237701416,5.281301498413086,4.283249855041504,-0.5470364689826965,3.216667652130127
3.725,4.445943832397461,-9.123970031738281,6.028755187988281,4.626814842224121,-0.5375533103942871,4.22753381729126
3.75,5.912344932556152,-11.933704376220703,5.815284252166748,4.516932487487793,-0.6169306635856628,3.8072712421417236
3.775,3.873051881790161,-14.732142448425293,3.5379586219787598,4.1755757331848145,-1.053053617477417,2.7544937133789062
3.8,0.18652977049350739,-15.68764877319336,0.43179836869239807,3.41713809967041,-1.3139872550964355,1.9226282835006714
3.825,-1.8420685529708862,-14.09449577331543,-0.8149760365486145,2.036433696746826,-0.9515422582626343,0.8163129687309265
3.85,-1.0113320350646973,-11.80986499786377,-1.3072315454483032,0.6864964365959167,-1.2551530599594116,0.856407880783081
3.875,-0.22720405459403992,-7.798785209655762,0.6969171166419983,-1.0053070783615112,-1.3075852394104004,0.12194794416427612
3.9,-0.4906214475631714,-2.1791770458221436,4.09659481048584,-2.958346128463745,-0.5330458879470825,-1.4933240413665771
3.925,-1.6791996955871582,1.6960651874542236,4.254636764526367,-4.117041110992432,0.36150193214416504,-3.406907081604004
3.95,-3.1230292320251465,4.155646800994873,3.199406385421753,-4.0934062004089355,0.6495534181594849,-5.011222839355469
3.975,-1.7958109378814697,6.50041389465332,2.8243980407714844,-3.5757124423980713,0.4635494351387024,-3.6170029640197754
4.0,1.558701992034912,7.427347183227539,1.2488371133804321,-2.787048816680908,0.4583570957183838,-2.0198135375976562
4.025,2.423187732696533,6.820093154907227,-1.2121334075927734,-2.2487239837646484,0.21299000084400177,-2.122499465942383
4.05,0.8505584001541138,6.473386764526367,-2.9261651039123535,-1.6651942729949951,-0.4913363754749298,-1.9501302242279053
4.075,0.8008298873901367,5.25098180770874,-4.0160603523254395,-0.9186210036277771,-0.8476285338401794,-0.24291138350963593
4.1,1.5120866298675537,3.166658878326416,-4.30682373046875,-0.43567830324172974,-0.9753484725952148,0.8743152022361755
4.125,1.3577779531478882,0.9893494844436646,-3.7473130226135254,-0.016264677047729492,-1.1817482709884644,1.3510105609893799
4.15,0.2223278284072876,-0.9440279603004456,-2.862863540649414,0.19630688428878784,-1.405176043510437,1.7633620500564575
4.175,-0.7088757753372192,-2.3232827186584473,-1.9789445400238037,0.0994570255279541,-1.581254005432129,2.0288872718811035
4.2,-0.44503945112228394,-3.372326374053955,-1.1981991529464722,-0.2527155876159668,-1.501765251159668,2.013085126876831
4.225,0.027046620845794678,-3.0104055404663086,-0.6597701907157898,-0.7288131713867188,-1.4365488290786743,1.189314842224121
4.25,0.2666824460029602,-1.1866322755813599,-0.25671178102493286,-1.1654506921768188,-1.4538440704345703,0.3388184607028961
4.275,1.269417405128479,0.43284890055656433,-0.13718409836292267,-1.4578508138656616,-1.511989712715149,0.08451829850673676
4.3,1.9145188331604004,2.247102737426758,-0.4833795130252838,-1.5079801082611084,-1.8362903594970703,-0.8139755129814148
4.325,1.6620539426803589,4.334682941436768,-0.5430538058280945,-1.2996658086776733,-2.2273762226104736,-1.48723304271698
4.35,1.4826949834823608,6.562740325927734,-0.12859930098056793,-0.9018309116363525,-2.5693888664245605,-2.112741470336914
4.375,1.7002372741699219,9.049299240112305,-0.34022435545921326,-0.12300777435302734,-3.0750932693481445,-2.5169272422790527
4.4,1.7280449867248535,10.330270767211914,-0.6069920659065247,0.6986744403839111,-3.419062852859497,-1.9502863883972168
4.425,1.04866361618042,10.447652816772461,-0.8765462636947632,1.4903240203857422,-3.5706591606140137,-1.21822190284729
4.45,0.49952733516693115,10.014190673828125,-0.8414403796195984,2.0815370082855225,-3.5191361904144287,-0.16970814764499664
4.475,-0.333898663520813,8.482053756713867,-0.35427480936050415,2.3034780025482178,-3.3536157608032227,0.9534726142883301
4.5,-1.4714691638946533,6.618465423583984,-0.3250074088573456,2.545929431915283,-3.206740379333496,1.4579486846923828
4.525,-2.468010902404785,5.290900707244873,-0.34294772148132324,2.8274588584899902,-2.9027483463287354,1.6544471979141235
4.55,-3.232952117919922,4.05211067199707,-0.20907574892044067,2.779229164123535,-2.581193208694458,2.0785889625549316
4.575,-3.8147764205932617,2.9499268531799316,-0.2633990943431854,2.736252546310425,-2.28857421875,2.403090715408325
4.6,-3.7479162216186523,1.6216741800308228,-0.11341402679681778,2.6122498512268066,-2.0364742279052734,2.7963528633117676
4.625,-3.306647777557373,0.16150407493114471,0.10743607580661774,2.1998605728149414,-2.0181407928466797,3.329317808151245
4.65,-3.8054018020629883,-0.43775051832199097,-0.9949474930763245,1.8791520595550537,-2.2519443035125732,3.5876333713531494
4.675,-4.324049949645996,-0.8176152110099792,-1.813265323638916,1.6950163841247559,-2.4155566692352295,3.7161996364593506
4.7,-4.44412899017334,-1.6730849742889404,-1.8899643421173096,1.6313751935958862,-2.293497323989868,3.7028920650482178
4.725,-4.6034321784973145,-1.9915568828582764,-2.269451141357422,1.7944300174713135,-2.1537513732910156,3.6695621013641357
4.75,-4.866929531097412,-2.3074228763580322,-2.5053913593292236,1.7029026746749878,-1.9751195907592773,3.728469133377075
4.775,-4.560612678527832,-2.9658968448638916,-2.2898547649383545,1.5771112442016602,-1.7816009521484375,3.8171963691711426
4.8,-4.097552299499512,-3.7120275497436523,-2.027430772781372,1.4479506015777588,-1.5670678615570068,3.778676986694336
4.825,-3.8021531105041504,-4.245704174041748,-1.988585114479065,1.4039932489395142,-1.2485891580581665,3.7635183334350586
4.85,-3.1629393100738525,-4.440330505371094,-1.9192456007003784,1.268196940422058,-1.285779356956482,3.7749991416931152
4.875,-2.3344149589538574,-4.301661968231201,-1.6683586835861206,1.0983929634094238,-1.3879097700119019,3.596372365951538
4.9,-1.4737632274627686,-3.9614717960357666,-1.420354962348938,1.0410679578781128,-1.2626492977142334,3.634683132171631
4.925,-0.5374509692192078,-3.496628761291504,-1.7084187269210815,1.0314128398895264,-1.107020378112793,3.52587628364563
4.95,0.24600750207901,-3.1777071952819824,-2.793639659881592,1.0044543743133545,-0.8263731002807617,3.5078117847442627
4.975,0.11895465850830078,-2.9596896171569824,-4.4465012550354,0.63348388671875,-0.11567305028438568,3.498631000518799
5.0,-0.2237253189086914,-2.9746274948120117,-4.9526686668396,-0.03472161293029785,0.4277020990848541,3.6316521167755127
5.025,-0.37016916275024414,-3.0979464054107666,-4.497714519500732,-0.5878816843032837,0.4758237898349762,3.7035937309265137
5.05,-0.5551350116729736,-3.2397029399871826,-4.0965704917907715,-0.9965250492095947,0.3122658133506775,3.7152082920074463
5.075,-0.7493795156478882,-3.6143648624420166,-3.5884695053100586,-1.4107240438461304,0.20887033641338348,3.7601308822631836
5.1,-0.4555094838142395,-3.880093812942505,-2.8427488803863525,-1.5977058410644531,-0.10289717465639114,3.855597972869873
5.125,0.37356168031692505,-3.844223976135254,-2.2902050018310547,-1.5392614603042603,-0.4691850543022156,4.032783508300781
5.15,1.1410802602767944,-4.073692798614502,-2.2150328159332275,-1.6163177490234375,-0.328357070684433,4.089420795440674
5.175,2.1524033546447754,-4.699613571166992,-2.0371782779693604,-1.874859094619751,-0.28392577171325684,3.855288505554199
5.2,3.4773340225219727,-4.99524450302124,-1.8630402088165283,-2.3103206157684326,-0.43783754110336304,3.754242181777954
5.225,4.562264442443848,-4.867176532745361,-1.3157026767730713,-2.6181607246398926,-0.747454822063446,3.4351789951324463
5.25,5.40478515625,-4.149268627166748,-1.0703192949295044,-2.4452576637268066,-1.1554155349731445,3.340625047683716
5.275,5.319729328155518,-3.1522960662841797,-1.4625639915466309,-2.3387207984924316,-1.1844731569290161,2.9667439460754395
5.3,4.583034992218018,-2.2747530937194824,-1.2662497758865356,-2.4977293014526367,-1.4672574996948242,2.3358163833618164
5.325,3.394397258758545,-1.3192352056503296,-0.5030481815338135,-3.141437530517578,-1.7540395259857178,1.6124564409255981
5.35,2.309514045715332,-0.999378502368927,-0.7436220645904541,-3.5173802375793457,-1.9348015785217285,0.710412323474884
5.375,2.000542163848877,-1.1680948734283447,-1.1181219816207886,-3.657012701034546,-2.324033498764038,-0.11697039008140564
5.4,2.1490607261657715,-0.8940556645393372,-0.04419173672795296,-4.024380683898926,-2.9275946617126465,-0.9723965525627136
5.425,2.5476279258728027,-0.31331661343574524,1.0648810863494873,-3.65934681892395,-3.2894179821014404,-1.553358554840088
5.45,3.177018404006958,0.0013720097485929728,1.951064109802246,-3.298781394958496,-3.61049222946167,-1.9434832334518433
5.475,3.2824976444244385,0.3054300546646118,3.652304172515869,-3.438967704772949,-3.9393389225006104,-2.458833932876587
5.5,2.9056143760681152,1.234291672706604,5.593367576599121,-3.782536506652832,-3.954604148864746,-2.949765920639038
5.525,1.7150158882141113,1.721164584159851,6.897732734680176,-4.417863368988037,-3.8140158653259277,-3.869105577468872
5.55,-0.6756802797317505,1.693705677986145,6.884436130523682,-4.824095726013184,-3.2920098304748535,-4.759383678436279
5.575,-2.6500563621520996,3.1838126182556152,7.037984848022461,-4.855136871337891,-2.752883195877075,-4.991960525512695
5.6,-3.7252659797668457,6.612710952758789,7.155612468719482,-4.851473808288574,-2.298978090286255,-4.998259544372559
5.625,-3.499173402786255,9.76515007019043,6.3620171546936035,-4.370946884155273,-1.5803394317626953,-4.875885963439941
5.65,-2.2596569061279297,10.774003982543945,5.484198093414307,-3.4050827026367188,-0.6318733096122742,-4.608009338378906
5.675,-0.3880511522293091,10.04045295715332,4.4572272300720215,-2.2227203845977783,0.312749981880188,-4.102188587188721
5.7,1.4952995777130127,8.922098159790039,2.720435857772827,-1.0165907144546509,1.1286404132843018,-3.4198389053344727
5.725,3.1951072216033936,7.651179790496826,0.9016709923744202,-0.21906650066375732,1.5118449926376343,-3.2077200412750244
5.75,4.685825824737549,5.456656455993652,-0.3975464105606079,0.3252526521682739,1.6880885362625122,-3.0991430282592773
5.775,5.465207099914551,1.5141552686691284,-2.596364736557007,0.8891607522964478,1.560899257659912,-3.033237934112549
5.8,5.592206001281738,-4.280905246734619,-5.91228723526001,1.340074896812439,1.0681331157684326,-2.8441624641418457
5.825,4.921664237976074,-9.018664360046387,-7.381762981414795,0.7606689929962158,0.20012825727462769,-2.8257882595062256
5.85,3.6914479732513428,-11.035523414611816,-5.125665664672852,-0.6842098832130432,-0.3186732530593872,-3.1297597885131836
5.875,1.242573857307434,-12.649405479431152,-1.687641978263855,-1.5490071773529053,-0.852455735206604,-3.352262020111084
5.9,-2.2887320518493652,-14.99750804901123,1.1728628873825073,-1.6308002471923828,-1.5607662200927734,-3.0072951316833496
5.925,-6.102307319641113,-16.829038619995117,3.695631504058838,-1.7296500205993652,-2.0520689487457275,-2.181678533554077
5.95,-9.635527610778809,-15.538411140441895,6.51967191696167,-2.5412724018096924,-1.9615871906280518,-1.6889225244522095
5.975,-11.88968276977539,-10.295256614685059,9.00035285949707,-3.42159104347229,-1.4612489938735962,-1.684385895729065
6.0,-9.733882904052734,-3.712826728820801,9.212006568908691,-3.419146776199341,-0.8938292264938354,-1.2630513906478882
6.025,-2.726787805557251,-0.8094254732131958,7.779669761657715,-3.134979724884033,-0.3379082679748535,0.057529300451278687
6.05,2.1624515056610107,-3.152416229248047,8.733353614807129,-3.7457947731018066,-0.11590880900621414,1.629084587097168
6.075,2.9659833908081055,-4.644744873046875,13.525310516357422,-5.021817207336426,0.346309632062912,1.939864993095398
6.1,2.928678035736084,-0.03128227964043617,17.435169219970703,-6.419433116912842,0.39496150612831116,1.1560418605804443
6.125,3.3345847129821777,10.03604793548584,16.28763771057129,-7.034730911254883,1.308949589729309,1.6428419351577759
6.15,3.2322824001312256,18.336339950561523,12.408641815185547,-5.920475006103516,3.8232619762420654,3.4544131755828857
6.175,2.686235189437866,20.69809913635254,9.663557052612305,-3.275953769683838,8.027830123901367,5.110959053039551
6.2,3.8445663452148438,18.303781509399414,8.209351539611816,-1.0644367933273315,11.519447326660156,4.20329475402832
6.225,6.057149887084961,17.550294876098633,6.0748209953308105,-1.008010983467102,11.759702682495117,1.7402777671813965
6.25,8.247214317321777,18.770978927612305,2.638378858566284,-0.7633671760559082,12.1666259765625,0.0670551210641861
6.275,10.710711479187012,17.48078727722168,-3.0022549629211426,-0.31922346353530884,14.107529640197754,-1.949394702911377
6.3,10.639205932617188,15.192087173461914,-8.337048530578613,-1.501546025276184,13.527337074279785,-3.591583013534546
6.325,9.97391128540039,13.309731483459473,-12.293731689453125,-3.4150521755218506,11.321520805358887,-3.6459920406341553
6.35,7.761070251464844,9.529766082763672,-16.873197555541992,-4.960241317749023,9.33644962310791,-2.787885904312134
6.375,3.6187667846679688,3.2432706356048584,-18.909870147705078,-5.62920618057251,7.4207234382629395,-1.4486298561096191
6.4,0.45812368392944336,-1.8800442218780518,-16.798824310302734,-5.314627647399902,5.9007673263549805,0.062308721244335175
6.425,-1.4872231483459473,-4.614466667175293,-13.499631881713867,-4.582869052886963,5.311318397521973,0.39186060428619385
6.45,-3.4016361236572266,-6.067777156829834,-11.140109062194824,-3.9912097454071045,5.114961624145508,-0.23502780497074127
6.475,-4.976090431213379,-6.50985050201416,-9.549298286437988,-3.427511692047119,4.624411106109619,-0.3708130717277527
6.5,-5.093533515930176,-6.6700310707092285,-8.287636756896973,-2.832702159881592,3.8089640140533447,-0.12900425493717194
6.525,-4.521895408630371,-6.37465238571167,-7.088317394256592,-2.1084375381469727,3.1853272914886475,0.1668194979429245
6.55,-4.864865779876709,-5.37082052230835,-5.475330829620361,-1.603421688079834,2.9618022441864014,0.043625619262456894
6.575,-5.62774658203125,-5.459702491760254,-3.328098773956299,-1.757947564125061,2.6796045303344727,-0.40726524591445923
6.6,-5.483640670776367,-6.173142433166504,-1.4097956418991089,-1.7618095874786377,2.233049154281616,-0.49046504497528076
6.625,-4.342530250549316,-6.059765815734863,-0.3326980471611023,-1.4822860956192017,1.8042455911636353,-0.2842477262020111
6.65,-3.1542227268218994,-5.915025234222412,0.24304445087909698,-1.5690853595733643,1.337465763092041,-0.2227727770805359
6.675,-2.8629350662231445,-6.653212547302246,1.0025159120559692,-1.900313138961792,0.8924266695976257,-0.34283989667892456
6.7,-3.5935566425323486,-8.191056251525879,1.8931584358215332,-1.9992815256118774,0.5172141790390015,-0.3524065315723419
6.725,-4.266448020935059,-9.812397003173828,2.4080209732055664,-1.5004942417144775,0.08560241758823395,0.047403909265995026
6.75,-4.462840557098389,-10.862338066101074,2.291675567626953,-0.4827041029930115,-0.3601020872592926,0.6756523847579956
6.775,-4.92680025100708,-10.891575813293457,1.6052272319793701,0.4925326704978943,-0.7224688529968262,1.0862852334976196
6.8,-5.3169264793396,-11.594258308410645,1.1180293560028076,0.95693039894104,-1.371467113494873,0.8758947253227234
6.825,-5.298901081085205,-12.611750602722168,0.25292497873306274,1.835103988647461,-2.0454704761505127,0.6607778668403625
6.85,-5.325469493865967,-11.856630325317383,-2.075709342956543,3.3625388145446777,-2.433046340942383,0.7945752143859863
6.875,-5.316709041595459,-8.659025192260742,-5.463746070861816,4.661489009857178,-3.008209228515625,0.9259114265441895
6.9,-4.985132694244385,-4.048500061035156,-8.753665924072266,5.529107570648193,-3.658825635910034,1.1063090562820435
6.925,-4.025901794433594,1.4654549360275269,-10.473546028137207,6.080838203430176,-4.5409746170043945,1.691182017326355
6.95,-3.321420669555664,6.574314594268799,-9.013236999511719,5.990991115570068,-5.493514537811279,1.6243677139282227
6.975,-3.3155746459960938,10.047331809997559,-6.526618003845215,5.470347881317139,-6.192229747772217,0.4574989378452301
7.0,-1.8294998407363892,12.50852108001709,-6.284276962280273,4.814381122589111,-6.254223346710205,-1.6011784076690674
7.025,0.16499364376068115,16.23399543762207,-6.373050689697266,4.639137268066406,-5.740701675415039,-3.2603445053100586
7.05,1.5153734683990479,21.121015548706055,-4.650146007537842,4.98095703125,-5.109485626220703,-4.206004619598389
7.075,4.050527095794678,23.912919998168945,-2.27789568901062,4.854450702667236,-5.072835922241211,-4.403127670288086
7.1,7.451311111450195,23.26771354675293,1.04001784324646,4.232091903686523,-5.3499064445495605,-4.415853023529053
7.125,9.800012588500977,19.710376739501953,4.473117828369141,3.365989923477173,-5.388622760772705,-4.435008525848389
7.15,11.58003044128418,13.51773452758789,4.219977855682373,2.202308177947998,-4.776190757751465,-4.560550689697266
7.175,13.695903778076172,6.870203495025635,3.818915843963623,-0.01699542999267578,-4.508614540100098,-4.300760746002197
7.2,12.552325248718262,2.249748945236206,9.630790710449219,-2.7953438758850098,-5.111645698547363,-4.317427635192871
7.225,8.824287414550781,2.470231056213379,14.36512565612793,-4.089078903198242,-4.291644096374512,-4.843291759490967
7.25,8.892768859863281,-0.2332250475883484,11.45081901550293,-2.1528878211975098,-1.9938201904296875,-4.972708702087402
7.275,8.939981460571289,-6.07267951965332,8.645312309265137,-0.037325143814086914,-1.0901128053665161,-4.785115718841553
7.3,7.085315704345703,-8.177825927734375,9.181401252746582,0.48967456817626953,-0.9618200063705444,-4.817776203155518
7.325,6.3132476806640625,-8.715343475341797,9.48925495147705,1.3126848936080933,-0.34625911712646484,-4.774467468261719
7.35,6.2435455322265625,-9.07425308227539,8.202250480651855,1.677689552307129,0.18587473034858704,-4.686923027038574
7.375,6.522987365722656,-8.806129455566406,6.661356449127197,1.2289793491363525,0.8563072085380554,-4.748743534088135
7.4,6.342365264892578,-9.29818058013916,5.523262023925781,1.1259901523590088,1.3409255743026733,-4.823260307312012
7.425,5.644681453704834,-9.764694213867188,4.2826080322265625,1.3988962173461914,1.398289442062378,-4.6514434814453125
7.45,4.201432228088379,-9.599883079528809,2.372217893600464,1.94273042678833,0.9048304557800293,-4.3480658531188965
7.475,2.0133769512176514,-8.334097862243652,0.4133169651031494,2.061910629272461,0.3543722629547119,-4.125622749328613
7.5,0.05413078889250755,-5.804627895355225,-0.20460636913776398,1.4677281379699707,0.43900543451309204,-3.792762517929077
7.525,-0.9218422174453735,-2.5895044803619385,-0.1594991683959961,0.7198307514190674,0.9640676975250244,-3.242276906967163
7.55,-0.38049137592315674,0.4549170732498169,-1.265272617340088,0.5948188900947571,1.759378433227539,-2.5416345596313477
7.575,0.1578323245048523,2.98417592048645,-3.1800668239593506,0.5985431671142578,2.2775323390960693,-2.0566508769989014
7.6,0.010467767715454102,4.1352858543396,-4.839804649353027,0.6862121224403381,2.721957206726074,-1.7300299406051636
7.625,-0.6456694602966309,4.172126770019531,-5.911675930023193,0.8635546565055847,2.7811715602874756,-1.632612705230713
7.65,-1.3067630529403687,2.969203472137451,-5.95751953125,0.9477198123931885,2.3623039722442627,-1.721274971961975
7.675,-3.029554843902588,0.1369871348142624,-4.342185974121094,0.8926568031311035,1.5112640857696533,-1.9287786483764648
7.7,-5.2234697341918945,-3.8008065223693848,-1.205450415611267,0.6705850958824158,1.1154485940933228,-1.8896478414535522
7.725,-5.037151336669922,-8.084207534790039,1.35304856300354,0.41789644956588745,1.1689716577529907,-0.730502188205719
7.75,-3.9131011962890625,-11.296533584594727,2.598381519317627,0.47319483757019043,0.8679265379905701,-0.06288781762123108
7.775,-2.4974050521850586,-13.271354675292969,3.514793634414673,0.4774726629257202,0.830687403678894,0.6801155209541321
7.8,0.21059918403625488,-14.766801834106445,3.6835594177246094,0.8344501256942749,0.9039689898490906,1.752480387687683
7.825,2.6388046741485596,-14.78373908996582,2.394998550415039,1.414253830909729,0.46918952465057373,2.306668281555176
7.85,3.8063907623291016,-13.23147201538086,-0.3433290719985962,2.1282877922058105,0.08473537117242813,2.7917251586914062
7.875,4.651329040527344,-10.96678638458252,-3.9581727981567383,2.848234176635742,0.5707623362541199,3.8557138442993164
7.9,5.612711429595947,-8.24831485748291,-6.475324630737305,3.3363289833068848,1.3421837091445923,5.2412590980529785
7.925,6.671714782714844,-4.969935417175293,-5.808909893035889,3.2163257598876953,1.490951657295227,6.085649490356445
7.95,6.765467643737793,-1.0696845054626465,-5.934389114379883,4.114831447601318,1.135841965675354,5.393198013305664
7.975,3.9361653327941895,2.3452160358428955,-8.33350658416748,6.004033088684082,0.6083566546440125,3.1522183418273926
8.0,1.3464319705963135,4.934508800506592,-10.038698196411133,7.454236030578613,0.4264479875564575,1.1708452701568604
8.025,0.48510313034057617,8.406753540039062,-11.39999008178711,8.388845443725586,0.6261473298072815,0.302251398563385
8.05,-1.3776822090148926,14.867923736572266,-12.589000701904297,8.833735466003418,0.8508878350257874,0.274057000875473
8.075,-2.8527398109436035,18.333147048950195,-10.104650497436523,8.045893669128418,0.5404859781265259,-0.12849588692188263
8.1,-3.0201663970947266,15.719803810119629,-5.184009075164795,6.12112283706665,-0.6647676229476929,0.8360158801078796
8.125,-5.613370895385742,12.205424308776855,0.40404513478279114,4.091400146484375,-2.1655662059783936,1.928020715713501
8.15,-6.962777614593506,8.937948226928711,3.5351717472076416,2.472390651702881,-3.1038405895233154,1.7636728286743164
8.175,-6.354458808898926,7.487776279449463,4.5790839195251465,1.971437692642212,-2.7157516479492188,0.8615818619728088
8.2,-5.492510795593262,7.952824115753174,3.5878961086273193,1.881424069404602,-1.698384404182434,0.2782144248485565
8.225,-4.213303565979004,7.8583550453186035,3.1602442264556885,1.7175933122634888,-1.3197002410888672,-0.10422033071517944
8.25,-2.90632963180542,5.752075672149658,4.941648006439209,1.0243721008300781,-1.5337191820144653,-0.6073654890060425
8.275,-1.9745711088180542,4.191134929656982,5.80195426940918,0.7195929884910583,-1.2817221879959106,-1.0625652074813843
8.3,-1.299689769744873,3.4022364616394043,3.334282875061035,0.6481192708015442,-0.7013882398605347,-1.3198421001434326
8.325,0.05044473707675934,1.988959550857544,0.6169018149375916,0.11646163463592529,-0.9692549109458923,-1.344731092453003
8.35,1.6456156969070435,0.013571605086326599,-0.040866732597351074,-0.5438731908798218,-1.5148519277572632,-1.3304591178894043
8.375,2.646794080734253,-1.7090373039245605,0.23291197419166565,-0.8523610234260559,-1.663267731666565,-1.3306840658187866
8.4,3.1865932941436768,-3.1456716060638428,0.7315300107002258,-0.979000449180603,-1.573272466659546,-1.379754662513733
8.425,3.7574586868286133,-4.3402228355407715,1.4194995164871216,-0.9991390705108643,-1.5493484735488892,-1.3804162740707397
8.45,4.596563816070557,-5.830522537231445,1.554635763168335,-1.200282335281372,-1.5538344383239746,-1.3806192874908447
8.475,5.4396514892578125,-7.369617938995361,1.0072226524353027,-1.2834501266479492,-1.4304964542388916,-1.2442636489868164
8.5,5.711019515991211,-8.008306503295898,0.5155338048934937,-1.174134612083435,-1.2646653652191162,-0.9166258573532104
8.525,5.792311191558838,-8.023660659790039,0.7641762495040894,-1.1439406871795654,-1.2818012237548828,-0.539798378944397
8.55,5.945375919342041,-7.0866312980651855,1.1489911079406738,-1.1356061697006226,-1.2949479818344116,-0.1953900009393692
8.575,6.007140159606934,-4.785730361938477,3.1258163452148438,-1.4436994791030884,-1.4296461343765259,0.1668621152639389
8.6,5.1338300704956055,-2.541421890258789,6.125694274902344,-1.5052218437194824,-0.7972546815872192,0.43887171149253845
8.625,3.4347400665283203,-1.7759568691253662,4.810667991638184,-0.25206753611564636,0.6463215947151184,0.7100545167922974
8.65,3.4190897941589355,-1.0787997245788574,3.87953519821167,-0.4382460415363312,0.7162278890609741,1.1893620491027832
8.675,4.912807464599609,1.018404483795166,4.67559289932251,-0.6620102524757385,0.4295941889286041,1.7352814674377441
8.7,5.988551616668701,4.706671714782715,5.072250843048096,-0.6959013342857361,0.4682173430919647,2.304154872894287
8.725,4.781731128692627,8.94820499420166,5.169858455657959,-0.6043877005577087,0.9522829651832581,2.7007505893707275
8.75,1.8393117189407349,11.771413803100586,5.551249980926514,-0.3694342374801636,2.132906198501587,2.6063621044158936
8.775,-0.33070826530456543,13.241333961486816,5.7760419845581055,-0.2963864505290985,3.6695547103881836,2.027493715286255
8.8,-1.5916221141815186,15.284222602844238,5.040721893310547,-0.13995277881622314,5.706749439239502,1.1070491075515747
8.825,-2.4753763675689697,16.047842025756836,1.7409944534301758,-0.3850048780441284,7.986163139343262,-0.18819256126880646
8.85,-2.2664108276367188,14.47417163848877,-3.238539457321167,-1.314245581626892,9.36500072479248,-1.5398920774459839
8.875,-3.8082330226898193,13.872852325439453,-8.900116920471191,-2.3802130222320557,9.760892868041992,-2.0011584758758545
8.9,-9.071495056152344,13.02723503112793,-12.841437339782715,-3.6591880321502686,8.304253578186035,-0.8663880825042725
8.925,-12.38095474243164,6.550204753875732,-13.007586479187012,-4.951120853424072,5.047665119171143,1.5594297647476196
8.95,-10.867642402648926,-1.2829779386520386,-10.08993148803711,-5.247363090515137,2.488436698913574,3.6647136211395264
8.975,-10.45953369140625,-7.597508430480957,-7.537917613983154,-5.144401550292969,1.814907431602478,3.3587729930877686
9.0,-9.418564796447754,-12.584763526916504,-6.493076324462891,-4.9059929847717285,0.5157681703567505,3.171754837036133
9.025,-5.991950988769531,-14.895906448364258,-6.136343479156494,-4.529689788818359,-0.5785995125770569,3.5392251014709473
9.05,-3.022453784942627,-15.78968620300293,-4.533888339996338,-4.657708644866943,-1.3045858144760132,2.908357858657837
9.075,-1.114815592765808,-16.558353424072266,-2.6523447036743164,-4.525932312011719,-2.0613393783569336,2.2120521068573
9.1,0.24590063095092773,-17.9200496673584,-0.9670777320861816,-3.906615972518921,-2.8378045558929443,1.884229063987732
9.125,3.1576988697052,-19.30669593811035,1.1135022640228271,-2.9855518341064453,-3.4005024433135986,2.448899269104004
9.15,8.164563179016113,-19.163921356201172,4.509590148925781,-1.9363725185394287,-3.5032362937927246,3.2495779991149902
9.175,13.209547996520996,-15.79288387298584,8.399091720581055,-0.7092884182929993,-3.1122798919677734,4.203041076660156
9.2,15.208578109741211,-9.54824161529541,7.355913162231445,1.0604981184005737,-1.994262456893921,4.547509670257568
9.225,13.369340896606445,-3.894242763519287,-2.9333503246307373,3.332850694656372,-0.26138490438461304,3.5583338737487793
9.25,10.80583381652832,1.2911688089370728,-13.898329734802246,5.14728307723999,2.186955213546753,3.487511396408081
9.275,7.792327404022217,8.481151580810547,-11.754443168640137,5.2628560066223145,2.9378085136413574,4.873088836669922
9.3,7.799107551574707,11.953665733337402,-5.289614677429199,5.643370151519775,4.345877170562744,2.63734769821167
9.325,11.664206504821777,14.397201538085938,-5.539361000061035,5.5898823738098145,6.2236223220825195,0.07589336484670639
9.35,4.123085021972656,17.661821365356445,-13.702263832092285,4.880496978759766,10.946955680847168,-3.377164840698242
9.375,-7.32666015625,20.56475830078125,-13.797531127929688,2.3013243675231934,12.61705493927002,-4.257678031921387
9.4,-11.202512741088867,17.478805541992188,-8.518280029296875,-1.8525246381759644,11.110462188720703,-2.505592107772827
9.425,-16.862274169921875,17.18236541748047,-0.5017231702804565,-3.2122626304626465,10.788536071777344,-0.2815535068511963
9.45,-21.188337326049805,14.366726875305176,6.453252792358398,-3.7025318145751953,9.100626945495605,2.2069602012634277
9.475,-21.117172241210938,6.210280895233154,10.383358001708984,-3.2166004180908203,6.713822364807129,4.154842376708984
9.5,-17.260818481445312,-2.341426372528076,11.1599702835083,-2.2215423583984375,4.900319576263428,4.918984413146973
9.525,-12.526056289672852,-7.089693546295166,8.314372062683105,-0.06493246555328369,3.5804154872894287,4.802361965179443
9.55,-9.732522964477539,-8.51281452178955,4.427060127258301,1.9074958562850952,2.845921039581299,3.9935824871063232
9.575,-7.646145820617676,-10.233129501342773,2.9158637523651123,0.9381985068321228,2.125178098678589,3.3435165882110596
9.6,-4.877038955688477,-12.930147171020508,3.461879253387451,-0.41907697916030884,1.289493203163147,2.790753126144409
9.625,-2.1993043422698975,-15.030233383178711,4.487684726715088,-0.8147811889648438,0.5615543127059937,2.02826189994812
9.65,-1.547875165939331,-15.385557174682617,5.492379188537598,-0.3074985146522522,0.06425002962350845,0.8249016404151917
9.675,-2.988914728164673,-14.889617919921875,6.110424041748047,0.781929075717926,-0.5459833741188049,-0.39066648483276367
9.7,-6.0211591720581055,-14.15514850616455,5.569093227386475,2.277960777282715,-1.234100341796875,-1.5012686252593994
9.725,-9.658524513244629,-12.816194534301758,3.46186900138855,3.8765883445739746,-1.9980049133300781,-2.336482286453247
9.75,-12.667183876037598,-10.920763969421387,1.2108969688415527,4.809868335723877,-2.921203136444092,-2.714136838912964
9.775,-15.374476432800293,-9.063157081604004,-0.3617747724056244,4.856381893157959,-3.804619073867798,-2.9719130992889404
9.8,-18.437711715698242,-5.990581512451172,-2.6575329303741455,4.98949670791626,-4.601837635040283,-3.3661065101623535
9.825,-20.59625244140625,-0.018413536250591278,-6.140448570251465,5.272686004638672,-5.5522990226745605,-3.571566343307495
9.85,-20.73624038696289,5.673389911651611,-9.633637428283691,4.545515537261963,-6.481287479400635,-3.829010009765625
9.875,-19.240324020385742,10.185606002807617,-13.96488094329834,3.5757172107696533,-7.123559474945068,-4.2866530418396
9.9,-15.255160331726074,15.183001518249512,-18.776456832885742,3.0032801628112793,-7.789912223815918,-4.670656681060791
9.925,-8.770313262939453,19.517566680908203,-22.262014389038086,2.522688388824463,-8.322449684143066,-4.877371788024902
9.95,-0.9690046310424805,21.113805770874023,-23.37955665588379,1.9883332252502441,-8.707242965698242,-4.903327941894531
9.975,6.519691467285156,19.806745529174805,-22.610952377319336,1.47487211227417,-8.847809791564941,-4.760348796844482
10.0,13.553037643432617,16.84556007385254,-20.546588897705078,1.0650744438171387,-8.630255699157715,-4.328059673309326
10.025,19.152204513549805,14.621244430541992,-16.707725524902344,0.7044309377670288,-8.275276184082031,-3.8182055950164795
10.05,22.87877655029297,14.471388816833496,-12.413506507873535,0.7116232514381409,-7.613591194152832,-3.3905105590820312
10.075,26.239505767822266,12.332514762878418,-8.028223037719727,1.2888771295547485,-6.935883045196533,-3.586352586746216
10.1,28.32086944580078,8.15853500366211,-0.49267125129699707,1.4358991384506226,-7.125207901000977,-3.654881477355957
10.125,27.028413772583008,4.327122688293457,8.297368049621582,0.9414487481117249,-7.212094306945801,-3.632842779159546
10.15,22.668560028076172,0.9405466914176941,13.568720817565918,0.8953545093536377,-6.657763957977295,-3.5836551189422607
10.175,16.725332260131836,-1.927093744277954,14.300594329833984,1.2919883728027344,-5.9709672927856445,-3.2794158458709717
10.2,11.557724952697754,-3.8259100914001465,12.905145645141602,1.7107985019683838,-5.306366443634033,-2.7625138759613037
10.225,7.433692455291748,-4.712718963623047,12.767760276794434,1.4024384021759033,-4.827348709106445,-2.807931900024414
10.25,4.513642311096191,-5.166107654571533,13.339391708374023,1.2990586757659912,-4.307878017425537,-2.7881152629852295
10.275,2.7496562004089355,-5.986294269561768,13.00620174407959,1.3655797243118286,-3.7225635051727295,-2.7562217712402344
10.3,1.0684196949005127,-6.667572975158691,11.430378913879395,1.7071447372436523,-3.210989475250244,-2.869284152984619
10.325,-0.4273200035095215,-6.874326705932617,9.592799186706543,2.158921718597412,-2.644576072692871,-2.7626261711120605
10.35,-1.5431315898895264,-7.952827453613281,7.970376968383789,2.5827791690826416,-2.143263578414917,-2.2087032794952393
10.375,-2.5767548084259033,-9.873723030090332,5.901115894317627,2.781219482421875,-1.7932207584381104,-1.467150330543518
10.4,-3.6686105728149414,-10.63181209564209,3.807384967803955,2.625699281692505,-1.6059918403625488,-1.009813666343689
10.425,-4.195023536682129,-11.033859252929688,2.5692296028137207,2.233957052230835,-1.46212899684906,-0.2724379897117615
10.45,-4.612185001373291,-11.576530456542969,0.9450189471244812,1.8215742111206055,-1.3324248790740967,0.08052551746368408
10.475,-4.687129020690918,-11.201476097106934,-0.4008336663246155,1.2340750694274902,-1.0894395112991333,0.22523216903209686
10.5,-4.183117389678955,-10.629384994506836,0.17452967166900635,0.5011625289916992,-0.7242698669433594,0.6239474415779114
10.525,-3.929729461669922,-10.331230163574219,1.5790640115737915,-0.17251425981521606,-0.5012845993041992,0.8593329191207886
10.55,-3.905536651611328,-10.333786010742188,2.5985031127929688,-0.6468908190727234,-0.1692289561033249,0.8694190382957458
10.575,-3.7428200244903564,-10.263069152832031,3.373872995376587,-1.0604695081710815,0.28972601890563965,0.8548222780227661
10.6,-3.069390296936035,-10.137323379516602,4.4975738525390625,-1.55631685256958,0.7577219009399414,1.032982349395752
10.625,-2.099111557006836,-9.458610534667969,6.183928489685059,-2.1563453674316406,1.210227608680725,1.23875892162323
10.65,-1.0179235935211182,-7.427325248718262,8.161293029785156,-2.8115429878234863,1.6271867752075195,1.5249830484390259
10.675,1.0793309211730957,-4.411864757537842,8.750021934509277,-3.116795063018799,1.881150722503662,2.3543765544891357
10.7,4.276517868041992,-1.2728688716888428,7.314043998718262,-3.2860701084136963,2.1966938972473145,3.021057367324829
10.725,6.118714332580566,0.83101886510849,4.7238616943359375,-3.4592723846435547,2.1545493602752686,2.8937110900878906
10.75,5.318389892578125,2.119453191757202,3.185173273086548,-3.7309346199035645,1.5470024347305298,2.2103617191314697
10.775,5.285770416259766,4.46247673034668,0.5626674294471741,-3.930485486984253,1.3064303398132324,2.467003107070923
10.8,7.7770538330078125,6.8484206199646,-4.7483086585998535,-3.8263607025146484,1.6472684144973755,3.0223886966705322
10.825,8.868735313415527,7.906762599945068,-7.307306289672852,-3.328244686126709,1.203194260597229,3.261676788330078
10.85,6.195038795471191,8.938863754272461,-6.454961776733398,-2.908281087875366,0.3169359266757965,3.3795557022094727
10.875,4.351456642150879,11.06627082824707,-7.9825663566589355,-2.8839855194091797,0.39166659116744995,3.653792142868042
10.9,7.397940635681152,12.176630973815918,-12.254981994628906,-2.469456434249878,1.0883815288543701,4.090399265289307
10.925,12.655362129211426,11.822272300720215,-13.982728958129883,-2.170858383178711,-0.11773784458637238,3.8190176486968994
10.95,13.599557876586914,12.503555297851562,-11.190961837768555,-1.863292932510376,-4.038569450378418,2.7220497131347656
10.975,8.632941246032715,15.208456039428711,-6.0762410163879395,-0.6955488920211792,-7.151528358459473,2.265385627746582
11.0,1.0816514492034912,18.4471492767334,-3.921626091003418,0.42227238416671753,-7.652960777282715,2.6127140522003174
11.025,-4.1640825271606445,20.11762046813965,-4.671160697937012,1.3246772289276123,-6.662117958068848,2.7345776557922363
11.05,-6.545124530792236,19.09493064880371,-3.460319757461548,2.2025609016418457,-5.741332054138184,2.8902788162231445
11.075,-7.411555767059326,14.910018920898438,-1.7656980752944946,3.2578978538513184,-4.988295078277588,2.6993608474731445
11.1,-7.478991508483887,11.085797309875488,-1.31559419631958,3.581524133682251,-3.910677433013916,2.774503469467163
11.125,-8.00214672088623,8.803465843200684,-0.5047304034233093,3.307861328125,-2.9233016967773438,2.9477760791778564
11.15,-8.837780952453613,5.699661731719971,0.41636040806770325,3.393833637237549,-2.244828701019287,3.066075086593628
11.175,-9.351512908935547,1.1388548612594604,0.4711378514766693,3.9657773971557617,-1.65381920337677,2.9908828735351562
11.2,-9.662799835205078,-3.2479922771453857,0.16736598312854767,4.179856300354004,-0.9502317309379578,2.893326759338379
11.225,-9.281386375427246,-5.962948322296143,-0.3559728264808655,4.0701584815979,-0.21872209012508392,2.73820424079895
11.25,-8.536373138427734,-6.808059215545654,-0.9663957357406616,3.702781915664673,0.42531314492225647,2.6692099571228027
11.275,-8.067103385925293,-6.9695234298706055,-0.6170564889907837,3.049326181411743,0.9148229360580444,2.851201057434082
11.3,-7.226497173309326,-7.905277252197266,0.552821159362793,2.729304313659668,1.235960602760315,3.2143139839172363
11.325,-5.601674556732178,-9.496304512023926,1.5307350158691406,2.8720898628234863,1.4651912450790405,3.4632699489593506
11.35,-4.063767433166504,-10.811957359313965,1.5188082456588745,3.252455234527588,1.6443129777908325,3.3187263011932373
11.375,-2.9952619075775146,-11.153583526611328,0.9608694911003113,3.485593557357788,1.9187465906143188,2.905383825302124
11.4,-2.776634454727173,-10.88802719116211,0.3532703220844269,3.5513722896575928,2.449788808822632,2.401210069656372
11.425,-3.155010223388672,-10.423226356506348,-0.38292476534843445,3.544862985610962,3.076066255569458,2.012026071548462
11.45,-3.275716543197632,-9.755630493164062,-1.0027183294296265,3.3912274837493896,3.5111262798309326,1.8205132484436035
11.475,-2.4299588203430176,-8.950428009033203,-0.9007394313812256,2.8668410778045654,3.44525408744812,1.85227632522583
11.5,-1.2595053911209106,-7.8614888191223145,-0.540314257144928,2.3879878520965576,3.205146551132202,1.793980598449707
11.525,-1.179975986480713,-6.8003458976745605,-0.7419589161872864,2.2420618534088135,3.5279290676116943,1.3750790357589722
11.55,-2.238018751144409,-6.519407749176025,-0.8825593590736389,2.0193369388580322,4.344897747039795,0.7901754975318909
11.575,-3.146498203277588,-6.908166885375977,-0.0256592258810997,1.3734971284866333,4.894304275512695,0.5162553787231445
11.6,-2.9065558910369873,-6.802756309509277,0.9836410880088806,0.7256368398666382,4.80134916305542,0.5453925728797913
11.625,-2.2533483505249023,-6.726703643798828,1.1461488008499146,0.18957369029521942,4.3855671882629395,0.7306111454963684
11.65,-2.216322422027588,-7.3551459312438965,1.2013294696807861,-0.5456233024597168,4.414291858673096,0.7260410189628601
11.675,-2.172802448272705,-8.531893730163574,2.068831443786621,-1.5951886177062988,4.722835540771484,0.7679855823516846
11.7,-1.4591764211654663,-10.086617469787598,3.48686146736145,-2.755042552947998,4.954329967498779,1.0203608274459839
11.725,-0.4383169412612915,-11.570229530334473,4.971522331237793,-3.9891157150268555,4.972969055175781,1.2765177488327026
11.75,1.267493486404419,-12.458499908447266,7.145203113555908,-5.273660182952881,4.586021423339844,1.7060515880584717
11.775,4.675461769104004,-12.083754539489746,10.980329513549805,-6.640420913696289,4.2147216796875,2.4276814460754395
11.8,9.168069839477539,-9.28376579284668,16.25963592529297,-8.08837890625,4.091776371002197,3.0012972354888916
11.825,14.091283798217773,-2.486135244369507,22.37413787841797,-9.799432754516602,4.338006973266602,3.380945920944214
11.85,18.978546142578125,10.474234580993652,26.767873764038086,-11.009032249450684,4.665249347686768,4.128462791442871
11.875,21.69223403930664,25.576108932495117,25.160520553588867,-8.21350383758545,5.716130256652832,6.6787567138671875
11.9,23.675552368164062,30.35310173034668,18.673898696899414,0.6967787742614746,10.181991577148438,7.903926849365234
11.925,28.181718826293945,28.39878273010254,4.891584396362305,5.4661664962768555,15.155476570129395,4.461246967315674
11.95,25.054161071777344,28.067583084106445,-12.186127662658691,3.3480021953582764,15.223464965820312,0.4268454313278198
11.975,14.08822250366211,27.03261947631836,-24.233612060546875,-0.17484235763549805,13.545356750488281,-1.6620569229125977
12.0,1.847412109375,19.942602157592773,-29.46100425720215,-3.779320478439331,10.888812065124512,-1.321527361869812
12.025,-6.238330841064453,10.237147331237793,-27.765043258666992,-6.032080173492432,7.791774749755859,1.309411883354187
12.05,-9.280050277709961,2.9565093517303467,-21.99916648864746,-5.981685638427734,6.1241536140441895,2.4523673057556152
12.075,-9.247369766235352,-1.1810510158538818,-15.435796737670898,-5.45265531539917,5.263761043548584,2.190037250518799
12.1,-7.957412242889404,-2.313962697982788,-10.005759239196777,-5.034661293029785,4.551588535308838,1.8202892541885376
12.125,-7.498283863067627,-3.215073347091675,-5.698806285858154,-4.929522514343262,3.5453433990478516,0.38431641459465027
12.15,-7.7258100509643555,-5.032584190368652,-2.087953805923462,-4.916961193084717,2.2117364406585693,-0.7869207859039307
12.175,-7.509413719177246,-6.945936679840088,0.21884259581565857,-4.271742820739746,0.6854421496391296,-0.9022834300994873
12.2,-5.9225358963012695,-8.832481384277344,0.44538694620132446,-2.9518706798553467,-0.4838096499443054,-0.09666542708873749
12.225,-3.3109986782073975,-10.381978034973145,-0.8936476707458496,-2.015610694885254,-1.2942109107971191,1.0363956689834595
12.25,-0.9269094467163086,-11.433971405029297,-2.617734670639038,-1.5057220458984375,-2.0137484073638916,1.7742788791656494
12.275,0.950435996055603,-11.562954902648926,-3.292377471923828,-1.401024341583252,-2.657114028930664,2.3775508403778076
12.3,2.38761043548584,-10.762770652770996,-3.522475481033325,-1.3600229024887085,-3.259192943572998,2.4987196922302246
12.325,3.366143226623535,-9.785402297973633,-3.540940761566162,-1.4352041482925415,-4.004134178161621,2.1375021934509277
12.35,3.7584280967712402,-9.779519081115723,-2.9745585918426514,-1.5534045696258545,-4.93467378616333,1.4984639883041382
12.375,3.607755184173584,-11.123475074768066,-1.6584858894348145,-1.5986919403076172,-5.820117950439453,1.1383775472640991
12.4,3.7165277004241943,-12.570571899414062,-0.012563279829919338,-1.6240143775939941,-6.355902194976807,1.457462191581726
12.425,5.32918119430542,-12.266852378845215,2.1987807750701904,-1.8863022327423096,-6.383840084075928,2.414808988571167
12.45,7.177180767059326,-9.363798141479492,5.757628440856934,-2.2643983364105225,-6.193767547607422,3.2767255306243896
12.475,6.487298488616943,-5.140442371368408,9.101223945617676,-2.1839098930358887,-5.971004962921143,3.494506359100342
12.5,3.9379565715789795,-2.0738658905029297,9.920811653137207,-1.6573305130004883,-5.131643295288086,3.536522626876831
12.525,1.8065862655639648,-0.2144007831811905,9.556779861450195,-1.1431114673614502,-4.179309368133545,3.5305981636047363
12.55,0.9073789119720459,0.7415511012077332,9.252152442932129,-0.5701905488967896,-3.450150489807129,3.7185134887695312
12.575,1.855762243270874,0.9976345896720886,7.947362899780273,-0.5789086818695068,-2.376389980316162,4.1855974197387695
12.6,4.307658672332764,0.8654504418373108,5.833921432495117,-1.167978048324585,-1.4416545629501343,4.620820045471191
12.625,7.103698253631592,1.3828834295272827,5.51110315322876,-1.3012961149215698,-0.7875736951828003,5.123366355895996
12.65,8.725403785705566,3.455160617828369,6.628068447113037,-1.861568808555603,-0.029912905767560005,5.268949031829834
12.675,8.247212409973145,5.983890056610107,7.228299617767334,-1.852862000465393,0.7881669998168945,5.180481910705566
12.7,7.190493106842041,8.444998741149902,6.951782703399658,-0.7708754539489746,2.4282078742980957,5.2541823387146
12.725,6.671814918518066,10.62100887298584,5.703617095947266,0.7024760246276855,4.430483818054199,5.051548480987549
12.75,6.075344085693359,12.039939880371094,3.086620569229126,1.958310604095459,6.563325881958008,4.301962375640869
12.775,4.558466911315918,11.905426025390625,0.9068397283554077,2.470781087875366,8.203182220458984,2.9530694484710693
12.8,3.844033718109131,9.532026290893555,-0.0683203786611557,2.1245310306549072,9.281091690063477,1.2539268732070923
12.825,4.034741401672363,8.113609313964844,-2.594326972961426,1.1679537296295166,10.45254135131836,0.3316399157047272
12.85,2.810696840286255,8.40362548828125,-7.0532026290893555,0.4243217706680298,11.827506065368652,-0.06307637691497803
12.875,-0.0669245719909668,7.730900287628174,-9.538763046264648,-0.5701930522918701,11.94383430480957,-0.4872366786003113
12.9,-2.167982816696167,6.10032320022583,-8.7103910446167,-1.6504504680633545,10.251380920410156,-0.19581252336502075
12.925,-4.0847883224487305,4.022679328918457,-7.290904998779297,-2.1585898399353027,8.184269905090332,0.6979898810386658
12.95,-5.421215534210205,1.2991712093353271,-5.506113052368164,-2.0987939834594727,6.02067232131958,1.621121883392334
12.975,-4.943543910980225,-0.524726390838623,-3.9756102561950684,-1.6496713161468506,4.236276149749756,2.3065528869628906
13.0,-3.9093668460845947,-0.7359205484390259,-3.5659990310668945,-1.1146645545959473,3.2661454677581787,2.5630128383636475
13.025,-3.657927989959717,-0.3157363831996918,-3.7952799797058105,-0.825568437576294,3.094538927078247,2.278262138366699
13.05,-3.239910125732422,0.19157928228378296,-3.6366491317749023,-0.8497394919395447,3.1039540767669678,1.7676314115524292
13.075,-2.333444595336914,1.1234773397445679,-2.7363038063049316,-0.9423149824142456,3.0883078575134277,1.4205585718154907
13.1,-1.6322870254516602,1.7167363166809082,-1.51768958568573,-1.185225009918213,3.15555477142334,1.0633244514465332
13.125,-1.1450861692428589,1.6407703161239624,-0.4686213433742523,-1.5261462926864624,3.3126652240753174,0.6078284382820129
13.15,-0.31100043654441833,1.734508752822876,0.40340763330459595,-1.4378501176834106,3.2228097915649414,0.4834577739238739
13.175,0.6355923414230347,2.344148874282837,1.291500210762024,-1.206979751586914,3.0880861282348633,0.4445054531097412
13.2,1.1185846328735352,2.540093421936035,1.786696434020996,-1.5263489484786987,3.1654889583587646,0.1826189011335373
13.225,1.3257288932800293,1.7714101076126099,1.3995224237442017,-2.042401075363159,3.0163285732269287,0.11483034491539001
13.25,1.32301664352417,0.455192506313324,0.7368711233139038,-2.220560073852539,2.6690685749053955,0.316897451877594
13.275,1.264035701751709,-0.48680609464645386,0.42718127369880676,-2.08115291595459,2.281029224395752,0.5194299817085266
13.3,1.2051177024841309,-0.4443456530570984,0.3688584268093109,-1.8870385885238647,1.9222079515457153,0.6721476316452026
13.325,0.8522743582725525,0.15521329641342163,0.319461464881897,-1.912008285522461,1.6989827156066895,0.8140599727630615
13.35,0.1698809415102005,0.1948404461145401,0.2421102374792099,-2.2155885696411133,1.528456687927246,1.009947657585144
13.375,-0.6554950475692749,-0.7958574891090393,0.3218328058719635,-2.813887119293213,1.3711881637573242,1.2435158491134644
13.4,-1.3751633167266846,-2.5409157276153564,0.42486482858657837,-3.3515822887420654,1.1562384366989136,1.5178632736206055
13.425,-1.7606061697006226,-4.725477695465088,0.14617234468460083,-3.647366523742676,0.786705732345581,1.8494218587875366
13.45,-2.1504087448120117,-7.26240873336792,-0.1912742257118225,-4.140594482421875,0.3809885084629059,2.136870861053467
13.475,-2.4902138710021973,-10.31192398071289,0.47595950961112976,-4.7238874435424805,-0.1653692126274109,2.479088544845581
13.5,-2.244154691696167,-13.317771911621094,2.3905394077301025,-4.65549373626709,-0.8186748027801514,2.874246120452881
13.525,-1.5258817672729492,-15.141120910644531,4.429009437561035,-3.694875717163086,-1.395534634590149,3.250145196914673
13.55,-0.752800464630127,-15.82994556427002,5.748851776123047,-2.3596396446228027,-2.0374560356140137,3.504729986190796
13.575,-0.19674289226531982,-16.084585189819336,6.388515949249268,-0.7924345135688782,-2.71089506149292,3.6667280197143555
13.6,-0.2643253803253174,-16.973987579345703,6.410591125488281,1.0838196277618408,-3.371417760848999,3.6596806049346924
13.625,-0.799052894115448,-19.231266021728516,4.539632797241211,3.7424466609954834,-3.571005344390869,3.6407742500305176
13.65,-0.7635576725006104,-21.90230369567871,-0.38866907358169556,6.860915184020996,-3.064976215362549,3.961111068725586
13.675,0.8429465293884277,-22.736459732055664,-7.71745491027832,9.476053237915039,-2.424034357070923,4.724617958068848
13.7,3.9583563804626465,-18.380949020385742,-16.006210327148438,11.38125991821289,-1.9802923202514648,5.942553520202637
13.725,5.527644157409668,-4.662973880767822,-21.145055770874023,12.635175704956055,-2.065826416015625,7.7348856925964355
13.75,-0.28119897842407227,16.279138565063477,-15.856689453125,12.955000877380371,-3.5252628326416016,8.534858703613281
13.775,-10.202685356140137,30.165672302246094,-2.8508617877960205,11.29838752746582,-5.329525470733643,4.956873893737793
13.8,-8.030409812927246,28.695816040039062,1.5962016582489014,7.554884433746338,-3.7221078872680664,-3.942676544189453
13.825,0.5165064334869385,19.71858787536621,-7.5450825691223145,5.793666362762451,1.624208927154541,-11.276546478271484
13.85,2.9969406127929688,20.219358444213867,-14.24571704864502,6.958361625671387,2.3116650581359863,-10.307263374328613
13.875,6.354766845703125,21.63704490661621,-8.04226303100586,6.311708450317383,-1.9859405755996704,-6.642557144165039
13.9,6.353504180908203,14.526241302490234,-0.6189967393875122,3.875532627105713,-5.225457668304443,-4.143711566925049
13.925,4.196921348571777,11.62098503112793,2.5655906200408936,-0.043129026889801025,-8.267350196838379,-1.6213897466659546
13.95,5.705852031707764,11.325488090515137,3.4673328399658203,-2.449913263320923,-8.774103164672852,-1.3827720880508423
13.975,8.884086608886719,7.985369682312012,6.487280368804932,-2.7849175930023193,-7.961280822753906,-1.9418702125549316
14.0,8.963212966918945,4.011776447296143,10.646954536437988,-3.052493095397949,-6.9030632972717285,-2.349085569381714
14.025,7.410338401794434,1.2011491060256958,11.455140113830566,-2.490299701690674,-4.848048686981201,-2.838813066482544
14.05,6.595698833465576,-1.1246671676635742,9.669004440307617,-0.8320810794830322,-2.5288243293762207,-2.9973983764648438
14.075,5.739482402801514,-2.958491325378418,8.1131010055542,0.18938934803009033,-1.3190540075302124,-2.905282735824585
14.1,4.401968479156494,-3.9328434467315674,7.32765531539917,0.1423899531364441,-0.8448249101638794,-2.7778115272521973
14.125,3.19625186920166,-3.828324794769287,6.764021873474121,-0.5076681971549988,-0.605056881904602,-2.6846158504486084
14.15,2.8609023094177246,-3.043948173522949,6.540624141693115,-1.3823378086090088,-0.28902116417884827,-2.683950424194336
14.175,3.4159998893737793,-2.8332269191741943,6.483860492706299,-1.4953477382659912,0.3247024416923523,-2.6988179683685303
14.2,4.430360794067383,-3.2269277572631836,5.995822429656982,-0.7971785068511963,1.137187123298645,-2.6067633628845215
14.225,5.415729522705078,-3.7827556133270264,5.019602298736572,0.25557172298431396,1.8720568418502808,-2.4817111492156982
14.25,5.823538780212402,-4.212193965911865,3.969086170196533,1.2544479370117188,2.3737480640411377,-2.371934175491333
14.275,5.7611565589904785,-4.514923572540283,2.9990477561950684,1.9647116661071777,2.6911704540252686,-2.2558484077453613
14.3,5.666456699371338,-5.00062370300293,1.7072622776031494,2.2305827140808105,2.9397919178009033,-2.065927267074585
14.325,5.47211217880249,-5.17440128326416,-0.12301836907863617,1.9715938568115234,3.1199653148651123,-1.7233887910842896
14.35,4.983936309814453,-5.081928253173828,-1.825836420059204,1.6833372116088867,3.1952977180480957,-1.3360666036605835
14.375,4.349828720092773,-5.473148345947266,-2.30511212348938,1.6907861232757568,3.025768518447876,-1.1200590133666992
14.4,4.123683452606201,-6.30853796005249,-1.8780179023742676,1.88985013961792,2.7927184104919434,-1.0090224742889404
14.425,4.447099685668945,-6.647604942321777,-2.191516399383545,2.1126410961151123,2.856269121170044,-0.6846976280212402
14.45,4.588402271270752,-6.059216022491455,-3.748506546020508,2.3847455978393555,3.242004156112671,-0.1816151887178421
14.475,4.09318733215332,-5.319766521453857,-5.043950080871582,2.6089565753936768,3.5000665187835693,0.04520244896411896
14.5,3.7183172702789307,-4.865427494049072,-5.567155361175537,2.8721070289611816,3.5058326721191406,-0.07886300981044769
14.525,3.4713211059570312,-3.8978967666625977,-6.52598237991333,3.4317994117736816,3.607104539871216,-0.38187018036842346
14.55,2.7355401515960693,-2.0074408054351807,-7.44527006149292,3.8607823848724365,3.7866101264953613,-0.6114510297775269
14.575,1.9719018936157227,-0.772926390171051,-6.964305877685547,3.8312485218048096,3.802072286605835,-1.0601195096969604
14.6,2.101332426071167,-0.7640734910964966,-5.762456893920898,3.6209535598754883,3.7953879833221436,-1.4498000144958496
14.625,2.5710110664367676,-0.23162373900413513,-4.98939323425293,3.4079883098602295,3.7587666511535645,-1.1566956043243408
14.65,2.2244327068328857,1.5266497135162354,-4.297009468078613,3.3314781188964844,3.864291191101074,-0.6505848169326782
14.675,1.9424207210540771,3.8893580436706543,-2.8711602687835693,3.4253363609313965,4.229696750640869,-0.6285626888275146
14.7,2.5394513607025146,7.250064849853516,-0.8486416339874268,3.566138505935669,4.933157444000244,-1.0239179134368896
14.725,2.2243378162384033,11.554815292358398,1.636419415473938,3.433474063873291,5.9855241775512695,-1.2138187885284424
14.75,2.5487771034240723,13.207833290100098,3.192723035812378,2.338984966278076,5.814130783081055,-0.1687074452638626
14.775,4.171857833862305,12.352126121520996,1.673387885093689,1.2604202032089233,5.008894443511963,0.9945539236068726
14.8,2.4998884201049805,13.188153266906738,0.5914220809936523,0.8620603680610657,6.349163055419922,0.6446613073348999
14.825,-0.5834619998931885,13.67383861541748,0.7551851868629456,0.1829850673675537,7.645459175109863,0.5820059776306152
14.85,-2.63114070892334,12.40871524810791,0.4242699444293976,-0.2856939435005188,7.462520599365234,1.2230701446533203
14.875,-5.193992614746094,9.367895126342773,2.1242635250091553,-0.5297226905822754,6.7538275718688965,1.8009939193725586
14.9,-6.951276779174805,4.714797019958496,6.70515775680542,-0.48060309886932373,5.485657691955566,2.3789377212524414
14.925,-7.001469135284424,0.37683039903640747,10.419158935546875,-0.2593247890472412,3.5897862911224365,2.5683090686798096
14.95,-6.530989646911621,-2.0874195098876953,9.852009773254395,0.3624250292778015,1.193255066871643,2.5080368518829346
14.975,-6.702968597412109,-3.648254632949829,6.515061378479004,0.7340551018714905,-0.752860426902771,2.522233009338379
15.0,-7.315984725952148,-5.194464683532715,2.580376148223877,0.6687319278717041,-2.03395414352417,2.717874050140381
15.025,-8.095830917358398,-6.6761298179626465,-0.8489387035369873,0.30294638872146606,-2.7792422771453857,2.858712673187256
15.05,-8.491137504577637,-8.210369110107422,-3.547964334487915,-0.05247974395751953,-3.3517637252807617,2.981976270675659
15.075,-7.881137847900391,-9.781073570251465,-5.472850322723389,-0.16141915321350098,-3.8164772987365723,3.1703996658325195
15.1,-6.69841194152832,-11.011488914489746,-6.233642578125,-0.02488422393798828,-4.09507417678833,3.1964316368103027
15.125,-6.05418586730957,-11.672869682312012,-6.322762489318848,0.4170075058937073,-4.324982643127441,2.9510438442230225
15.15,-5.659147262573242,-11.974410057067871,-6.909677028656006,1.192068099975586,-4.686243057250977,2.7184088230133057
15.175,-4.378748893737793,-11.409224510192871,-7.920957088470459,2.170745849609375,-5.035922050476074,2.648188591003418
15.2,-2.6122024059295654,-9.985978126525879,-8.206361770629883,2.918799877166748,-5.165728569030762,2.426798105239868
15.225,-1.3694562911987305,-8.664641380310059,-7.603125095367432,3.4588282108306885,-5.104032516479492,1.963739275932312
15.25,-0.86440110206604,-7.438902854919434,-7.0644354820251465,4.031673431396484,-4.899951934814453,1.3554322719573975
15.275,-1.015141248703003,-5.043492317199707,-7.458114147186279,4.674281120300293,-4.440701007843018,0.5816746354103088
15.3,-1.3114268779754639,-0.03828297182917595,-8.433403968811035,5.297191143035889,-3.9203739166259766,-0.062491171061992645
15.325,-0.4818685054779053,7.67519998550415,-7.69175910949707,5.5644850730896,-3.985884189605713,-0.21699798107147217
15.35,1.7990058660507202,13.563786506652832,-3.5459067821502686,5.005313873291016,-4.492655277252197,-0.591367781162262
15.375,4.117326736450195,13.026833534240723,2.3369483947753906,3.801400661468506,-4.644227027893066,-1.5901011228561401
15.4,3.9691944122314453,8.8877534866333,6.474824905395508,2.7750024795532227,-3.6062960624694824,-2.5274205207824707
15.425,1.3016893863677979,6.346665859222412,6.544765949249268,2.496708393096924,-1.5784696340560913,-2.9355249404907227
15.45,-0.7440902590751648,5.706660747528076,4.229320526123047,2.1358742713928223,-1.137133240699768,-2.5133321285247803
15.475,-0.5019320845603943,4.802299976348877,2.4285356998443604,1.1946251392364502,-2.661360025405884,-1.6721570491790771
15.5,0.5574118494987488,3.8908724784851074,2.201869487762451,-0.06231686472892761,-4.372071743011475,-0.8887564539909363
15.525,2.0624043941497803,3.249282121658325,2.4115257263183594,-1.0963412523269653,-4.828606605529785,-0.6908052563667297
15.55,3.8147008419036865,2.77241587638855,3.7180936336517334,-1.5716052055358887,-4.444522857666016,-0.8364720344543457
15.575,4.500848770141602,2.725672483444214,5.138721466064453,-1.769418478012085,-3.7806971073150635,-0.924645185470581
15.6,4.329012870788574,2.327890157699585,4.934675216674805,-1.7726633548736572,-2.931821584701538,-1.1343774795532227
15.625,4.272076606750488,1.5936801433563232,3.853978395462036,-1.3585329055786133,-2.0569894313812256,-1.4314002990722656
15.65,4.71907377243042,1.4267879724502563,2.9076664447784424,-0.8856045007705688,-1.4507299661636353,-1.5285001993179321
15.675,5.648364067077637,1.432029366493225,1.960873007774353,-0.8039713501930237,-1.2115700244903564,-1.4724512100219727
15.7,6.441664218902588,1.14585542678833,0.9580235481262207,-0.9416385293006897,-1.098546028137207,-1.313827395439148
15.725,6.611617565155029,0.6588349342346191,0.1237834095954895,-1.0007169246673584,-0.8946987986564636,-1.1181477308273315
15.75,6.598220348358154,-0.23659667372703552,-0.23011209070682526,-0.9400910139083862,-0.6326867341995239,-1.0113897323608398
15.775,6.635499477386475,-1.0712525844573975,-0.34652194380760193,-0.7947829961776733,-0.36925631761550903,-0.8328306674957275
15.8,6.144402980804443,-1.4487720727920532,-0.8174533843994141,-0.5386263728141785,-0.06431389600038528,-0.5676528811454773
15.825,4.408608913421631,-1.880203366279602,-1.1550569534301758,-0.16983190178871155,0.18849915266036987,-0.40861326456069946
15.85,1.932945966720581,-2.7546768188476562,-0.849118709564209,0.20676150918006897,0.33967125415802,-0.3569447696208954
15.875,0.17005981504917145,-3.601006507873535,-0.3368423581123352,0.33395159244537354,0.2854217290878296,-0.24249805510044098
15.9,-0.32899776101112366,-3.6303043365478516,-0.09802169352769852,0.21536001563072205,0.09541591256856918,0.06987833976745605
15.925,-0.49854961037635803,-2.8700902462005615,-0.08751941472291946,0.11498402059078217,0.009427161887288094,0.37664684653282166
15.95,-0.9740932583808899,-2.2594921588897705,-0.2300737500190735,0.133812814950943,0.13816048204898834,0.4596453309059143
15.975,-1.3072508573532104,-2.0444490909576416,-0.299157977104187,0.2813596725463867,0.39637628197669983,0.48560717701911926
16.0,-0.865077793598175,-2.1352617740631104,0.1089821606874466,0.4617454707622528,0.5960026383399963,0.4709068536758423
16.025,0.11995717883110046,-2.475262403488159,0.6376751065254211,0.5630354881286621,0.8385497331619263,0.4456947147846222
16.05,1.2543100118637085,-3.2130753993988037,0.5811944603919983,0.6144312024116516,1.2011159658432007,0.40837985277175903
16.075,2.4724013805389404,-3.8663980960845947,0.28372466564178467,0.5559073686599731,1.4022905826568604,0.43064361810684204
16.1,3.501493453979492,-3.427382230758667,0.26114368438720703,0.4145941734313965,1.441696047782898,0.6012684106826782
16.125,3.9355392456054688,-2.0299410820007324,0.2712814211845398,0.31583887338638306,1.5962984561920166,0.8315722346305847
16.15,3.7486612796783447,-0.7863487601280212,0.16556040942668915,0.21047163009643555,1.7980173826217651,0.9667945504188538
16.175,3.114604949951172,-0.0858471691608429,-0.007931716740131378,0.047680824995040894,1.917160153388977,1.0599662065505981
16.2,2.201082944869995,0.5382126569747925,-0.009019743651151657,-0.13133397698402405,1.8836262226104736,1.1823766231536865
16.225,1.2736573219299316,1.5324383974075317,0.19656552374362946,-0.15691408514976501,1.8947858810424805,1.2721045017242432
16.25,0.9093799591064453,2.5250742435455322,0.5541861653327942,0.034619420766830444,2.1081278324127197,1.1365084648132324
16.275,1.2272648811340332,3.6025373935699463,1.380877137184143,0.22479045391082764,2.315373420715332,0.8858292102813721
16.3,1.336998462677002,4.965651988983154,2.081843614578247,0.36300450563430786,2.8280582427978516,0.5435280799865723
16.325,0.9526691436767578,5.989730358123779,1.9864634275436401,0.29052287340164185,3.591989755630493,0.0998530313372612
16.35,0.7818553447723389,6.617700576782227,1.9133070707321167,-0.03150907903909683,4.119419574737549,-0.2711164653301239
16.375,0.9092777967453003,7.413646697998047,2.301575183868408,-0.4156396687030792,4.465965270996094,-0.5903609395027161
16.4,0.4302913546562195,8.242670059204102,2.32055926322937,-0.8287533521652222,4.718308448791504,-0.9098105430603027
16.425,-0.7601887583732605,8.733083724975586,1.8435680866241455,-1.2826192378997803,4.506631374359131,-0.9778573513031006
16.45,-0.9915209412574768,8.987899780273438,1.446621060371399,-1.727683186531067,3.6245334148406982,-0.6685843467712402
16.475,-0.21647901833057404,8.96238899230957,0.5703621506690979,-2.0383307933807373,3.1520655155181885,-0.7183712720870972
16.5,0.12617868185043335,7.790620803833008,-1.3680732250213623,-2.401719808578491,3.2181689739227295,-1.2585350275039673
16.525,-0.3745232820510864,5.394842624664307,-3.4919872283935547,-2.819723606109619,3.0951833724975586,-1.567748785018921
16.55,-1.482891321182251,2.735551357269287,-4.956976413726807,-3.070223331451416,2.6218512058258057,-1.2886658906936646
16.575,-3.0087783336639404,0.12252946943044662,-5.3059892654418945,-3.079519271850586,2.049635648727417,-0.6536017656326294
16.6,-4.153859615325928,-2.8888862133026123,-4.538422107696533,-3.009188413619995,1.5030001401901245,0.02540971338748932
16.625,-4.410166263580322,-6.193697929382324,-4.013020038604736,-2.8243730068206787,1.0142439603805542,0.5954147577285767
16.65,-4.431783199310303,-9.274971961975098,-4.417351722717285,-2.414947986602783,0.635418176651001,1.1209185123443604
16.675,-4.4751057624816895,-11.847768783569336,-5.049419403076172,-1.7850565910339355,0.38530030846595764,1.5626682043075562
16.7,-4.164734363555908,-13.054988861083984,-5.43384313583374,-1.0596784353256226,0.22539108991622925,1.8580985069274902
16.725,-3.451629638671875,-12.777647972106934,-5.963160514831543,-0.5424919128417969,0.21213282644748688,1.8177231550216675
16.75,-2.7378687858581543,-12.058250427246094,-6.705533027648926,-0.2977694869041443,0.34850236773490906,1.2152856588363647
16.775,-2.6050899028778076,-10.975211143493652,-7.243719100952148,-0.2150791585445404,0.6596733331680298,0.4437287151813507
16.8,-3.313494920730591,-9.599522590637207,-7.109190940856934,-0.21370503306388855,1.0164486169815063,-0.32777729630470276
16.825,-4.345036506652832,-8.032922744750977,-6.250209808349609,-0.15069472789764404,1.2346203327178955,-0.893513023853302
16.85,-5.148660659790039,-6.488147735595703,-5.129481792449951,0.06122475862503052,1.2453092336654663,-1.2717832326889038
16.875,-5.521191120147705,-5.246768951416016,-4.097963333129883,0.5565750002861023,1.022186040878296,-1.4214707612991333
16.9,-5.385684967041016,-4.002126693725586,-3.026771068572998,1.3652269840240479,0.6215483546257019,-1.3140616416931152
16.925,-5.1950554847717285,-1.7886884212493896,-1.6076858043670654,2.304378032684326,0.29898858070373535,-1.256126880645752
16.95,-5.847480773925781,1.3375011682510376,0.1343555450439453,3.0381038188934326,0.1806764006614685,-1.740842580795288
16.975,-6.727680683135986,3.884662628173828,1.423043131828308,3.306021213531494,0.19165679812431335,-2.8669729232788086
17.0,-5.904379844665527,5.574112892150879,1.5083017349243164,3.331761121749878,0.16613946855068207,-3.884303092956543
17.025,-3.611863136291504,7.654695987701416,1.2450298070907593,3.454010009765625,0.1564551442861557,-4.459508419036865
17.05,-2.247732639312744,9.825254440307617,1.9809247255325317,3.4561855792999268,0.4429404139518738,-4.9413065910339355
17.075,-2.0343692302703857,10.576112747192383,2.9319987297058105,3.057969331741333,0.5552411675453186,-5.040166854858398
17.1,-1.244170904159546,9.666099548339844,2.8939578533172607,2.464531898498535,-0.19644102454185486,-4.378286361694336
17.125,0.29673242568969727,7.879610061645508,2.6564443111419678,1.8660601377487183,-1.5066039562225342,-3.317349433898926
17.15,2.041168212890625,5.776426315307617,2.6892929077148438,1.0637840032577515,-2.8709444999694824,-2.136361598968506
17.175,3.1456191539764404,3.965144395828247,2.276394844055176,0.2342289388179779,-3.515636682510376,-1.2168711423873901
17.2,3.6349010467529297,2.7779035568237305,1.332179069519043,-0.38003161549568176,-3.512392282485962,-0.5773748159408569
17.225,4.101992607116699,1.731540560722351,0.3063981831073761,-0.9841368198394775,-3.5402565002441406,-0.08003504574298859
17.25,3.802522897720337,0.768780529499054,-1.1905192136764526,-1.4307442903518677,-3.526487112045288,0.16812486946582794
17.275,2.7278084754943848,-0.1437770575284958,-2.6330058574676514,-1.5629589557647705,-3.6853461265563965,0.09846410155296326
17.3,1.771846890449524,-1.1218291521072388,-2.936634063720703,-1.5413013696670532,-4.191797256469727,-0.19854126870632172
17.325,1.653497576713562,-2.1357858180999756,-3.3093814849853516,-1.6242284774780273,-4.835006237030029,-0.6264729499816895
17.35,2.779529333114624,-2.3371760845184326,-3.7698652744293213,-1.7668766975402832,-5.6467204093933105,-0.782072901725769
17.375,4.029787063598633,-0.9100679159164429,-2.561340093612671,-2.1994681358337402,-6.392965793609619,-0.3998631238937378
17.4,3.7714526653289795,0.825939953327179,-0.20243625342845917,-2.9788904190063477,-6.541923522949219,-0.22437207400798798
17.425,1.9166759252548218,1.8672428131103516,1.0166785717010498,-3.352626323699951,-5.853471279144287,-0.34281784296035767
17.45,0.2757820785045624,1.7413055896759033,-0.14893820881843567,-3.300595283508301,-4.782484531402588,-0.4450424909591675
17.475,0.18541613221168518,0.6747208833694458,-1.8428051471710205,-3.096205234527588,-4.034650802612305,-0.6063145995140076
17.5,1.139544129371643,0.2958974838256836,-2.242701768875122,-2.3711583614349365,-3.373612403869629,-0.7027793526649475
17.525,2.2586610317230225,0.7744665145874023,-2.1201233863830566,-1.1316934823989868,-2.5069010257720947,-0.7280571460723877
17.55,2.922454357147217,1.2155752182006836,-2.278595209121704,-0.209778293967247,-1.9156538248062134,-0.7467904686927795
17.575,2.7661609649658203,1.550559163093567,-2.406921148300171,0.14054623246192932,-1.7841289043426514,-0.8628045320510864
17.6,2.1847193241119385,1.7909518480300903,-2.14023756980896,0.09783248603343964,-1.921962857246399,-0.9904789328575134
17.625,1.580613136291504,1.8105651140213013,-1.627530813217163,0.06340286135673523,-2.028193712234497,-1.108443021774292
17.65,1.1357786655426025,1.6930229663848877,-1.388594150543213,0.48079535365104675,-1.7673981189727783,-1.1555150747299194
17.675,1.0109405517578125,1.6113522052764893,-1.3481320142745972,0.9856851100921631,-1.4504016637802124,-1.124638557434082
17.7,1.3014391660690308,1.4933557510375977,-1.1092116832733154,1.147011637687683,-1.3803848028182983,-1.1346555948257446
17.725,2.097414970397949,1.1141462326049805,-0.6030948758125305,1.095566749572754,-1.4494613409042358,-1.1617363691329956
17.75,3.330094814300537,0.5688903331756592,0.1497713178396225,0.9549055099487305,-1.6282010078430176,-1.166080355644226
17.775,4.592705249786377,-0.10522600263357162,1.2416400909423828,0.7113373875617981,-1.9025187492370605,-1.1802563667297363
17.8,5.331485271453857,-1.189766526222229,2.504598379135132,0.5139460563659668,-2.1534128189086914,-1.2373427152633667
17.825,5.577124118804932,-2.666041612625122,3.430504560470581,0.6288849711418152,-2.2629733085632324,-1.2193961143493652
17.85,5.969450950622559,-4.0279974937438965,3.9510765075683594,0.8439139127731323,-2.355682134628296,-1.0138471126556396
17.875,6.396958351135254,-4.995005130767822,4.515818119049072,0.7740821838378906,-2.6252710819244385,-0.7870397567749023
17.9,6.06308650970459,-5.96073579788208,5.212792873382568,0.36160293221473694,-3.02677321434021,-0.7361440062522888
17.925,4.956071853637695,-7.326206207275391,5.821587562561035,-0.4287645220756531,-3.5178475379943848,-0.978778600692749
17.95,3.3169775009155273,-8.6229887008667,6.707221984863281,-1.6257572174072266,-4.1306681632995605,-1.5839694738388062
17.975,0.5006308555603027,-8.404563903808594,8.282679557800293,-2.924767017364502,-4.7158989906311035,-2.426126480102539
18.0,-3.2531604766845703,-5.530745983123779,9.221555709838867,-3.658555507659912,-5.025787353515625,-3.0366315841674805
18.025,-4.756529808044434,-2.1264467239379883,7.883310317993164,-3.3665764331817627,-4.681338310241699,-2.4649577140808105
18.05,-2.596652030944824,-1.0612202882766724,5.806407928466797,-2.783064365386963,-3.755208730697632,-0.8210011720657349
18.075,0.1617954969406128,-1.382925271987915,5.086986064910889,-2.620175838470459,-3.0454370975494385,0.6036202311515808
18.1,0.8090808391571045,-0.6951306462287903,5.620684623718262,-2.8402764797210693,-2.8851373195648193,1.3554432392120361
18.125,-0.8430155515670776,2.507460832595825,5.6001129150390625,-3.339715003967285,-2.961671829223633,1.736175537109375
18.15,-3.2904555797576904,7.045034408569336,3.276010274887085,-3.649385452270508,-2.8217172622680664,2.225151538848877
18.175,-4.643327713012695,8.463319778442383,0.9114941954612732,-3.42916202545166,-2.173002004623413,3.0649075508117676
18.2,-5.632006645202637,6.3091206550598145,0.5854595303535461,-3.098507881164551,-1.8911532163619995,3.3736531734466553
18.225,-7.567083835601807,4.808635711669922,-1.4117180109024048,-2.9803335666656494,-2.15767502784729,2.9349935054779053
18.25,-8.486071586608887,4.4817070960998535,-6.1379570960998535,-2.993952751159668,-1.2321447134017944,2.6996142864227295
18.275,-6.912524223327637,3.4624276161193848,-8.79423713684082,-2.853449821472168,1.0189249515533447,2.533911943435669
18.3,-4.141743183135986,2.380124092102051,-7.884008407592773,-2.4969944953918457,2.9338436126708984,2.0236618518829346
18.325,-2.400101661682129,2.0025222301483154,-6.156589508056641,-1.7860324382781982,3.006967544555664,1.2741482257843018
18.35,-2.7228798866271973,1.6463733911514282,-4.7098894119262695,-0.6330212354660034,1.3249777555465698,0.42732322216033936
18.375,-3.5551416873931885,0.9432569146156311,-3.361168622970581,0.3963576853275299,-0.45760858058929443,-0.16108585894107819
18.4,-3.641503095626831,0.14080564677715302,-2.3914783000946045,1.006556510925293,-1.523483157157898,-0.3638407289981842
18.425,-3.5313050746917725,-0.5932156443595886,-1.6742932796478271,1.305283784866333,-2.0193276405334473,-0.44616684317588806
18.45,-3.873497724533081,-1.2554423809051514,-1.303063988685608,1.525132417678833,-2.3867838382720947,-0.579249382019043
18.475,-4.499085426330566,-1.5649287700653076,-2.089294195175171,1.722485065460205,-2.8340327739715576,-0.8401089906692505
18.5,-4.370472431182861,-1.534881353378296,-3.283053398132324,1.750731110572815,-2.7781460285186768,-0.9981399774551392
18.525,-3.3921802043914795,-1.638290286064148,-3.690554618835449,1.597011685371399,-2.202838182449341,-0.9625497460365295
18.55,-2.269848585128784,-1.6588343381881714,-3.439704656600952,1.3028004169464111,-1.4806932210922241,-0.8817507028579712
18.575,-1.408691167831421,-1.196633219718933,-2.795628786087036,0.9506720304489136,-0.7023943662643433,-0.780285120010376
18.6,-1.0425631999969482,-0.3688095808029175,-1.8789806365966797,0.6943793892860413,-0.009623565711081028,-0.647631049156189
18.625,-1.1217529773712158,0.591653048992157,-1.0868451595306396,0.5772123336791992,0.5134104490280151,-0.5279234051704407
18.65,-1.1887162923812866,1.4775850772857666,-0.763264536857605,0.5367965698242188,0.9200832843780518,-0.48557302355766296
18.675,-0.8089665770530701,1.9301637411117554,-0.6414434313774109,0.5457198619842529,1.292657494544983,-0.4755594730377197
18.7,-0.009136572480201721,1.7099087238311768,-0.2056531459093094,0.5549866557121277,1.694906234741211,-0.34540483355522156
18.725,0.7637414336204529,1.1670541763305664,0.25851479172706604,0.5172303318977356,1.9645193815231323,-0.14316992461681366
18.75,1.2019457817077637,0.8176717758178711,0.276189923286438,0.43994370102882385,1.919549822807312,-0.02694784849882126
18.775,1.4579545259475708,0.7210854887962341,0.1039004996418953,0.3327154219150543,1.6529381275177002,0.015219292603433132
18.8,1.5468597412109375,0.6419820189476013,-0.01629805751144886,0.23153620958328247,1.2651197910308838,0.027041463181376457
18.825,1.2822067737579346,0.4746837317943573,-0.3178064227104187,0.16451774537563324,0.8176910877227783,-0.023802785202860832
18.85,0.7913199663162231,0.33721065521240234,-1.0019125938415527,0.10541357100009918,0.46175146102905273,-0.09120487421751022
18.875,0.24393057823181152,0.16987138986587524,-1.800227403640747,0.06784164905548096,0.3293875455856323,-0.06308692693710327
18.9,-0.40198367834091187,-0.24147407710552216,-2.2235164642333984,0.08560599386692047,0.4304727017879486,0.10295068472623825
18.925,-1.1153475046157837,-0.7623891234397888,-2.2233643531799316,0.11497531086206436,0.5967470407485962,0.30480605363845825
18.95,-1.8056026697158813,-1.1134194135665894,-2.140801191329956,0.15352651476860046,0.6403407454490662,0.42113104462623596
18.975,-2.4467015266418457,-1.2858561277389526,-1.9858158826828003,0.24632257223129272,0.5909817218780518,0.47000646591186523
19.0,-3.0409586429595947,-1.3069818019866943,-1.7101917266845703,0.3478882610797882,0.4977770149707794,0.45610949397087097
19.025,-3.471264600753784,-1.133507490158081,-1.667153239250183,0.4331437349319458,0.4244215786457062,0.3806121051311493
19.05,-3.6694681644439697,-0.9505994319915771,-1.8502732515335083,0.5729076266288757,0.43822288513183594,0.3037847578525543
19.075,-3.908755302429199,-0.8164174556732178,-1.8027101755142212,0.7272171974182129,0.4501361548900604,0.17190341651439667
19.1,-4.31690788269043,-0.3143249452114105,-1.6231281757354736,0.7815160751342773,0.40151968598365784,-0.11570163816213608
19.125,-4.581479072570801,0.7009387016296387,-1.508689522743225,0.788330614566803,0.453801691532135,-0.44876042008399963
19.15,-4.375673770904541,1.89590322971344,-1.1349496841430664,0.811768114566803,0.7207014560699463,-0.6642442345619202
19.175,-3.8059964179992676,2.8787293434143066,-0.4252943694591522,0.8536269664764404,1.0471590757369995,-0.7549838423728943
19.2,-3.1300134658813477,3.5022456645965576,0.2995016276836395,0.9284896850585938,1.2930386066436768,-0.7838629484176636
19.225,-2.113318681716919,4.250734806060791,1.0829144716262817,0.933346152305603,1.5158309936523438,-0.7696979641914368
19.25,-0.556628942489624,5.213655948638916,2.121974229812622,0.8368942737579346,1.7292664051055908,-0.671856701374054
19.275,1.1590778827667236,5.406566143035889,2.775369167327881,0.7969537377357483,1.8724029064178467,-0.5301918387413025
19.3,2.562157154083252,4.252999305725098,2.5502681732177734,0.8586364984512329,1.9669201374053955,-0.43521031737327576
19.325,3.750433921813965,2.244612455368042,2.381894111633301,0.942795991897583,2.118955612182617,-0.3410244286060333
19.35,5.317774295806885,0.02605002373456955,3.215259075164795,1.0112922191619873,2.2983429431915283,-0.2216271162033081
19.375,7.398159503936768,-2.4725117683410645,4.732366561889648,1.0167620182037354,2.184004306793213,-0.21574150025844574
19.4,8.98009204864502,-5.021561622619629,5.727065563201904,0.8389737606048584,1.5962378978729248,-0.5568999648094177
19.425,8.723488807678223,-6.052709102630615,5.533034324645996,0.4095665216445923,0.688386082649231,-1.1393269300460815
19.45,7.231899738311768,-5.06671142578125,4.56151008605957,-0.0628322958946228,-0.06657393276691437,-1.4558240175247192
19.475,5.945136547088623,-3.7969272136688232,3.2569780349731445,-0.34542059898376465,-0.44896548986434937,-1.510101079940796
19.5,4.918756008148193,-3.3007702827453613,2.019726037979126,-0.668222188949585,-0.7744667530059814,-1.7124500274658203
19.525,3.841719388961792,-2.854459762573242,1.082480549812317,-1.209052562713623,-1.1069332361221313,-1.932526707649231
19.55,2.821613311767578,-1.7288174629211426,0.09308233112096786,-1.675197958946228,-1.3273574113845825,-1.8990126848220825
19.575,1.9590672254562378,-0.27425017952919006,-0.9855163097381592,-1.8202682733535767,-1.365423321723938,-1.5162103176116943
19.6,1.1222035884857178,0.6752796173095703,-1.5499135255813599,-1.6472824811935425,-1.1996488571166992,-0.9073318243026733
19.625,0.4382944405078888,0.616361677646637,-1.4122467041015625,-1.2766139507293701,-0.9239615797996521,-0.270512193441391
19.65,0.10550010204315186,-0.06873225420713425,-0.7803241014480591,-0.9030999541282654,-0.5982726216316223,0.3706352114677429
19.675,-0.10607266426086426,-0.46081072092056274,0.007675871253013611,-0.6646159291267395,-0.304421991109848,0.8814458847045898
19.7,-0.40692514181137085,-0.41195014119148254,0.39463135600090027,-0.49236398935317993,-0.09270826727151871,1.1636736392974854
19.725,-0.5577607154846191,-0.32125186920166016,0.3611387014389038,-0.29681408405303955,0.06736507266759872,1.303781270980835
19.75,-0.3056403398513794,-0.22907449305057526,0.5018312335014343,-0.1272883117198944,0.20003098249435425,1.3632030487060547
19.775,0.171955406665802,-0.051427893340587616,0.9961156845092773,-0.04067641496658325,0.26521867513656616,1.3296672105789185
19.8,0.5532208681106567,0.21244806051254272,1.4622611999511719,-0.03280377388000488,0.1605713814496994,1.1501502990722656
19.825,0.772231936454773,0.5562476515769958,1.4946200847625732,-0.10759969055652618,-0.07617095857858658,0.8578396439552307
19.85,0.9307889938354492,0.7166947722434998,1.0006910562515259,-0.1683734655380249,-0.2599138617515564,0.6040910482406616
19.875,0.9917828440666199,0.5292996764183044,0.32903867959976196,-0.18431030213832855,-0.3091002404689789,0.4515473544597626
19.9,0.8323880434036255,0.21787163615226746,-0.2304847240447998,-0.24745744466781616,-0.2834983468055725,0.35176900029182434
19.925,0.4505366086959839,-0.06336881965398788,-0.7069560885429382,-0.3480134606361389,-0.24882180988788605,0.2917403280735016
