{
    "frequency": 40.0,
    "uuid": "4af1b2a2-1f9c-49e8-92a5-ffb28f13e213",
    "measured": "2021-06-05T14:21:51.386000Z",
    "frame_count": 4794,
    "title": "Abdul Tomatoes 13",
    "bones": [
        "ChestBottom",
        "Head",
        "Hip",
        "LeftForeArm",
        "LeftHand",
        "LeftLowerLeg",
        "LeftThigh",
        "LeftUpperArm",
        "RightForeArm",
        "RightHand",
        "RightLowerLeg",
        "RightThigh",
        "RightUpperArm"
    ],
    "tags": [
        "biomechanics",
        "m",
        "range of motion test"
    ]
}