Time [s],Flexion(-)/extension(+),Abduction(+)/adduction(-),Internal(-)/external(+) rotation
0.0,1.62080359355135,0.9432120524587664,0.16847516990478698
0.025,1.6255745254256855,0.9446390821351202,0.1517199578759415
0.05,1.6340127962736737,0.948565368563728,0.1279938392129052
0.075,1.6478548635906038,0.9530955492413116,0.10048003277145535
0.1,1.6629684920365344,0.9530597213740626,0.07643835238045907
0.125,1.6705947369774128,0.9513226578728028,0.06468492902917382
0.15,1.671493527410826,0.9477678131899123,0.06775183037000851
0.175,1.6592992246257328,0.9368327977760069,0.07969012290047586
0.2,1.6402607560398297,0.9275379656798486,0.08173638712562208
0.225,1.622529181230997,0.9447533878470403,0.05763633297341708
0.25,1.6091535560474117,0.9866124849925235,0.01331756966675332
0.275,1.6070761919092669,1.0218267737783984,-0.03351857831088347
0.3,1.6151005443801283,1.04256360204722,-0.06932680259623546
0.325,1.6296124646887755,1.0607912161368849,-0.08960211568502312
0.35,1.652269705078844,1.0761574222883237,-0.0951038128675358
0.375,1.6842349234650362,1.0884611040770844,-0.09476360121232626
0.4,1.7295015446864792,1.105990080415246,-0.0984370175809344
0.425,1.7831741966954198,1.123259142928939,-0.10394360671762698
0.45,1.811903569652137,1.1267969090166108,-0.11129914173880384
0.475,1.817535018586222,1.1237175111107447,-0.12736255703492125
0.5,1.8243718748965891,1.1223138065838358,-0.1453824476372104
0.525,1.8394544593390165,1.11850445309204,-0.16740150714744503
0.55,1.8658729095750257,1.1146112431296455,-0.19554961294073564
0.575,1.9009675208723245,1.1127008049999738,-0.22268270171452337
0.6,1.9366066746732031,1.115042770218612,-0.24518468323525494
0.625,1.9660566571923155,1.1233301240948501,-0.2604476982966829
0.65,1.9925344159598197,1.134120609013314,-0.26652091570352227
0.675,2.022910291071421,1.1419687149034792,-0.2665086046110845
0.7,2.0582596275374154,1.1452926303334716,-0.2641467307576976
0.725,2.0941055140344473,1.1505412432911826,-0.26011161815683587
0.75,2.1234917087565695,1.1624994947428136,-0.25179638720147307
0.775,2.152367814969941,1.1811386331649427,-0.2353177973663235
0.8,2.2057094410331874,1.2120755157553917,-0.20908807682177147
0.825,2.3103249425109045,1.2701739431702994,-0.15867731072586524
0.85,2.458590632369229,1.3700685093454488,-0.04522798110334608
0.875,2.603983482409402,1.501564595658564,0.1514247834666671
0.9,2.711088555091912,1.6601200916753696,0.372208860336551
0.925,2.721301412755331,1.8853231164806814,0.5246100124793538
0.95,2.5117255284374402,2.2450794153269316,0.5245461556921246
0.975,1.9603772038566467,2.7829034279939417,0.2738542185861193
1.0,1.1057079842483213,3.5233687031269922,-0.35883856222471605
1.025,0.05328141416339958,4.472529108972646,-1.4656963772325406
1.05,-1.1955338343438289,5.621230562093255,-3.0755690109355096
1.075,-2.765519676109437,6.941695567164398,-5.09360166018052
1.1,-4.812002289103079,8.370352314598126,-7.2684247958657515
1.125,-7.368116519446544,9.826983905277578,-9.353317836835785
1.15,-10.324978461255155,11.22284596604016,-11.218473800192973
1.175,-13.464792327210478,12.469587590259477,-12.841857292840803
1.2,-16.526046363591234,13.506458318317057,-14.284589391507778
1.225,-19.4391491231693,14.306113315116773,-15.664062757218614
1.25,-22.292575034131165,14.905078396764138,-17.12406616828189
1.275,-25.115505647819447,15.368546540980494,-18.774100634757097
1.3,-27.83208200886204,15.735912810349342,-20.562727404673463
1.325,-30.459484861235435,16.013343505431532,-22.24623231987475
1.35,-33.08694349077774,16.17737008907257,-23.627330556325578
1.375,-35.789579231217054,16.216039634127412,-24.748408384365245
1.4,-38.46963558798602,16.12226981753291,-25.821694404068356
1.425,-41.08432113123336,15.95729273117,-27.004540801910558
1.45,-43.65592337317699,15.855981506084659,-28.378518470969198
1.475,-46.212872684868785,15.925313131985853,-30.019973814002753
1.5,-48.50329874150628,16.09972563648411,-32.04206328793953
1.525,-50.20372629860078,16.349214972541272,-34.531057639974726
1.55,-50.973888823906506,16.74415497485115,-37.387296854831696
1.575,-51.31722857633458,17.494429787633415,-40.33402032553101
1.6,-51.82903157281572,18.445646328248824,-43.10408408877263
1.625,-52.773443324887246,19.213819591506454,-45.51745030739152
1.65,-54.086654610258364,19.617763888864044,-47.63801569534245
1.675,-55.4444708051713,19.73884361870746,-49.520726147355745
1.7,-56.523520935145406,19.813576767552437,-51.17303991383126
1.725,-57.937821019705275,20.433096540691423,-52.715834854504074
1.75,-59.73589181639837,21.665591585007174,-54.40462765039185
1.775,-61.11918399956618,22.961219048536023,-56.178859865215955
1.8,-62.55642615931583,24.471165946603964,-57.814863204314314
1.825,-64.00778976282042,26.055072422531545,-59.04340600745647
1.85,-65.19843740684406,27.321143660753908,-59.77214684214401
1.875,-66.28216302373905,28.132941081646514,-60.17585209780372
1.9,-67.3842721506009,28.536150679402475,-60.518966602537496
1.925,-68.52396317399078,28.67186431915025,-60.918139909427204
1.95,-69.78855687005529,28.73593663378184,-61.43329551225442
1.975,-71.13705284845636,28.909991891887078,-61.961509757164094
2.0,-72.61495291222224,29.413712390435663,-62.303266637297504
2.025,-74.21205540014144,30.351076773911693,-62.38919553619644
2.05,-75.76761850620683,31.651345875813508,-62.29989231784643
2.075,-77.18859161412118,33.177936292696224,-62.23910941165408
2.1,-78.51556987262573,34.84486409667294,-62.33006507664196
2.125,-79.70335983149268,36.522823710310554,-62.525689239744814
2.15,-80.75429522552167,38.059429160516764,-62.8234346029346
2.175,-81.66342475076353,39.32899225327939,-63.18743173350344
2.2,-82.38142025251246,40.2115225784956,-63.56364321097158
2.225,-82.94171206157915,40.70480927317365,-63.939194205024904
2.25,-83.39230214120464,40.892439644125,-64.27986880134613
2.275,-83.73008196465342,40.8951870263361,-64.48442888252373
2.3,-83.94166800820913,40.839475271933274,-64.52575091933036
2.325,-83.98123403130307,40.765011835872706,-64.56107715924989
2.35,-83.85926964448942,40.77285610160308,-64.73237398925947
2.375,-83.61155237559527,41.00610985171904,-65.02516503371967
2.4,-83.21690680546926,41.448291064966156,-65.3699483438539
2.425,-82.7000893730216,42.008153453754616,-65.73855898795992
2.45,-82.12556231650238,42.59736666839206,-66.11435315248045
2.475,-81.41584802499507,43.0019048782394,-66.40120098894705
2.5,-80.41593296267814,42.997318811400284,-66.44432820049597
2.525,-79.16300626344427,42.583048318867164,-66.19987559644274
2.55,-77.77789933908753,41.85771906626794,-65.73147138135306
2.575,-76.37279473796987,40.93004204417667,-65.07898424035145
2.6,-75.0490510100421,39.90822955453144,-64.29250710477788
2.625,-73.47905359055906,38.555708091320476,-63.53256217393018
2.65,-71.4313234279541,36.64207388604458,-62.82879714975533
2.675,-69.69477318274076,34.645273567067996,-61.65145888649708
2.7,-68.3398919718805,32.55836646585729,-60.10830893576107
2.725,-67.15440033918337,30.284997498970164,-58.18218196706809
2.75,-65.98194119789818,27.781243963065634,-55.54542385398717
2.775,-64.6582254369218,25.061178251545293,-52.15983496941886
2.8,-63.122205252078736,22.191254083851184,-48.24737119793353
2.825,-61.33397573179508,19.309057408322236,-44.034180862419305
2.85,-59.23325007108989,16.616113027116516,-39.79630318083979
2.875,-57.048217549269324,14.306512374946061,-35.82449356108126
2.9,-55.354546217529474,12.474276630532326,-32.285241757388214
2.925,-54.5554602682193,10.984579122949276,-29.043555961582463
2.95,-54.402260163506696,9.52227620938112,-25.814758076274646
2.975,-54.360554646147236,7.982370630694837,-22.450195807844
3.0,-53.91638523458751,6.533701368643084,-19.03143256692177
3.025,-52.68440888715252,5.389451435150869,-15.740752217500832
3.05,-50.49453115034658,4.749088284013284,-12.771873841938287
3.075,-47.699690456193544,4.816582177162548,-10.274504805602168
3.1,-44.75521455484196,5.655910989087536,-8.268777529507274
3.125,-41.84295404051449,7.124738258557081,-6.525125433728649
3.15,-38.83525998876832,8.93456109835343,-4.813940561149259
3.175,-35.692418506633224,10.735787222564841,-3.1020236782047723
3.2,-32.53963862211399,12.326468536869402,-1.4383349410477115
3.225,-29.429877334812684,13.69854365169727,0.1162821776050467
3.25,-26.359470956222328,14.846932566791548,1.5409373893637084
3.275,-23.339979165474627,15.823843818710792,2.765789351363939
3.3,-20.656882671036165,16.818166254292375,3.834985720998048
3.325,-18.733374901978575,18.04187812286628,5.047101676821274
3.35,-17.73471196047917,19.730135341468465,6.652499268810155
3.375,-17.85061563664835,22.06311291950183,8.581306619408078
3.4,-19.246705783146837,25.077665965430505,10.553862984460656
3.425,-21.95534773425563,28.744703669250512,12.527735311962752
3.45,-25.914408057487794,33.03424193233793,14.656628754266874
3.475,-30.737510202417756,37.906197776395736,16.947881642357228
3.5,-36.30119847739827,43.11772326667026,19.392082936020913
3.525,-42.760582332757515,48.30815454143943,22.277362216644704
3.55,-50.22508616204691,53.25635815616117,25.92900530202351
3.575,-58.48431876278384,57.83836650050267,30.404088850126808
3.6,-66.69090538763243,62.09209288036121,35.2231459067541
3.625,-73.92246385738534,66.05526741008536,39.77072817951203
3.65,-79.57136627856106,69.54452860779975,43.55701094245054
3.675,-83.44129446551148,72.4315518539554,46.32457792840765
3.7,-85.75948907990407,74.73063677464621,48.1153494034746
3.725,-86.82879954180798,76.51563971236745,49.037893201274166
3.75,-86.80684801126824,77.85240967563746,49.23807606209373
3.775,-85.86113324814738,78.76959124780801,49.071008425646895
3.8,-84.39065423968391,79.32718376987911,49.09917029930575
3.825,-82.72058955853434,79.62582446270743,49.57214095175039
3.85,-80.94173145553462,79.79065145636514,50.30049020810477
3.875,-79.05384345104355,79.86639343130366,50.928037011119905
3.9,-77.01311416974288,79.71771469567842,51.11346708635514
3.925,-74.93675732892629,79.25430392888767,50.64153801606172
3.95,-73.21140530378364,78.60493381945601,49.61489080808201
3.975,-72.30394985455813,78.00781907090975,48.4050754171465
4.0,-72.56231161183248,77.69157369734782,47.3782378288254
4.025,-74.07300745571217,77.81774909802817,46.64122192166266
4.05,-76.59608097021416,78.41807852828931,46.02140445835521
4.075,-79.72628583395426,79.42280233288328,45.35578556294715
4.1,-83.14200245052511,80.75357932791651,44.689971238466526
4.125,-86.64367107950456,82.3418808725221,44.175604336279285
4.15,-90.08864769064003,84.07622928201967,43.96094486927181
4.175,-93.35628224128533,85.82495750628634,44.13243070958137
4.2,-96.34009450360368,87.50843563066174,44.660000003036316
4.225,-98.94570525589846,89.02127964914044,45.35578807736225
4.25,-101.16391139671292,90.27298487635339,46.057513316203256
4.275,-103.05221317310388,91.24634751251389,46.71779059922392
4.3,-104.56565327653409,91.90438242723356,47.373248144548576
4.325,-105.68664172781442,92.22057738609107,48.131958264673564
4.35,-106.46926305149897,92.24949404170751,49.02306562843563
4.375,-106.95459035465998,92.16748554002577,49.88714292662107
4.4,-107.12372065159022,92.19589468627333,50.46314216444952
4.425,-106.9862056380587,92.44127807675052,50.621218579409344
4.45,-106.71083693691284,92.8317436677341,50.43637833601847
4.475,-106.5872835563392,93.18636286231244,50.226121198465336
4.5,-106.78747103371683,93.41849285202184,50.2909066650684
4.525,-107.21461194134572,93.61174041679834,50.60410394250461
4.55,-107.57818901879948,93.84048158599438,50.83906246883839
4.575,-107.67440010889884,94.08857951613591,50.78915761182838
4.6,-107.59038309256604,94.3123251168789,50.5901604860233
4.625,-107.56714526307469,94.48872686227406,50.47561018436198
4.65,-107.74444452621395,94.64662301484408,50.51484472197009
4.675,-107.9797689855141,94.81177658276792,50.591070383498746
4.7,-108.07692008585379,94.94709860333087,50.57523166528315
4.725,-108.08111504957854,95.02471894410628,50.481224397568354
4.75,-108.15309193293835,95.04114734914573,50.28175499587176
4.775,-108.30311971087575,94.967754618384,49.80380236272524
4.8,-108.40774866007374,94.77602393798928,48.91373627578502
4.825,-108.4131176696066,94.50503294654197,47.66775813055993
4.85,-108.37464610824065,94.23540563076266,46.26331430778024
4.875,-108.30989578914684,93.99488722351039,44.94914326191465
4.9,-108.17910621192945,93.73064786155369,43.83662862529733
4.925,-107.9774053054879,93.36794137365843,42.850035657562564
4.95,-107.8337678378458,92.89212925535664,42.164808705429536
4.975,-107.79025430215475,92.31815186172818,41.98951486418176
5.0,-107.77161858140545,91.64267835590395,42.28164323487529
5.025,-107.7105382899706,90.83054589691884,42.73720676470068
5.05,-107.69278257518661,89.84058317895769,43.227823141397714
5.075,-107.90350077069776,88.72982476994409,44.162897340751776
5.1,-108.28117149473883,87.5809628051782,45.93445943032297
5.125,-108.6288808709562,86.41241478591361,48.450128970018596
5.15,-108.76182021449381,85.18407257460174,51.00673291911275
5.175,-108.49542248902857,83.84812281245945,52.688976715066936
5.2,-107.73723593014226,82.36234725573067,53.15424825121009
5.225,-106.51275567757938,80.7046840460897,52.71737283896469
5.25,-104.87926273056698,78.90753589866935,51.86390770467695
5.275,-102.8813740138544,77.05898697334304,50.87709659318677
5.3,-100.69667936301795,75.23822266744082,49.77541934111177
5.325,-98.66378011473707,73.4722911445528,48.70902210115221
5.35,-96.98714289087575,71.78358522561973,47.848965767098214
5.375,-95.64195304718746,70.1901581560533,47.18494646845106
5.4,-94.53879071728065,68.70049526270876,46.6481382744785
5.425,-93.56836340195707,67.32067942993679,46.11066146548082
5.45,-92.70897446744723,66.08450977191582,45.44075603029985
5.475,-92.02812085226373,65.05067232348864,44.532271538477104
5.5,-91.53442534802016,64.27090345399495,43.36670976424939
5.525,-91.13987955864006,63.71643079485523,42.039249744822364
5.55,-90.77439358293952,63.261696273276435,40.6825520338735
5.575,-90.47859085722138,62.82040141355279,39.450601876542144
5.6,-90.27070659362536,62.40628604715556,38.50969256056354
5.625,-90.21999999734359,62.062646629613,38.04542256529798
5.65,-90.4413335344562,61.7757181448796,38.11696155165701
5.675,-90.90380586614961,61.48952636258204,38.63376378844489
5.7,-91.43626636756963,61.18449786758847,39.40499461222727
5.725,-91.87177515347847,60.854750344550084,40.17722921211856
5.75,-92.20791297534056,60.415766868163324,40.9760142859959
5.775,-92.51590782462475,59.664864540139,42.09344862156622
5.8,-92.86326485735403,58.43740972301233,43.80831563822162
5.825,-93.16456446916358,56.759603246479784,46.05432849333536
5.85,-93.19314879108646,54.74198018372092,48.3697036665971
5.875,-92.89549231028771,52.379778945834914,50.40693433136378
5.9,-92.35153175563642,49.53781311479812,52.14114983561696
5.925,-91.58528153939524,46.06475921141732,53.66869118374566
5.95,-90.32097413474357,41.89167978375788,54.74658600991483
5.975,-88.37488726557157,37.32413637687263,54.895551929843876
6.0,-85.93025716904512,32.89646176977043,54.00970741215486
6.025,-83.1537649207982,28.81351593314242,52.23714233076197
6.05,-80.27094078461928,24.841107058992872,49.686323481943916
6.075,-77.66336978096584,20.74825023495415,46.38030200922672
6.1,-75.61251930367597,16.389094498821187,42.38347075213967
6.125,-74.05760494645997,11.644796354919025,37.90488253481723
6.15,-72.80384398938249,6.499563392733407,33.25068393501006
6.175,-71.7407362293574,1.2401414221001468,28.438806310363653
6.2,-70.8616474691027,-3.482711328798752,23.065965383022487
6.225,-70.24132778699602,-6.974668479335715,16.660698141036494
6.25,-69.95500351709559,-8.847430772465035,9.131326822987974
6.275,-70.12642780745608,-9.162886157277853,0.7902241374646465
6.3,-70.87512344942371,-8.283141989779708,-7.94313710791182
6.325,-72.30689272402611,-6.8259984770872135,-16.536316692766874
6.35,-74.30322901291792,-5.696996414217632,-24.384030739092342
6.375,-76.76816931408929,-5.552715286036528,-31.313101892042916
6.4,-79.66625095095142,-6.56755071263007,-37.28094070845881
6.425,-83.00506625383072,-8.538262906899474,-42.22928687568203
6.45,-86.5096428898357,-10.966648428531133,-46.18730274727178
6.475,-89.77864545041795,-13.218841475936827,-49.28104833484671
6.5,-92.5548882998867,-14.564289355414989,-51.672125329391825
6.525,-94.71604605781016,-14.50137851107702,-53.4569649274537
6.55,-96.24964553763644,-13.34125280185004,-54.638901912623666
6.575,-97.25531575004753,-11.987530122866897,-55.09430782694427
6.6,-97.77653118661911,-11.097468422610191,-54.691281330132526
6.625,-97.84437816579945,-10.824507952277866,-53.519240339007375
6.65,-97.60558200400675,-10.962372476586216,-52.01582728293227
6.675,-97.00379769254256,-11.080420980327741,-50.644026444457815
6.7,-96.01560512521489,-10.62079744960286,-49.87698877458028
6.725,-94.70207019123406,-9.44190275297207,-49.89006452043564
6.75,-93.19727880295098,-7.834636601105056,-50.2442694116824
6.775,-91.57823013727294,-6.125354335337937,-50.353787412214366
6.8,-89.9109688493482,-4.6342886427455126,-50.075390549547976
6.825,-88.23628926289486,-3.641470495479909,-49.64899011896247
6.85,-86.56319805299249,-3.1761360050120464,-49.316053446898195
6.875,-84.82840461091787,-3.0452302910708626,-49.06753237243755
6.9,-82.91554043372932,-2.9746015769646856,-48.66145737044365
6.925,-80.89069866862326,-2.708118890142435,-47.8014769640384
6.95,-78.73635295018012,-2.4488944558130044,-46.12297176610247
6.975,-76.38553468249431,-2.6444995098488397,-43.17386805724512
7.0,-73.88603942078929,-3.485122072548954,-38.507033215545114
7.025,-71.43138240071362,-4.770884709606243,-31.99920196449156
7.05,-69.25321344812826,-5.930020649379478,-24.12501362558279
7.075,-67.2988495487541,-6.318764916286893,-15.869689853115233
7.1,-65.43641188468817,-5.416868346145878,-8.348381913208602
7.125,-63.532750649290584,-3.052929674445785,-2.3543405121136134
7.15,-61.512913886519094,0.44297699046028977,1.919618148355154
7.175,-59.39213759975222,4.367874088387333,4.828725746115546
7.2,-57.277990922023506,8.037077705653584,6.967389127149371
7.225,-55.315774720249934,11.098367052257544,8.900617571736031
7.25,-53.68648610029523,13.547978749756004,11.021668247237448
7.275,-52.5344581958624,15.575327696653762,13.291892472692904
7.3,-51.88529906141717,17.457666073620846,15.28714630151763
7.325,-51.630502190881096,19.49968110929309,16.600665456221286
7.35,-51.534112950164065,21.88341054389095,17.082402474161857
7.375,-51.37218674726046,24.51288485270164,16.884097619448436
7.4,-51.0846792360033,27.119250658353327,16.37500979938612
7.425,-50.74290053235467,29.43595939483255,15.927236673298895
7.45,-50.396929180554174,31.28557947739662,15.719420861074017
7.475,-50.02280162187551,32.66212901753887,15.764301242567937
7.5,-49.53243315735656,33.7010385749823,15.976378465191724
7.525,-48.910987521961715,34.62472085334873,16.189002611334153
7.55,-48.138763921876205,35.67830631659469,16.15733365641429
7.575,-46.988178509844545,36.975635067933105,15.535043541350472
7.6,-45.0198548879716,38.3860069029124,13.95521149075437
7.625,-42.07415675427831,39.67573987218006,11.403762541294412
7.65,-38.42013444592277,40.7426301440009,8.213513565236216
7.675,-34.434060731682735,41.69482389439245,4.78193747995025
7.7,-30.239413505496138,42.763895031619974,1.4224805428762215
7.725,-25.886250767420393,44.128775770710405,-1.5647344559650933
7.75,-21.725027234590026,45.77132026241674,-3.85716927989245
7.775,-18.179166307692515,47.495875239244256,-5.247645354984354
7.8,-15.459851488246604,49.04951422068861,-5.623360784648947
7.825,-13.45614178248755,50.336202353181456,-4.927823556079665
7.85,-11.705128971572146,51.48566725288393,-3.5348446594874763
7.875,-9.878103826052573,52.69497889550536,-1.96418426415514
7.9,-7.938900917962151,54.010864130230594,-0.4417276840785503
7.925,-5.862967193935743,55.314633022361406,0.9617048755967719
7.95,-3.668937478603645,56.52808365151399,2.202591612345007
7.975,-1.6041208029856033,57.693569625366884,3.4286290669911974
8.0,-0.07018536243122458,58.808454319204614,4.842703215461919
8.025,0.9144432866829124,59.84755074287648,6.303236367096684
8.05,1.7095683308410685,60.80068390352638,7.551030329954018
8.075,2.5441027917947268,61.56785836870024,8.553549776714764
8.1,3.173630646543043,61.96141917512852,9.436154417315677
8.125,3.520338837290934,61.88309616718164,10.285044382707628
8.15,3.724281729193859,61.28797094755766,11.205598386282892
8.175,4.021847237376682,60.25390418665275,12.012613647641789
8.2,4.748233844171873,58.902733252947584,12.432616441792113
8.225,6.057697973352615,57.29009031340656,12.285398727294348
8.25,7.830081516003703,55.42802665159561,11.49524369976968
8.275,9.690845215798308,53.30086197702555,10.136784630620454
8.3,11.059038487953718,50.97515407562458,8.501397612907155
8.325,11.476738942723655,48.71494107114911,7.045953409622018
8.35,10.85427035991702,46.78017835845005,6.092407099828635
8.375,9.349909421044504,45.2490281036564,5.570616756683071
8.4,6.979713421517015,44.03592788784806,5.332409172561894
8.425,3.6677187907557482,43.051697563532855,5.357757310374022
8.45,-0.5532785203838534,42.26604359319275,5.669651633777703
8.475,-5.588199926509717,41.48692929316396,6.220892576054245
8.5,-11.551972179914893,40.34896208447767,7.034165424417618
8.525,-18.668311831308458,38.52811110576643,8.286317257165955
8.55,-26.65441894602722,35.90371700990332,10.05232627061633
8.575,-34.75476360067918,32.457258582334745,12.2646326266824
8.6,-42.11453142284971,28.22524358650523,14.836086718568946
8.625,-48.192240917660484,23.277413872436178,17.617729326433242
8.65,-52.901158660252214,17.833883574730198,20.307290252760183
8.675,-56.264436821300194,12.345057270584583,22.316225429649915
8.7,-58.33286402819993,7.3829436863272395,22.90418973189924
8.725,-59.26593187577055,3.4742416638823936,21.679817779662887
8.75,-59.32662895554871,0.9353497640851173,18.852999160820733
8.775,-58.7464234731707,-0.251372579910626,15.143103133095652
8.8,-57.71560569965095,-0.40536226323241786,11.28131867632089
8.825,-56.31132191069793,7.601942246991697e-05,7.687585094646978
8.85,-54.64817632263547,0.5506030050871324,4.592965833239198
8.875,-52.82823751692013,0.9923902971506972,2.134406863935312
8.9,-50.934409616645645,1.1080656762060932,0.4539816232959281
8.925,-49.036699022252286,0.7742503748549294,-0.31533425495553463
8.95,-47.21417762929493,-0.0399165649389818,-0.35259422701782
8.975,-45.68531792038634,-1.3187265729114686,-0.014863254665358852
9.0,-44.83483125288013,-2.807438935955482,0.4972489456356172
9.025,-44.823351896995256,-4.184467237865343,1.2821427155349852
9.05,-45.28327014150331,-5.556502108018462,2.4796697174428934
9.075,-45.513929393844045,-7.151336550147484,3.6294252777463543
9.1,-44.95401225897925,-8.909924867451604,3.84503372526441
9.125,-43.610765099733314,-10.557965456144505,2.568679935195877
9.15,-41.99563994397078,-11.93602048284455,0.0813682855563612
9.175,-40.63817808014437,-13.240098200353266,-2.7706979547914683
9.2,-39.68308895751418,-14.830521311156344,-4.936050113472444
9.225,-39.02620834026111,-16.821639150603332,-5.80611551302006
9.25,-38.44092410327069,-18.835379199913742,-5.6735310664812655
9.275,-37.73790647177592,-20.31024275507664,-5.103620800219873
9.3,-36.88300103223352,-20.836002169057355,-4.557029343171879
9.325,-35.74136631872764,-20.171940802164283,-4.356643941938111
9.35,-34.12078330198272,-18.40261442017077,-4.485476833163529
9.375,-32.16110432670166,-15.899364880858762,-4.430544209692929
9.4,-30.23633183277217,-13.089299679758172,-3.550401490785108
9.425,-28.579649047714913,-10.324630617817826,-1.690779769681147
9.45,-27.139713173258585,-7.795072488589277,0.7811632333457205
9.475,-25.689791760997856,-5.519540609642496,3.2948046064542464
9.5,-24.128498903624948,-3.4020193677771315,5.316257676437874
9.525,-22.52414460291049,-1.2559726201685972,6.637728081236809
9.55,-21.10134550067592,1.1211284521600988,7.539810542858725
9.575,-20.017089003729627,3.813800888440611,8.56954202224111
9.6,-19.029179244762208,6.745896225254304,9.91466362734589
9.625,-17.760148175299214,9.822917334951121,11.265506353979507
9.65,-16.08043799571347,12.962670333849543,12.463559220635174
9.675,-14.30506850325781,15.938369706179964,13.786090050306735
9.7,-12.85540152854269,18.4940124284974,15.480194533137375
9.725,-11.97992565216166,20.5260543227191,17.375035739757752
9.75,-11.499215957308666,22.094741150011917,19.14693218677668
9.775,-10.66077202649083,23.3111511802247,20.722771748787668
9.8,-9.083589747265066,24.49566524952406,21.938605076768518
9.825,-7.414896727887224,25.851728768779136,22.306682383347393
9.85,-5.933966923812524,27.004707634276333,21.574902393850184
9.875,-4.230068067292703,27.402306800419975,19.901451872081672
9.9,-2.3337402988390146,26.9199985412151,17.81286809170251
9.925,-0.67398450287818,25.825453319864494,16.3289603645926
9.95,0.5980782518985003,24.324187455346735,16.451827732540618
9.975,1.5682414094303545,22.615304725051917,17.960785395427656
10.0,1.982856592523948,20.57012306605155,19.726114765290795
10.025,1.271041428306715,17.86808056528055,20.771478282597634
10.05,-0.8564045393131011,14.62820119031042,20.753747322371254
10.075,-3.3656357875921494,11.088796038159236,19.639171936843805
10.1,-5.2034661192119565,7.742182399483279,17.008735050863315
10.125,-7.740244719080536,5.4378001180576465,12.841498523298164
10.15,-11.153657419746379,4.474885903337789,8.90510287714469
10.175,-14.63032039707739,4.153829991224396,7.296769064240497
10.2,-18.236217980633512,3.9514309342176075,8.46377275481508
10.225,-21.886993098375285,3.671694490313935,11.417861656530132
10.25,-25.139234476761796,3.3541602942749993,15.049000918430774
10.275,-27.91817756773677,3.208423016529822,18.855114774420567
10.3,-30.300073597785953,3.373870156442141,22.658165244552404
10.325,-32.39557984822246,3.9031111865594617,26.23341385980871
10.35,-34.372826255126796,4.835392961288126,29.309508901530844
10.375,-36.350519031975274,6.214988469596947,31.720520533147685
10.4,-38.363910356327374,8.064537131098927,33.45646071521619
10.425,-40.520735811630715,10.397651912459992,34.6328847931802
10.45,-43.068691654346466,13.131587404476042,35.46923805450874
10.475,-46.33445887669277,16.039696486645628,36.2189679273869
10.5,-50.36798709546185,18.937772254365914,37.08023061239934
10.525,-55.037347649322996,21.819196351668644,37.97650449668696
10.55,-59.75157503334327,24.832868221963626,38.52167870742205
10.575,-63.354713069525715,27.78943544352395,38.46289101379855
10.6,-65.0775773398985,30.025769428142446,37.96817858938696
10.625,-64.94320989378743,31.053839454915128,37.36498394643614
10.65,-63.361589010007194,30.757124526337677,36.93305287637197
10.675,-60.6189002205577,29.247789518076058,36.56992391522124
10.7,-57.31078450824917,26.871255629323198,36.15334456797347
10.725,-54.039585937181066,23.913375733517775,35.66745086595576
10.75,-50.84753151827293,20.728721939246135,34.86690172112854
10.775,-47.73120016117202,17.75129025861642,33.47507417548351
10.8,-44.83524191108097,15.181480074543787,31.417156441087236
10.825,-42.0854081417507,12.928597851234048,28.71584541884649
10.85,-39.36323780663817,10.761924717230766,25.74584368306608
10.875,-36.75770671663371,8.304786372346927,23.192062406881746
10.9,-34.27847787271977,5.325511052939481,21.19734481831685
10.925,-31.719757206261317,2.0840043364235674,19.428411791455748
10.95,-28.900558669140374,-0.8915363193728961,17.718227115958857
10.975,-25.422645611711012,-3.1194471315568637,16.064633824821446
11.0,-21.238893081641915,-4.349127612489387,14.357271325038855
11.025,-16.370079559771618,-4.289422123188802,12.211688571987422
11.05,-11.096600996230524,-2.6977832777092003,9.307647705628263
11.075,-5.988597565940274,0.31647103464678333,5.872506680960288
11.1,-1.551813000123065,4.272966858916994,2.3462638885369858
11.125,2.126693416575508,8.552404747011582,-0.7584066394416372
11.15,5.207189245825126,12.773664746879449,-2.9307794450310873
11.175,7.746216257865773,16.890129613890732,-4.079416125871823
11.2,9.53927281736065,21.081339435322626,-4.3669685924402275
11.225,10.680923626510163,25.2885789038597,-3.910179686701
11.25,11.566662227231301,29.24021508894426,-2.8930317647222807
11.275,12.511058215143345,32.82137396036344,-1.5539815182016543
11.3,13.518588064446538,36.108335806419724,-0.02738330879402276
11.325,14.460525906616425,39.098750771705305,1.7430352329884413
11.35,15.368474269858146,41.5679526791671,3.7082784363635195
11.375,16.49161600639861,43.220908128614,5.660844231123613
11.4,17.562725887873228,44.08326582702028,7.320765847782119
11.425,18.076109047891343,44.595292527194765,8.23476385778375
11.45,17.934841788096293,44.92192409678737,8.058814793056644
11.475,17.519831355380198,44.67832056814439,6.955756948704079
11.5,17.114869339008536,43.46985805593155,5.769947978460521
11.525,16.641703369596485,41.172707151057644,5.289728318266541
11.55,15.754875351665955,38.00263047155674,5.715551765736051
11.575,14.096986333990408,34.395198939906585,6.851075636796617
11.6,11.54873927987144,30.788816583135063,8.307027894168268
11.625,8.227664684818611,27.31872197292676,9.764774840582756
11.65,4.566555262011689,23.829199359209625,10.990078279070866
11.675,1.0892933130445177,20.055115521569434,11.714844283569358
11.7,-2.504571936084627,15.723242499342,11.44668926209972
11.725,-6.9512315703392185,11.107270931768955,9.009834441291677
11.75,-11.904428319682811,7.1180495475413625,3.450573110091233
11.775,-16.392982735181864,4.5188325226175685,-4.221565697946501
11.8,-20.30463021847289,3.3341501646868,-11.57502961202123
11.825,-24.497472639028967,3.217382703674354,-16.61049378507657
11.85,-29.348615452469794,3.53671062223003,-18.426499078495585
11.875,-34.18924630361453,3.6228435088565547,-17.16661961527284
11.9,-38.23001252295195,3.2880777619997357,-14.022621119747502
11.925,-41.25441339728638,2.7984697483386842,-10.418128072047994
11.95,-43.43022313089927,2.462443324618208,-7.0391373761471545
11.975,-44.98342684078305,2.441257249820545,-3.9205999596645515
12.0,-46.259024237601466,2.8293394515150005,-0.9827467770202194
12.025,-47.57089544098573,3.8292598017043926,1.5918434509124888
12.05,-48.95733725376608,5.4997928589676395,3.5443690555683403
12.075,-50.26999623363192,7.529650619125359,5.024749860698475
12.1,-51.55855758003799,9.312089815913158,6.6013239405203565
12.125,-52.67643553225032,10.228162677805331,8.568241271376822
12.15,-52.99225593275999,10.100690022712177,10.829827863719567
12.175,-52.417080772855925,9.229431775303272,13.408652186525051
12.2,-51.25834029656557,8.20446258435955,16.618211531091152
12.225,-50.076900793713655,7.19797134042025,20.79078963385218
12.25,-49.253631307346616,6.255660446862718,25.63037153353135
12.275,-49.22636252782553,5.681186185146877,30.474612681374527
12.3,-49.73197445374369,5.625144830819146,34.637258319945026
12.325,-50.00371746644428,5.942139030923836,37.84669430939762
12.35,-49.67838903579146,6.634225115613684,40.693978198961375
12.375,-49.01951178411364,7.798969977136036,43.8754589905801
12.4,-48.49667317623542,9.341017569314968,47.311339997415544
12.425,-48.77957832949719,11.111750410161374,50.270287080816814
12.45,-50.14785641231482,13.230888082674085,52.17103620076057
12.475,-52.194280662358,15.920131510415366,53.15326750794508
12.5,-54.461359405214765,19.133812021103964,53.75544699564072
12.525,-56.69696167540141,22.677957565007468,54.40110373202389
12.55,-58.65161845716853,26.454518592691684,55.30699462615884
12.575,-59.78576669248272,30.5067265648838,56.249062088600446
12.6,-59.66589934375773,34.75823116244114,56.801017020058936
12.625,-58.53612163128555,38.836695957645354,56.86507459771634
12.65,-57.26801320683433,42.41650729507218,56.71883506373372
12.675,-56.80417189823873,45.490304834235324,56.652917129141905
12.7,-57.75483737099249,48.2069749890545,56.899296443119546
12.725,-60.253349437550995,50.72375334581358,57.63642301103461
12.75,-63.8552982062656,53.28821492228132,58.72041342280474
12.775,-67.8332215594787,55.91020188672898,60.068437818606704
12.8,-71.598646712956,58.17704251836155,61.817809139170514
12.825,-74.86218030493309,59.707707004240845,63.559139801742056
12.85,-77.43825882710921,60.561867825005926,64.43220586045828
12.875,-78.65681015164033,61.11999271271068,63.769499556530604
12.9,-78.24526779888724,61.50111698732595,62.11037892623235
12.925,-76.68822994401425,61.381862405670816,60.50363363245988
12.95,-74.74880426718099,60.53960319872857,59.51094258926617
12.975,-73.0208066803483,59.189024497246564,59.38019344156981
13.0,-71.64135451705735,57.724165365555145,60.08025126673586
13.025,-70.39904529627589,56.419596242444804,61.079128982237414
13.05,-69.24234632421171,55.390989114577856,61.6792729953292
13.075,-68.37225843059487,54.61958665151718,61.64116747198441
13.1,-67.55572340566884,54.11268454377535,60.9636422404833
13.125,-66.41657121900973,53.77552776455797,60.135838464880464
13.15,-64.8099898215829,53.1760020558451,59.64993865603805
13.175,-62.80562582998568,51.88391531240389,59.79466087599518
13.2,-60.758654828989535,49.90317449455514,60.940410923811136
13.225,-58.98456245089741,47.65789910470708,63.018832911939974
13.25,-57.13532516665149,45.61068781486236,64.73690778784835
13.275,-54.35322839739557,43.95660701010622,64.64404455220458
13.3,-50.41756130705888,42.455132848402414,62.819428672159916
13.325,-45.80954806920316,40.88629822490744,60.61960568771865
13.35,-41.204127407809594,39.15883034892025,59.21720959879185
13.375,-36.85327810598728,37.285792505172,58.50194018106297
13.4,-32.39253262403311,35.24895844916859,57.646159663772096
13.425,-27.155613048779763,32.91432829678395,56.03664723227679
13.45,-21.05495960011455,30.120547592715344,53.47365795991868
13.475,-14.655642442425554,27.09832259794531,49.8831320111146
13.5,-8.43498848242498,24.285285616984396,45.587217170946545
13.525,-2.89929916220947,21.867840477483387,41.523783093713746
13.55,1.2692336074261756,19.884089456799256,38.37160176695307
13.575,3.508258757370704,17.909489726048164,36.014764293583475
13.6,3.5013121759512216,15.20348025059627,34.35183865856178
13.625,2.074343536557161,11.954531251212952,32.56670837569565
13.65,0.2201351573300271,8.90361222545993,28.839481688340168
13.675,-3.0408254860828365,6.134556397837784,22.075821924842195
13.7,-7.168813020278613,3.916547530716983,13.167221914526936
13.725,-11.46058034359338,2.151875762686543,3.6521919688556013
13.75,-15.94792264764507,0.9823217961712836,-5.441988624289112
13.775,-20.625203351126302,0.5957768899283227,-12.932032391315847
13.8,-25.10025264952205,0.5599452902657106,-17.47055396634782
13.825,-28.570258805104956,0.1675973876622645,-18.73203106905539
13.85,-30.25139117468913,-0.9312912739726134,-17.87205706536366
13.875,-30.00424191795307,-2.3716519348940706,-16.613570046705373
13.9,-29.077849173584035,-3.0542423086052297,-16.03397403844369
13.925,-28.15090765945833,-2.512419580294837,-16.107762025057337
13.95,-26.915478362898703,-1.4112355369320013,-16.390320137690992
13.975,-25.442249511082796,-0.4509921419020674,-16.488139598864283
14.0,-24.024615393593777,-0.22141145873135618,-15.93340680694056
14.025,-23.2513933298304,-1.1780808341275784,-14.302067856941395
14.05,-24.04745360598062,-3.2942488166169075,-11.504353348154456
14.075,-26.206538573256385,-6.31853317251853,-7.737662467740142
14.1,-27.9304397107007,-9.823986817681721,-3.322422317743088
14.125,-27.982454974430798,-13.070970033418615,1.3721223629412889
14.15,-26.86495986410502,-14.675446155429618,5.64720063933838
14.175,-26.064696497117527,-13.68925589063736,9.235522066042895
14.2,-26.74931758625803,-9.983647024904172,12.273631008530726
14.225,-29.135247167350258,-4.0142790547360905,14.697297827153628
14.25,-32.73872894770227,2.9617281505562207,17.34977469522974
14.275,-37.09704528613536,9.692179317610442,22.04574896110362
14.3,-42.10392865317193,15.558922082959478,29.333650506582117
14.325,-47.69307002121856,20.722075174710692,37.25071964222451
14.35,-53.46011851284649,25.781891543106582,43.36353204286313
14.375,-58.50892045261398,31.25936377506801,46.87954048160736
14.4,-61.93515691958711,37.44659154450893,47.94138089603561
14.425,-63.59470865828506,44.20943269844984,46.797228876917515
14.45,-64.33589762470632,51.059111690654625,44.23352404212847
14.475,-65.27686343202444,57.5442159120371,41.15263211359509
14.5,-67.55444432091672,63.44537483479591,38.62389868819475
14.525,-72.63090016499376,68.67517986717786,38.43779056345916
14.55,-80.69613795205859,73.01212178813564,41.02314412058497
14.575,-90.11104700154353,76.29294503159021,44.67675948304536
14.6,-99.18371859066255,79.52829937326106,47.774708284271384
14.625,-106.93799213355749,83.45093911023334,49.40636191745094
14.65,-112.80007213964058,87.05780933064503,48.29226082505199
14.675,-117.12479393420384,90.28109421476731,44.667905633680014
14.7,-120.08546226297068,92.59413856083992,39.69081630466557
14.725,-121.48720343877643,92.84511519117281,34.84183357187078
14.75,-121.43563373820433,91.2611963309404,32.06742585269805
14.775,-120.28789159836265,88.71176448279442,31.44074140002907
14.8,-118.61390747107214,85.8810902530818,31.594724661524648
14.825,-117.06526329509204,83.13630424249034,31.88199661968947
14.85,-116.00123195137219,80.74700020757817,32.47803224271961
14.875,-115.49955790842345,79.17653546872828,33.59284234137276
14.9,-115.6901251786976,78.98624031592301,35.381010543308605
14.925,-116.46542296588652,80.26576952617164,37.85022690246548
14.95,-117.3649206282195,82.47746196393916,40.87254145800486
14.975,-117.8666926260743,84.8181128228366,44.388298642626296
15.0,-117.60019212276342,86.6683923127328,48.456940450346224
15.025,-116.03142050341278,87.57624292455901,52.55997878581581
15.05,-112.4801110499078,87.12046272351897,55.54187502855123
15.075,-106.67344460224638,85.08329645597362,56.74522219178737
15.1,-99.07391835687584,81.68701155350202,56.5728470797404
15.125,-90.53560253110774,77.5397061833657,55.96723465660076
15.15,-82.09464014099596,73.29351768160961,55.85443733850705
15.175,-74.75036613951279,69.21799318912542,56.61764487521059
15.2,-68.83842170636302,65.14168294297967,57.81306284975446
15.225,-63.71856696037621,60.68089705050517,58.67994882691385
15.25,-58.31652665710779,55.64930927370972,58.48382765176389
15.275,-52.18924415047474,50.14655247640429,56.93401845193106
15.3,-45.95549233632953,44.268366524506106,54.370086953790256
15.325,-40.412342823170725,38.26522477790269,51.20762013134925
15.35,-36.054785614800444,32.547719789630044,47.491926226543285
15.375,-33.11545770671371,27.414474387136508,43.423626772278
15.4,-31.06713882127089,22.784422976045917,39.61920973658501
15.425,-29.128781596824123,18.422571809254112,36.37683302707922
15.45,-26.943772055485482,14.437397794004506,33.60092193065287
15.475,-24.344631517250694,11.261027459480298,30.994389941924215
15.5,-21.680298431239432,8.95435061292605,28.454077774447978
15.525,-19.81179390808056,7.267831722553748,26.193431141580824
15.55,-19.142095862708995,6.0917367832736815,24.34441387767476
15.575,-19.261792809687353,5.346429245735229,22.835739454674137
15.6,-19.724382824041154,4.970139631537675,21.470823775837655
15.625,-20.35612700193881,4.782239779005952,20.195003994369216
15.65,-21.01066935591772,4.477826278461948,18.886556759237493
15.675,-21.60185486307657,3.9424989511662076,17.31074963060759
15.7,-22.25955643367218,3.3789189629401246,15.383738149781182
15.725,-23.105963365381243,3.0994084131858948,13.13957414079151
15.75,-24.316286676173934,3.2819291041384044,10.769401876244189
15.775,-26.152144501484088,4.007428055418378,8.712651319014844
15.8,-28.929620427356323,5.2302974870711365,7.6224119548355525
15.825,-32.48500798608039,6.483831050288868,8.046502727801613
15.85,-35.91470110602531,7.084512103273464,9.863185550944051
15.875,-38.45947983180771,6.779478635359937,12.359118658625517
15.9,-40.13230928664853,5.680314190080898,14.877004558826084
15.925,-41.20929117212007,4.027977553033132,16.9039937206552
15.95,-41.733841104596834,2.2282133689968258,17.986929203975546
15.975,-41.56031914406687,0.5899649774385817,18.170525018321687
16.0,-40.7586633523629,-0.8049787467102584,18.01932529923817
16.025,-39.56402137107901,-1.922895729767698,17.848454991632988
16.05,-38.16454581677255,-2.720034215871607,17.587678482998868
16.075,-36.7666115999033,-3.294641996939367,17.224180026871235
16.1,-35.63885755442751,-3.774816970255591,16.871846932051234
16.125,-35.137531884542746,-3.9038398067515723,16.52531376580904
16.15,-35.3874781381096,-3.3319421252840984,16.018732275716665
16.175,-36.42669940274462,-2.136909283474767,15.358355187757937
16.2,-38.334387560574314,-0.5750263862708315,14.6511872415466
16.225,-40.59981054298649,0.9043314700352724,14.027985912270907
16.25,-42.57429663476066,1.8172818316174497,13.80248619518563
16.275,-44.4311536361965,2.1006520306836918,14.430999089745221
16.3,-46.48682787947412,1.82693961350288,16.058621733469934
16.325,-48.44126740097999,1.0618559807928851,18.124309280216178
16.35,-49.8613428176817,0.04134737253792678,19.810421379011807
16.375,-50.600437800853996,-0.8803086042996463,20.55551014199482
16.4,-50.74108079973282,-1.4737767860925435,20.42240588429109
16.425,-50.3141162984622,-1.7437460808747907,19.948850238429156
16.45,-49.248766349022645,-1.7699712593382688,19.584784552387035
16.475,-47.50213316316809,-1.5760419367384795,19.396246961755672
16.5,-45.28223019309294,-1.2323456914532105,19.149852363663708
16.525,-43.12421069731812,-1.0183027790934067,18.667085960835784
16.55,-41.41376044590904,-0.987235287128434,17.981498056638692
16.575,-40.350515016849315,-0.8479816869487603,17.251995018140214
16.6,-39.99666251629671,-0.48565688326624035,16.742160775709472
16.625,-40.356490441659815,-0.04201386790679336,16.57472377217485
16.65,-41.253781502886746,0.4574055089310276,16.512175877833588
16.675,-42.44406308393156,1.0419653693163071,16.290395504355242
16.7,-44.023983294213025,1.5813357235898307,16.12271240968023
16.725,-46.105347927426166,1.9634001507028767,16.290580045667497
16.75,-48.39484271233965,2.288524453954309,16.74850039716112
16.775,-50.41944649253954,2.706766037796164,17.588938956643293
16.8,-51.7237771295648,3.1239763470904403,19.04007236812639
16.825,-52.19362548133311,3.219988830916404,20.71521986483115
16.85,-52.18576443484012,2.994026672573003,21.860340433364453
16.875,-51.79874999188775,2.7503045961827564,22.277994050869477
16.9,-50.68131054201761,2.6708299522733494,22.25841395337308
16.925,-48.92724333014382,2.739546526809139,22.053536477970937
16.95,-46.934642770149246,2.899378378243606,21.60220861141767
16.975,-44.70664957988192,3.0970402297366935,20.535511144811867
17.0,-42.325389820335694,3.397840814087796,18.777583842283406
17.025,-40.287046399543826,4.104607886712012,17.027729228656302
17.05,-38.91049831893633,5.320727426659268,16.238104066434687
17.075,-38.28132530424721,6.692934106085234,16.914636100576537
17.1,-38.417466801908596,8.19835527233356,18.913827774043703
17.125,-39.177463523894694,10.103304754087716,21.386014031346562
17.15,-40.53138043761332,12.396740567830001,23.40788908105976
17.175,-42.68219190433229,14.86329687095627,24.814175731161708
17.2,-45.514876690499825,17.299367890080322,25.77617828007958
17.225,-48.423222339077086,19.52862809821876,26.24656898252101
17.25,-50.78613860409089,21.45517845423635,26.139421124562087
17.275,-52.28843382577397,23.12669546283239,25.541848002219915
17.3,-52.875200218498335,24.62129001155405,24.74754644831523
17.325,-52.80004239960023,25.894628637535774,24.20991005374417
17.35,-52.52528449301756,26.82097024555964,24.34150399851761
17.375,-52.38420614015469,27.217842228104438,25.498549130370687
17.4,-52.49096249018063,26.86501035371599,27.94552330489055
17.425,-52.7032042661762,25.831508845002237,31.53411059463753
17.45,-52.63227864518449,24.57165122590802,35.548783024269596
17.475,-51.856652325261294,23.43783941531968,38.828029935726704
17.5,-50.20156845624779,22.453761442549595,40.17290478238678
17.525,-47.90471400640822,21.838065496954027,39.27974343866719
17.55,-45.58004663791825,21.828317810093363,37.21005255919044
17.575,-43.968156014089864,22.033894240468168,35.420171901307945
17.6,-43.55783096518959,22.124428467125835,34.65361462264866
17.625,-44.30446122743822,22.359904900086086,34.79481957678616
17.65,-45.90635804882482,23.020174654626604,35.31775215461347
17.675,-48.23425063907956,24.115139813194652,35.803598490157306
17.7,-51.228283800115584,25.69023898133419,36.13879786781858
17.725,-54.60032537074655,27.8560720214204,36.29662506682402
17.75,-57.87878437149482,30.583438937597577,36.07438129267247
17.775,-60.7238091767057,33.71498008183876,35.35992862635822
17.8,-63.2113774488908,37.13774159964763,34.450241081787745
17.825,-65.72071652522156,40.83601612590277,33.80097042347402
17.85,-68.47895435563841,44.67863861337168,33.562093703559505
17.875,-71.41835649786823,48.415591893531435,33.527747940291
17.9,-74.454153007093,51.9550749708447,33.46623302863126
17.925,-77.50663674128103,55.40352717204465,33.372607496926804
17.95,-80.5079893474454,58.8839588364151,33.31913048566958
17.975,-83.29174135705479,62.43368454755349,33.175410666324076
18.0,-85.89134095547705,65.99772964511295,32.930279355892765
18.025,-88.39739849318332,69.49419552232492,32.60249027307299
18.05,-90.9560831472569,72.87140722297686,32.16882396690845
18.075,-93.7229713475263,76.05732057542494,31.78619274943348
18.1,-96.61196661780296,78.95707075460068,31.459721996993267
18.125,-99.5075916317423,81.5874951686396,31.115199165693937
18.15,-102.11841910288017,83.93868166403128,30.345748245418623
18.175,-104.62430628540766,86.11826744693685,29.19816696227676
18.2,-107.27234060778522,88.1755070514797,28.012419027554113
18.225,-110.02779486753083,89.87968004985854,26.914292131125524
18.25,-112.37418120639,90.73921928062788,25.599490665380774
18.275,-113.70819104146788,90.42761422916568,23.931802560796243
18.3,-113.85648563280272,88.96246265843978,22.209380489998615
18.325,-113.04383486463453,86.69513306669177,21.08541416607215
18.35,-111.29006952396013,84.06751191141998,21.042426515927886
18.375,-108.17025474671532,81.22572621881977,22.022697851589356
18.4,-103.59291050608995,77.94359209766915,24.12409058725331
18.425,-97.9435280447911,73.78073198079485,27.301593251294378
18.45,-91.78085875363855,68.47287882774081,31.222880651199493
18.475,-85.37470659687484,62.13104433494888,35.41951778727774
18.5,-78.78116981299513,55.11950898709695,39.67525078572177
18.525,-71.851895413367,48.119389904277114,43.596660295086565
18.55,-64.43930250779317,42.027510912968644,46.30233575400277
18.575,-56.83122534088609,36.973063689936836,47.361175629543865
18.6,-49.668632994935265,32.62084180438815,47.18132274648939
18.625,-43.45322651782584,28.9559461922776,46.43052325436926
18.65,-38.377725113039624,25.87200489720955,45.58770481424277
18.675,-34.365672237262444,23.08087853492432,44.92684234694715
18.7,-31.12010596807649,20.612333875091096,44.544609303268146
18.725,-28.431723153369855,18.704904819858402,44.210200437199056
18.75,-26.16791008692869,17.301735658078496,43.559498582714795
18.775,-24.133773533209688,16.024255439002104,42.54173990696741
18.8,-22.105957294745732,14.641040032048222,41.38733971413575
18.825,-19.900249425042862,13.26221031053111,40.277940601837116
18.85,-17.40088554633953,12.102245693680015,39.24184261343604
18.875,-14.486776029490018,11.264110466916563,38.10094954216583
18.9,-11.130848301109797,10.790301266474346,36.470973792070964
18.925,-7.63437689345997,10.577785542626103,34.23163734394656
18.95,-4.663620820174809,10.407462569225896,31.667690477334926
18.975,-2.727869620412036,10.097553157718211,29.117944922478017
19.0,-1.9776232744664954,9.731460859468443,26.7512502632841
19.025,-2.387442263011022,9.558205513330552,24.78231834087367
19.05,-3.710545509094988,9.706721231682641,23.336264582323466
19.075,-5.688729938580615,10.203725876493735,22.220364320564535
19.1,-8.321593290655784,11.109026730476808,21.317143164291473
19.125,-11.711474563739193,12.551428414243983,20.83167555100637
19.15,-15.81101510870389,14.726328578251561,20.989665080137165
19.175,-20.447904497942275,17.650757741661973,21.824642901118647
19.2,-25.408810867905892,21.061249489990416,23.070055628692913
19.225,-30.499749854295956,24.674521818741155,24.43544475813937
19.25,-35.596240152965024,28.35153408624791,25.90444242847519
19.275,-40.647572142201334,32.01998023948519,27.645601954927354
19.3,-45.600549693779755,35.66902275794692,29.579280929006373
19.325,-50.376480823548555,39.3139809648053,31.398695219905903
19.35,-55.15378290819682,42.949337153333815,32.95997623480008
19.375,-59.99416624371871,46.53343968671949,34.15693418902711
19.4,-65.01696870974406,50.00011898173943,35.05215352100833
19.425,-70.14171522024213,53.30000485393181,35.68807389967183
19.45,-75.11815614850657,56.45395961374614,35.942108359796606
19.475,-79.8005349489805,59.599879158690406,35.74795127604403
19.5,-83.96847858241823,62.80437350135248,35.04914129919176
19.525,-87.88687405610554,66.06315447657252,34.24090334658438
19.55,-91.71897085860252,69.37810315860085,33.564752583980784
19.575,-95.34227595827217,72.71962346651381,32.89084709060442
19.6,-98.74030594007935,76.00545948140243,32.18370396830128
19.625,-101.97106521134602,79.05637678188302,31.61778905959062
19.65,-104.89394504527034,81.64219232024385,31.06152461121768
19.675,-107.47730832636954,83.7462281179791,30.256169667076637
19.7,-109.76668688880027,85.45751239910275,29.078329679983486
19.725,-111.81487149302787,86.81293521511326,27.48879605395661
19.75,-113.73051221549883,87.96887885375743,25.707864581552723
19.775,-115.46950386465123,89.0326806916694,23.90344613485562
19.8,-117.03064842526844,90.10806034389515,22.347031788837423
19.825,-118.33716409690093,91.16826413126562,21.283438522908604
19.85,-119.27561497523094,92.04357357312321,20.65099712375285
19.875,-119.95307169388042,92.70337198248492,20.307507559805366
19.9,-120.51798456514638,93.2179428380471,20.21437451694808
19.925,-121.01751525848276,93.64862264272826,20.356123006131558
