Time [s],Plantarflexion(+)/dorsiflexion(-),Supination(-)/pronation(+)
0.0,14.94973616925298,20.99723066138838
0.05,16.48760907331948,19.8745642912398
0.1,18.378676765396808,18.36998962413559
0.15,20.737130024253812,16.57559635351988
0.2,21.461745791355437,13.132992252949322
0.25,21.03599339080859,12.95403137748534
0.3,20.70411505149984,19.705441288208743
0.35,21.98804974228379,27.97012474400062
0.4,25.684470349087963,33.26533191708498
0.45,28.413874819892957,36.7954827817385
0.5,28.94204526851748,37.273041985774135
0.55,27.047130013477187,35.62524478421329
0.6,20.455488097226297,35.673562811823125
0.65,14.306186820249724,34.9777372759964
0.7,10.748413500209391,32.68150359554364
0.75,6.3415683137656975,31.900836076708824
0.8,3.575201374060091,29.650657083297546
0.85,1.2109166508904754,27.21916642667043
0.9,-0.7352530021416718,25.285239229918314
0.95,-1.2006352043126474,23.66573456031185
1.0,-1.3102265747851765,22.141858702231602
1.05,-1.2977956874083216,20.9354037828378
1.1,-1.3817270085468143,20.000392883363592
1.15,-1.4897804992441654,19.40643098476771
1.2,-1.4866885696391932,18.97704913740422
1.25,-1.361429965457447,18.665446369628604
1.3,-1.1663463969857992,18.08089675443847
1.35,-0.737678228976022,17.177811868343838
1.4,0.29092591365510884,16.101382389407206
1.45,1.9459734157079729,14.64018605339919
1.5,4.392685310013521,13.523060026939989
1.55,8.20176503487675,12.348964824539218
1.6,12.229419147854593,11.041725230633002
1.65,15.755076351939145,8.53958381852621
1.7,17.89280033972325,5.3945949413204355
1.75,19.254266964084458,5.291412754223865
1.8,21.44302592585357,6.681147949128191
1.85,25.34592818991313,9.140935900579127
1.9,30.833405155442957,13.313794281987784
1.95,37.20332076510689,18.43402751370493
2.0,42.51516018155789,23.52390184357704
2.05,45.44869008272353,27.03764048296992
2.1,45.6508758378441,29.294689465466764
2.15,42.61002804908546,31.055571966111252
2.2,38.45408871018457,31.622852974695235
2.25,34.56051894443608,31.69607531539253
2.3,31.00595073653395,32.177008109894885
2.35,24.72545494233975,34.97674063813317
2.4,17.358222421768872,37.256898588439256
2.45,13.497734864090779,35.31817282349265
2.5,10.549387174104428,31.993461243178025
2.55,7.432676081832445,29.53966326329774
2.6,5.469444127393608,26.030388968076444
2.65,3.64757354172952,23.83844466686371
2.7,2.692966600501927,22.3964436034294
2.75,2.1731896360978995,21.807633079748797
2.8,1.879751705160168,21.733747120162736
2.85,1.5806850992647759,21.63090370467323
2.9,1.1592288051696744,21.385429686093907
2.95,0.6358834549389628,21.459959007144167
3.0,-0.03837086435201165,21.93834592616511
3.05,-0.6634015429262419,22.669702377622578
3.1,-0.6539008227011137,23.55903955956576
3.15,0.8190290739233299,23.38258227362033
3.2,4.980559311633402,22.754122247556225
3.25,11.99589922312296,21.239041533827553
3.3,20.241318522884008,18.210873240540455
3.35,27.183018060225205,14.664808245383956
3.4,30.498558070545982,13.105197522887511
3.45,28.419122247996626,15.29560040596099
3.5,23.963107426909005,21.027831942248064
3.55,19.18257774851502,26.759912473745768
3.6,14.981863228866205,29.383541933216733
3.65,12.102498110522905,28.38207382948384
3.7,11.940266022867629,25.243242101399964
3.75,12.45682170549911,19.925945703448694
3.8,14.683852353743946,13.807252933677528
3.85,14.506793561933701,9.189677592707374
3.9,13.611078829287434,8.217714858240532
3.95,11.576545876097112,8.29973927242744
4.0,8.04194418823528,10.786337417040375
4.05,5.874323226335515,13.731880001421922
4.1,3.801417197727605,14.809946526946861
4.15,1.8824473664280625,14.8287755030193
4.2,0.5511305091622085,13.742128567884551
4.25,-0.6080242019885868,12.84216343885431
4.3,-1.5902255007040682,12.866473523523439
4.35,-2.3249248269915768,13.108507435593767
4.4,-3.070787540831821,13.99404294257871
4.45,-3.9575626978701317,15.620305960703101
4.5,-4.639275396861596,16.862404075967497
4.55,-5.03189149047581,17.457693160061368
4.6,-4.982265038954573,17.232346744728513
4.65,-4.552267866634754,17.318633975682026
4.7,-3.7876184013320433,17.149391205576734
4.75,-2.7524824014657154,17.122657274828708
4.8,-1.7552901699612762,16.941345097176516
4.85,-0.676248142222591,16.968272571442327
4.9,0.5194922195786708,17.07722001476645
4.95,2.1031585810200624,17.429330549642888
5.0,3.882424497516305,17.424433145899584
5.05,6.3038893768749915,16.35188733866301
5.1,8.701212541284802,15.118908879502596
5.15,10.049910666762194,15.117319730993994
5.2,9.766776676510373,17.48559615680682
5.25,8.738794333161438,20.267011588442486
5.3,7.95543568420505,21.670279080187917
5.35,8.272740647457404,21.22254187410174
5.4,8.579946479085672,19.26312545246685
5.45,7.7521118388648,16.09946181967322
5.5,7.782717272591116,12.722653338554604
5.55,8.27045296929278,10.407800558733452
5.6,8.977507007985425,8.50879839985573
5.65,10.802113208352068,6.463777874625846
5.7,10.431156887171278,7.70092050810305
5.75,9.098400819208425,9.852666114058945
5.8,8.522980263004873,10.552011099873052
5.85,7.380201595680615,11.600114087942124
5.9,6.549850401376992,12.589189855252839
5.95,6.193734968384284,13.490804892443032
6.0,5.842009805971888,14.973701961257627
6.05,5.794939339875141,16.154165064981896
6.1,5.947875100152686,17.25184239534559
6.15,6.251217864493649,18.32319836933297
6.2,6.756028963987636,19.310711305468413
6.25,7.627493712125673,20.476786711057528
6.3,8.6881006501919,21.275419260553235
6.35,9.857925957710442,21.687855966933128
6.4,11.482853052623268,21.60274701021562
6.45,15.137725347731454,21.097295556846987
6.5,21.31520062272385,21.770353522753965
6.55,26.365764445584848,21.081879777993734
6.6,29.630474703176226,16.22489494766612
6.65,28.35580123642034,6.435612469065186
6.7,21.03957744401044,7.026806567727794
6.75,16.98181397410521,8.958256710706367
6.8,17.522658930168095,9.202803321237221
6.85,20.499653831880238,10.589528444111135
6.9,23.083415616772246,13.353228314551913
6.95,25.756661288069676,14.375338586397325
7.0,28.88928518890144,13.517265773888484
7.05,33.61271138796041,10.32246291809502
7.1,38.370012090506314,6.983501492226953
7.15,40.16250300875125,5.701508063101447
7.2,40.56828853559511,5.789042528108574
7.25,37.99774498073431,8.526676313760845
7.3,33.59826711229775,13.68975831006895
7.35,29.673900640126952,17.648969738873657
7.4,26.84953511992198,19.951186064466707
7.45,24.459975156711025,18.82789408050882
7.5,23.21864313233413,17.479943040470044
7.55,20.362420693635265,18.1046418722712
7.6,17.3402966984518,16.842969455647104
7.65,14.747953233323754,17.740535665555385
7.7,10.188048030349192,20.06677200604758
7.75,9.703638588514025,18.598127086897566
7.8,9.35582936012463,17.836605318905438
7.85,8.957733534683435,17.939712080403933
7.9,9.942510840193789,17.057871008112425
7.95,12.696974449991796,16.32283199294427
8.0,17.977631953624435,15.59640245997892
8.05,22.907598729491742,16.303454676478616
8.1,25.882426737891368,18.42299452796878
8.15,24.66754867590964,23.59381074929679
8.2,21.624533822657405,29.246769318341933
8.25,18.310119752590364,29.922870319927906
8.3,15.857174547272589,26.17872812829124
8.35,15.94417620020093,20.00841804059233
8.4,15.87145543984712,10.901026125379067
8.45,15.271346228068301,6.217906683471935
8.5,13.845047135441527,4.253130949017611
8.55,10.567037649831892,5.62814575384946
8.6,6.648809273649578,9.966296999255738
8.65,3.5414121984052493,13.085581052188541
8.7,2.4894295691510577,14.616346462945202
8.75,4.889836544807844,14.280097912943711
8.8,10.93549529150736,11.836245967285466
8.85,21.937114533277978,4.771470549770911
8.9,27.52004731731498,2.2640760320584237
8.95,29.125407310916977,4.765064432673266
9.0,23.659255818725057,15.102994066101251
9.05,17.546984351485346,28.53567857933716
9.1,13.81488093449596,29.358347091230264
9.15,10.862691479780132,20.072751936220143
9.2,12.528550661784335,7.3211189126353755
9.25,11.560839994763,2.020995188341631
9.3,8.781081300453355,2.3121957030378453
9.35,5.379134854322113,5.381185610918526
9.4,3.12393986318415,9.367788336253277
9.45,5.319942730988305,12.354195386607467
9.5,12.964505868288894,14.870384751528436
9.55,18.099693645998954,16.14682703573492
9.6,21.255019283513132,18.79817966237428
9.65,20.215890100443417,22.356107190647226
9.7,13.178040256897006,23.335302405430436
9.75,9.348314526717727,18.395844680073765
9.8,11.574521054521966,9.302821863847013
9.85,14.992520696933171,2.946044447404181
9.9,21.83452884103999,0.5784782767534843
9.95,29.803445483085792,1.8902828462645984
10.0,35.306932257677296,6.182193484194502
10.05,36.97281110861825,10.923094976679735
10.1,33.51643164169593,16.6305729232477
10.15,23.456950003712713,22.466566378964334
10.2,16.044856756195465,21.75926415689753
10.25,11.286897826928465,21.342958283688073
10.3,8.534940780748729,21.472262251313413
10.35,7.120118418461824,21.15937038525814
10.4,5.360920222852286,21.27970329380527
10.45,3.2269456888019237,21.450188529492547
10.5,1.0725835400077888,21.3905694302548
10.55,-1.037389646732403,21.24359688742206
10.6,-0.8130042345794929,20.328973913257705
10.65,2.4877207143673044,19.82567617689294
10.7,5.562517515132464,21.900568871044303
10.75,5.049731374591382,26.535266477774744
10.8,6.637273095881111,32.78849005515291
10.85,4.097785632112457,37.52746378697315
10.9,8.21860328176777,34.838618705769285
10.95,7.486478334662558,31.51997972451278
11.0,3.409016014511002,33.84212706435631
11.05,-0.08018656804788042,36.240908197114514
11.1,0.5105138071220784,36.09403165811131
11.15,1.009416995069591,34.26175139136598
11.2,-0.37402622146403575,32.63141795243897
11.25,-1.8938622008820263,32.35180260581475
11.3,-4.595343117479245,32.8311130759233
11.35,-6.112961708560313,31.10172971265219
11.4,-2.5881575694422665,27.388197942610958
11.45,3.7415218913929884,21.1982470006178
11.5,2.3772373746606,22.37411851760326
11.55,2.1996334644721114,21.529435633839054
11.6,1.2653940833024933,21.199570457776705
11.65,1.1903791101597703,22.04673251204841
11.7,0.4753156987087516,24.085986020074984
11.75,0.050795121739541454,24.495551476839054
11.8,-0.4252369197720024,25.981002039579355
11.85,0.23290504130586318,25.462593507271126
11.9,0.10124503008852745,24.627558956865663
11.95,-0.31070965059979055,24.329053515309347
12.0,-0.41635240093581827,24.59085832368944
12.05,0.22223977953672663,23.84022167921289
12.1,0.600315225649739,23.915727117748048
12.15,0.40197210513541065,23.331901594601266
12.2,-0.04745817735434322,23.12932920235313
12.25,0.08751822260930989,23.153122000948322
12.3,-0.2233722443261929,26.611175317155162
12.35,-1.100307959378431,30.263291727996897
12.4,-4.097839785593286,33.69251394147822
12.45,-6.829273231334229,35.033484770180436
12.5,-9.660235188624144,36.720446928117596
12.55,-9.60796183988504,37.54991173759622
12.6,-8.540462698122875,38.516985756732105
12.65,-7.672195556187845,38.401622737776854
12.7,-7.611340533943166,37.93425864803004
12.75,-7.313310148586617,36.60687596741701
12.8,-7.905774326867534,36.464110446808974
12.85,-7.461899750136761,36.15466706637281
12.9,-7.038909482787755,36.65734753789604
12.95,-6.765814736477881,36.92306222371674
13.0,-7.358719897707688,36.97860604575255
13.05,-7.9208760129498765,36.60559612789472
13.1,-7.319599324510778,36.71860465621304
13.15,-6.702021663227039,36.67399676993549
13.2,-6.2903584007675875,36.26253335028542
13.25,-6.6890608744721245,35.90335270692141
13.3,-6.812093265730312,36.35635461293898
13.35,-7.247499686778144,36.40543046407952
13.4,-7.651306013435754,36.19894642250601
13.45,-7.202555804426658,35.61029433087471
13.5,-6.2643927524716885,34.91683279433886
13.55,-4.353993869954352,35.33646730067503
13.6,-1.955910938887858,35.48206112388788
13.65,-0.2252770256379935,35.94702887313477
13.7,-0.2511415401296938,35.07107974145437
13.75,-0.7046381309637124,31.30160037259075
13.8,0.38969673480285105,28.11749730114456
13.85,0.44286331222181186,27.960960484733974
13.9,0.11560710148083857,28.50408915841543
13.95,0.6194652168059563,27.379538944551765
14.0,-0.21998152790899517,26.999939033139327
14.05,-0.7065267360915378,26.527091308120827
14.1,-0.9670342463913737,26.536935187198566
14.15,-1.0592812605036186,27.60286449796814
14.2,-0.8269229460619145,28.759325364394638
14.25,-0.9370006933994671,29.788391990358843
14.3,-1.4156495514301095,30.148324341840684
14.35,-1.9666975898836792,31.299932853540803
14.4,-1.4469316465431927,32.80505460643743
14.45,-0.5692570789179325,33.712679845908504
14.5,-0.5392213271123578,33.91214823017361
14.55,-0.9488565045234307,32.99202585474544
14.6,-1.0502969944117422,31.536298549563632
14.65,-1.4126349918358556,29.04494759205853
14.7,-2.499346366605821,26.923400013464736
14.75,-3.4041645759617887,27.78068066114608
14.8,-3.5950708148571193,28.67665520828836
14.85,-0.7279226486932576,27.550586505071198
14.9,0.3707135009754216,30.87764704146607
14.95,0.6172662429826372,28.058570587040563
15.0,3.1496028816936463,26.501861531380932
15.05,-0.9252573173776427,29.88426824280322
15.1,0.40949269696409046,31.313195217240345
15.15,0.2909348449316043,32.57866057593046
15.2,0.42191073598825957,33.64690317097142
15.25,1.9287713903633084,33.005558292929834
15.3,3.2877690577058893,34.07134119586522
15.35,5.333622023969182,35.3012458866722
15.4,8.075638932390886,37.46808063146624
15.45,10.991005022754955,39.34921555243722
15.5,15.955223485483023,38.629009001112976
15.55,22.42442026985176,37.31533054678585
15.6,28.40398017044771,35.99974233107502
15.65,34.17610992818215,32.50254731652511
15.7,36.5383462835016,29.816608163090066
15.75,37.48475345256713,22.113628210972415
15.8,35.091785747852775,19.453302028654228
15.85,32.610000344500754,14.411668687637846
15.9,30.462594400657487,12.719504079992735
15.95,28.619892640647777,12.318643111849294
16.0,26.965601192412294,13.673845463314084
16.05,27.39947469316053,13.28896314139358
16.1,27.24260435278252,13.270011748013673
16.15,26.759714241982152,13.936407188795991
16.2,26.594584006667347,13.291067191408537
16.25,25.807313864812123,12.94502313919325
16.3,24.93316312071297,12.568765603728929
16.35,23.64710696628073,12.332483921702783
16.4,21.71255721129931,12.057577473564223
16.45,19.717735158829274,11.815002986705345
16.5,18.28806974105083,11.703458057648712
16.55,17.56357496114922,11.902877086201505
16.6,17.515692954049488,12.692250564261755
16.65,18.1158298503939,13.072348826846353
16.7,18.87855390562745,13.36488434346577
16.75,19.732538265045235,13.70513482087572
16.8,20.831210834817647,14.185301783332084
16.85,22.13172436151079,14.771283440819584
16.9,23.454052420648367,15.76642709785936
16.95,25.015936185308906,16.482043013578615
17.0,26.72983546914259,17.222815716706407
17.05,27.944573303140633,17.656799884477017
17.1,28.757765373896515,18.029823213466265
17.15,29.140627759859786,18.31111408622962
17.2,28.415106675985975,18.054183007688483
17.25,27.602210617983474,17.51152137302353
17.3,26.250047208985894,16.368754423040862
17.35,25.068046451618923,15.39057693229659
17.4,25.154936126868964,14.730696117099443
17.45,25.82538867769298,14.938734268002476
17.5,26.59747330401252,15.8552549476516
17.55,24.76044938317234,17.801449240897405
17.6,20.620711579705315,20.8659038181271
17.65,16.527123235596132,24.363071230988393
17.7,12.821018217749582,27.1351998626767
17.75,9.726338311230833,28.143287020582658
17.8,8.541047470011806,27.28718597286329
17.85,7.51128568254496,27.986926386771437
17.9,7.332943858559391,28.689577282536387
17.95,8.88804318920258,29.78091575524067
18.0,11.899764822076143,30.369585116288892
18.05,14.488628653133862,29.92471754402189
18.1,16.419401779953493,29.177536222149072
18.15,18.081196188039492,28.126869339890245
18.2,19.27235427805607,27.447166819278312
18.25,20.260541375157896,26.974252302240775
18.3,22.087884755198864,25.65654176764436
18.35,23.77260366517702,25.40620214122526
18.4,24.938009731381275,24.417893614940123
18.45,26.006021506530814,23.195076189170834
18.5,26.312336757568698,21.884918914056794
18.55,26.33416715032763,21.118556502786245
18.6,26.724050433709884,19.601700033116753
18.65,26.552743769409464,18.45200931797937
18.7,26.231706510044187,18.08767406220256
18.75,25.59825994280555,17.77964916730422
18.8,23.90617476236652,18.328854164448185
18.85,22.612250035625078,19.542593647176357
18.9,21.03861749219914,20.644011247893705
18.95,19.91491957484105,22.503939479506222
19.0,19.299216694006574,24.32229735731366
19.05,19.210667383850407,25.98874346404068
19.1,19.108687974225607,27.433622296154397
19.15,18.967344133773466,28.644530336176725
19.2,18.908740585617302,29.58870766798181
19.25,18.46313460275588,30.438751072851183
19.3,17.524789659485602,31.302332423675892
19.35,16.694880876404827,31.744156535383432
19.4,16.071892799938833,31.899333636288702
19.45,15.126044419770365,32.4121648413181
19.5,14.830658688218488,32.72078826492479
19.55,14.58215858497342,33.02619729554298
19.6,14.078946713690241,33.33314530444757
19.65,13.791719712974123,33.55731402755829
19.7,13.752565015960213,33.75096614600626
19.75,14.61552980592735,33.8838492639093
19.8,16.04051817625652,33.74988731297957
19.85,17.930994513621116,33.00097066991027
19.9,19.413073649190174,31.4686849044291
19.95,21.008043753237274,29.348581273529412
20.0,23.664907976088767,26.08620753778327
20.05,26.272849961092234,23.217696083598202
20.1,28.015432657546178,21.300790970604638
20.15,29.040413214738418,20.221284948824973
20.2,29.381302684584263,19.50485449728568
20.25,29.308996582754933,19.285849710309044
20.3,29.114978513904195,19.129841554891804
20.35,29.037516941635896,18.75732784811113
20.4,28.846413634276196,18.303838139826613
20.45,28.915278210387044,17.79012251290335
20.5,28.977618851791956,16.90865591886549
20.55,28.691354935434642,16.524808350586984
20.6,28.118279182424942,16.453241030459417
20.65,27.623105693278248,16.824961594922698
20.7,27.160086441575483,17.66504026825227
20.75,26.988079361952572,18.67280205226213
20.8,26.394616129316926,19.766758931281124
20.85,26.292526047319956,21.061904928738713
20.9,26.07518212373362,21.648250998275586
20.95,25.774334221690626,22.17607867153171
21.0,25.60935207093609,22.00719200359144
21.05,25.220847031612017,21.31342823889461
21.1,24.91175763654419,19.914544847080958
21.15,25.27955984918181,18.34754732716004
21.2,25.72047132762372,16.45050103753836
21.25,27.74723741575409,15.679601656856995
21.3,28.349857940898275,16.26059541587168
21.35,26.96068119532663,19.875745202112164
21.4,21.42182145162014,27.328924328105742
21.45,16.59436287146729,32.260662901100524
21.5,11.65954575331419,34.690378751374205
21.55,9.735842510983376,34.43631828479651
21.6,7.8401462887280005,32.48327822836014
21.65,7.705133708734468,31.042010863862167
21.7,6.525307794848,30.001817645025906
21.75,4.639093071156895,28.80280181274851
21.8,3.17172523632356,27.037415441784386
21.85,1.4035859143532352,24.775462063402916
21.9,-0.20822590916659453,23.212298290871882
21.95,-1.5875618969191583,22.87736997546202
22.0,-2.1140286197142535,22.207114608884943
22.05,-0.9099769354865468,20.073589001088408
22.1,-0.20052490897583058,13.69093100460737
22.15,0.7656365359090735,6.219221949222871
22.2,3.1020534304556304,1.2523662101653064
22.25,1.8194011988359604,3.1713773070081563
22.3,0.8742011874761599,11.059724410218946
22.35,-1.8814325076090157,16.241578950790405
22.4,0.20176496705401212,16.90079259737843
22.45,1.2444246818209876,16.720114065561415
22.5,2.492971615003328,16.30630892034506
22.55,2.7652373180383942,15.722385076476268
22.6,1.8045754641631386,15.399778936459995
22.65,0.6482590216936992,14.9129565693317
22.7,-0.17611460360623302,14.335998862779178
22.75,-0.9996698060851235,14.318833344782282
22.8,-0.898879788179505,14.388245467443303
22.85,0.24989623043818038,14.187399414122668
22.9,2.618694117053052,13.106118652172807
22.95,5.9389173783860265,9.469850848588148
23.0,8.810432926254403,6.52073795749203
23.05,11.938396855950833,2.020433134562484
23.1,14.252688975817076,-2.243542496554431
23.15,15.95873378580232,-3.334317520501188
23.2,21.137030935432023,-0.26009349986891855
23.25,25.019560617355737,7.946811250957397
23.3,25.170736964027842,19.795607780967696
23.35,23.44994490347137,27.573251464306704
23.4,25.951790039599814,23.96266606274624
23.45,29.471691675525687,8.996336423458224
23.5,34.004556746490984,-10.927328966368703
23.55,39.68829278058919,-32.27896025016773
23.6,43.672551539799684,-46.916442708308885
23.65,47.04640527866023,-49.69018163026471
23.7,48.57021123521559,-43.63203882883525
23.75,45.75480099470089,-27.95233474496216
23.8,42.4475206112361,-11.952969069114378
23.85,39.99305742035553,8.279750589361734
23.9,34.2907276050397,23.619802153717824
23.95,29.698409871790716,30.319447068595977
24.0,25.276188696932344,30.12697774592179
24.05,21.223095522226302,28.890383724251866
24.1,18.393569136778183,28.976099006311067
24.15,16.20148313789871,28.7440069591645
24.2,14.143651311931349,29.238180102216837
24.25,9.45142198311431,31.58614092390258
24.3,6.720548159323157,33.42477028572368
24.35,5.0185023239831965,34.206982648595705
24.4,8.02765505993344,29.512978565646343
24.45,10.98176078691645,25.555330099885698
24.5,8.118098447430407,27.968899958901883
24.55,4.0665398286372,31.644524013315962
24.6,2.083880932972518,32.825544706675934
24.65,0.18688059326219864,34.02452509131865
24.7,0.13801450707973636,33.991527101528504
24.75,1.8042748739116758,32.8604699806685
24.8,4.119118056232533,31.6104859781878
24.85,7.739577407428088,30.117995740883643
24.9,11.399438904136932,28.886312118555857
24.95,14.858066409307526,27.389812294256334
25.0,17.774111971430948,26.64278885351835
25.05,19.8325615761953,27.00395588478177
25.1,18.990654617278185,26.622374998160037
25.15,17.541258065902863,26.268917970353574
25.2,15.202563663305506,25.93394060778207
25.25,12.205812548166222,26.086226820127507
25.3,9.847596455142483,26.55919536732828
25.35,7.6430753299292356,26.816278305018226
25.4,5.568592825529377,26.543407153296027
25.45,3.483120241136631,25.504916399509746
25.5,1.2752220317955738,23.941485205281015
25.55,-0.8771765908895257,22.538144546859428
25.6,-1.5842498497720432,21.55008471511899
25.65,0.10900754022426548,20.323208414594685
25.7,6.567883415201135,20.028217195850644
25.75,17.694753152133032,20.693803588058266
25.8,28.16368551020516,23.65874400258934
25.85,35.532694991737436,26.234200946044556
25.9,38.48966143366382,27.02657538390057
25.95,34.7499485332224,24.846763888993124
26.0,29.1614210459735,21.151194638433008
26.05,23.375591960739435,18.327174005085073
26.1,17.872125437039234,18.207076514844456
26.15,13.961077548259892,19.555200645550478
26.2,11.479578419375597,20.43596943369029
26.25,9.66563397170965,21.555168796681862
26.3,8.6706474793426,21.480933168546386
26.35,8.160832223904354,21.086667332417463
26.4,7.633321670180126,20.11285737014565
26.45,9.658371030379623,20.10797169063651
26.5,15.363151419935603,22.32215591204642
26.55,25.87638183581817,24.57808170121642
26.6,35.597856420560035,27.328075247368588
26.65,41.82095475843195,23.663507724221358
26.7,43.63829162473785,16.78915485594571
26.75,41.54958249422189,9.456866490990306
26.8,37.8391480249147,3.4120191885299214
26.85,33.882627631996364,-0.34456120061453105
26.9,30.904158439620776,0.31408664356389343
26.95,27.210798167439638,5.18519410022154
27.0,24.050739166958174,12.326568506975748
27.05,20.781894874191853,17.67898610155136
27.1,16.94400369985086,21.00771993423972
27.15,13.395720744242357,22.800207658011633
27.2,10.969482081296587,23.839078821637887
27.25,10.089781989704726,25.81187578546759
27.3,9.742046585293409,27.706909670998698
27.35,9.66668521476973,28.918502340297373
27.4,10.905812043613736,28.240578252883736
27.45,14.529873628638837,26.0554360042391
27.5,20.982866644071688,23.76103815483679
27.55,30.584082415365316,21.20767230905302
27.6,37.63695466018029,18.28571479316436
27.65,40.232775780793204,12.506502270465493
27.7,41.30100649314949,5.934491262762156
27.75,40.782827455242085,1.5328909111849343
27.8,38.20788148901062,-1.4529015427195753
27.85,33.75226791713216,-2.50222581566309
27.9,29.694022131662006,-1.6412986788950494
27.95,24.822866372415877,0.4163474625764464
28.0,20.72182397557162,4.286353092902352
28.05,16.995792502665573,6.590298933600875
28.1,14.780474512195989,10.621753806874974
28.15,14.838785957285856,14.697611436676782
28.2,18.13608262095504,17.161907616587907
28.25,25.318783827285248,17.697532393563876
28.3,34.603014335195134,15.738268798329672
28.35,43.87407902865146,12.139231474225525
28.4,51.30585723210961,8.589246164457565
28.45,55.315852060575516,3.900742091678527
28.5,56.1269912621101,-1.1167512959051038
28.55,53.815458268505225,-5.3287960363836975
28.6,50.10944575796669,-8.403738261931368
28.65,46.14950011681521,-10.994535390390103
28.7,44.349786325287226,-13.434121212708884
28.75,43.8509203299152,-15.606902586542574
28.8,43.20407735664183,-17.78190299123577
28.85,42.98535920151796,-20.847932157521605
28.9,44.83811806164517,-23.485670464961494
28.95,47.96002187211009,-23.873786760731274
29.0,50.72577630292839,-22.86204023389581
29.05,51.13465922131818,-20.79414234985714
29.1,49.637975126248904,-19.68685234460373
29.15,47.47121558140981,-19.123656752892472
29.2,45.81804686948831,-18.889676072651138
29.25,44.51668513011009,-19.050514421539244
29.3,43.48037718862004,-19.94118053505744
29.35,42.54160947144311,-20.856007592611668
29.4,41.36022422520939,-22.073254922496517
29.45,40.259127759523544,-22.370333207217
29.5,39.411503136896286,-22.279862266410582
29.55,38.95116677786189,-22.069581751447743
29.6,38.59701833708313,-22.0365442095501
29.65,38.16408098950354,-21.735489872216043
29.7,37.17017580094436,-21.52485491504318
29.75,35.32385580327855,-21.326326135736913
29.8,32.837051545691864,-21.092353003862026
29.85,29.794436928041755,-21.652822404794307
29.9,27.0338854060353,-21.138204866844156
29.95,24.829151484527156,-21.308016065404004
30.0,23.059826658957167,-21.837043798935067
30.05,21.76890255208222,-22.458053993686914
30.1,20.94440717212323,-23.440137189455037
30.15,20.424201202965325,-24.326186018622113
30.2,20.481833627316508,-24.83975286193762
30.25,20.871471765750353,-25.20780832481742
30.3,21.903707407186054,-25.766403285878397
30.35,22.87496149780092,-26.3890659326326
30.4,24.28802943079952,-26.989142283995903
30.45,25.602586839426888,-27.830613021609352
30.5,27.341392153532286,-28.844919204132932
30.55,28.924580682490237,-30.444198808495795
30.6,30.0492006609898,-31.97188772279321
30.65,30.839798101186897,-33.211372637130864
30.7,31.230905783262685,-33.64503009945628
30.75,31.605505411728533,-33.840067579653486
30.8,31.863024481667157,-34.044831544406726
30.85,31.986660967481143,-34.213066043061616
30.9,31.962067052732905,-34.40390363398443
30.95,31.71972770916428,-35.14868508641287
31.0,31.50330521702597,-37.52761405390427
31.05,31.158863079382133,-41.606818285671395
31.1,31.14633940526468,-47.74816777977553
31.15,31.576908300368405,-54.76162281500386
31.2,34.8763933529031,-62.66451362857824
31.25,39.796626964407636,-68.8717103133233
31.3,46.192177809649216,-70.56557059921941
31.35,52.57443208063391,-65.56807859832239
31.4,56.98957228456894,-55.99102523895594
31.45,58.18963517284077,-46.238858900549936
31.5,58.80307638054863,-38.25883206540763
31.55,56.956897308959604,-30.92135544007634
31.6,55.06614693409231,-26.505199040690467
31.65,52.43907510235801,-24.542596881365355
31.7,52.070701176167894,-24.3448414277507
31.75,53.281425510194815,-23.916346328581316
31.8,54.27743141063871,-22.688340728160842
31.85,55.62383833352528,-20.70914014708432
31.9,56.34576210071008,-19.548395542938138
31.95,55.63452367505849,-19.361751653137976
32.0,53.49675379323639,-19.93712936321876
32.05,50.901574706537026,-21.558144595672367
32.1,48.49807858371959,-23.132735373083
32.15,46.72509881185591,-23.74051546282231
32.2,45.89846015320874,-23.64758304205317
32.25,45.815714291190915,-22.664571403146304
32.3,46.16080467146154,-21.117648000203467
32.35,46.205516309769095,-19.839456834383935
32.4,46.91464517557026,-19.10736180887836
32.45,47.777267213287935,-18.883946357393107
32.5,49.00077555767141,-19.337761983209383
32.55,50.241052679537646,-19.90585089487073
32.6,51.552423769126634,-19.77847195897758
32.65,52.223628975302944,-19.46921797004925
32.7,53.81375060684315,-18.262966534444562
32.75,56.23115358880211,-17.193311092513547
32.8,59.15651865306578,-15.733836229325233
32.85,60.861233538690456,-15.333773267903098
32.9,59.95585794652201,-16.493971641321846
32.95,57.49539898564403,-18.048072328059444
33.0,55.12940371634658,-20.86009641433954
33.05,55.9203206821191,-20.966433688486273
33.1,61.00892257612937,-20.22812555272167
33.15,66.25433999530907,-20.581709222607675
33.2,69.28233823047428,-20.357066278629752
33.25,69.37081759006608,-21.3216846159939
33.3,68.62532011806012,-22.247486680170514
33.35,68.17669708466404,-21.223768819765755
33.4,69.26623286704039,-18.764261114062148
33.45,70.17939145773781,-17.16397712927007
33.5,70.8817348829272,-17.44198135235168
33.55,70.73239531522279,-18.73408782667706
33.6,69.60746727799098,-20.836291241553948
33.65,67.99502994361181,-22.92610541356855
33.7,66.68028248721865,-23.107448364748365
33.75,65.42227925886365,-21.253253129384344
33.8,63.787476684931406,-17.234957797589214
33.85,61.68613249536863,-10.00521082478007
33.9,58.09296128425631,-2.610888983619497
33.95,53.110535174758795,2.8268733553071383
34.0,46.381551810638065,2.2590996748924725
34.05,38.491027033917106,-2.068703106570269
34.1,31.74452526163427,-11.132400340419997
34.15,23.90856908647439,-15.576756875001609
34.2,19.650126013478967,-14.962063117347904
34.25,16.560938946948237,-6.378368015806559
34.3,15.410402804974044,3.849970479436092
34.35,13.727236262531981,14.656949000386096
34.4,13.475592000941374,23.340519533696714
34.45,9.441411049082689,27.349893511005607
34.5,5.61416394257408,28.074257816984694
34.55,4.632296404775192,27.865615749859323
34.6,1.7659159942247513,29.941424823989006
34.65,1.492437880868231,30.895812662228924
34.7,1.6121106386637143,31.119301203036123
34.75,0.4784061004676056,31.28606976970194
34.8,0.12015104601439457,30.037187717463148
34.85,-1.0605254370234245,28.26997268475004
34.9,-2.0050941194124388,26.268485565135396
34.95,-2.561508816557627,23.45160627299212
35.0,-0.233641632122425,17.382345683176233
35.05,4.736835546785641,4.205668633088376
35.1,11.115791548049716,-11.232899662364353
35.15,16.293487960825555,-19.2231806404929
35.2,17.20400449798164,-15.363742860774058
35.25,16.442781682831356,-0.9553860660593224
35.3,10.70350796052628,13.091611743080431
35.35,9.087327031581253,14.234761095435259
35.4,16.12893065471946,10.345460479033044
35.45,28.109180741692466,7.974264304157608
35.5,34.40515139266502,7.695266654297689
35.55,28.497632492258614,17.656404067259555
35.6,24.32560924576456,17.205384971051128
35.65,20.9955331910206,14.434333652824234
35.7,19.7097418408055,12.197909596290893
35.75,16.275475467214118,9.51995692989671
35.8,11.464149349139978,8.052578755267326
35.85,7.723210443453636,7.779287298202295
35.9,4.814028730686508,7.904332420824077
35.95,2.5810650286490433,8.891311734610543
36.0,2.0955824851235714,9.130732942401362
36.05,0.44534656937031336,9.907559597496295
36.1,-0.9657804419445997,10.859808776876802
36.15,1.4903926256414646,9.029853942366115
36.2,5.8571752425073464,4.10552370980076
36.25,8.359715830048183,8.167807423925808
36.3,15.6082175295238,17.152875909672066
36.35,15.627107400726802,31.253536976049666
36.4,9.722756413006717,41.63138333180847
36.45,10.048230099211159,36.95413333220862
36.5,1.0851699130986965,22.92916778276331
36.55,-0.7509816466967211,16.16197973577576
36.6,-1.2050699529094786,15.82125503311456
36.65,-5.531379381184402,16.45506620279826
36.7,-5.05332737459352,16.370412877827288
36.75,-4.642196477093775,18.644874240295636
36.8,-4.081908368831187,19.005214362990554
36.85,-3.0483552347332616,20.54753759877402
36.9,-1.3670417803933443,22.315250720995657
36.95,2.922890955716594,26.29808993684564
37.0,6.757325501672892,28.04162928397591
37.05,12.1181835290942,25.183848684346476
37.1,16.399604054775494,20.833438563726226
37.15,17.627485631453922,17.401819837927462
37.2,15.884198130565911,17.215358504008744
37.25,13.179338189890393,21.369159841772483
37.3,10.690288761749871,23.327608770748395
37.35,8.507280461642145,27.63031440534269
37.4,8.249309225503074,31.368436218877193
37.45,6.687450760365316,33.904168738852164
37.5,5.3912798994034254,35.09589002338809
37.55,4.260171537183438,33.539483126365525
37.6,2.2934290495984158,32.04485906971226
37.65,1.590030139781533,31.532602209785296
37.7,0.47451575808524277,30.741357712847048
37.75,0.010636877464112824,29.631385033490993
37.8,-1.7871564411659675,28.41310066763382
37.85,-3.214687325314556,27.05609559715838
37.9,-4.318998523110755,26.227315654751372
37.95,-5.002683140101483,25.706597567003886
38.0,-5.391943066081941,25.93632850973827
38.05,-5.619280236224874,26.229485072311064
38.1,-5.351438379072112,27.123474188951146
38.15,-5.0783185905470045,27.281318049285524
38.2,-4.882562330161653,27.300709667270024
38.25,-4.462841962335586,27.94263823715878
38.3,-4.050980398000046,27.63394153482075
38.35,-4.086849419870955,27.21000286617503
38.4,-3.6877994523460846,25.26559143199312
38.45,-2.933981311722826,22.766031209000413
38.5,0.5528316432158559,20.512094306667592
38.55,5.35125145904077,20.413634482982495
38.6,11.735459100237208,23.161093866133054
38.65,18.097943277943756,27.368978048778974
38.7,24.837198328523794,27.276461660306296
38.75,27.011575867961582,29.900258506765855
38.8,26.529495478684193,27.559730379207508
38.85,31.445215524623368,15.796481994336048
38.9,35.77031794899678,-0.1213660147670885
38.95,37.727538622589904,-11.764804258925704
39.0,34.068142599430224,-13.019106802219257
39.05,28.601676065734782,-10.868060889995311
39.1,17.051244896494925,-4.112996453009379
39.15,4.385653378135124,5.789254056393326
39.2,-6.3317815318883595,13.693755302115298
39.25,-12.286622974410134,19.859171984762
39.3,-12.546521314558573,24.84395661239025
39.35,-7.259321422017947,25.711140176613593
39.4,-2.1409956979440694,28.221526219883437
39.45,-0.2515973470879135,30.94976343761014
39.5,-4.063224924971593,34.358479941712865
39.55,-5.184018806419879,34.831805276258365
39.6,-7.778205230886061,38.6883102431463
39.65,-9.577691406302844,42.31192708087532
39.7,-11.380424642931487,43.5443761312736
39.75,-8.37817993190618,41.35895800111685
39.8,-8.521674023338404,38.83446356287311
39.85,-8.378050360008935,35.382481852320176
39.9,-9.125941540138129,32.37523176824993
39.95,-10.11073317281136,30.544340584902415
40.0,-9.826208937834515,30.920432170079522
40.05,-8.982922963491271,32.21700758845757
40.1,-8.213944065090732,37.11514621157261
40.15,-7.781132637831119,41.087778241857706
40.2,-5.512672432168843,42.41217068025241
40.25,-4.725168328203384,42.38518775549949
40.3,-2.5822360950040983,39.60971109259068
40.35,-1.997930799338233,40.200344512743634
40.4,-3.7490329353381626,41.328829170112975
40.45,-1.7707349537148782,40.753295756376694
40.5,-0.35435236377381596,39.692648020688814
40.55,2.387101609366878,37.821428277429824
40.6,4.822376431556686,34.36235020949124
40.65,7.976749864359704,29.053929112531574
40.7,11.04793534878699,21.82290818829683
40.75,13.274828102148124,18.332067714637247
40.8,13.53313161163563,22.92140365663255
40.85,14.504989631215524,32.712183947623416
40.9,14.289466002826082,45.392698715408
40.95,13.651362734857981,50.485001242197434
41.0,14.579728485806019,43.12636030584754
41.05,17.5861186987772,42.44525696065529
41.1,18.054284043335613,46.10104583514899
41.15,20.254849122164472,47.7828523588374
41.2,17.680748085154775,50.3943319730502
41.25,15.724727741557329,48.381506510717664
41.3,13.19517211810551,46.15505901940082
41.35,10.595649072176471,42.21248037132456
41.4,7.666856287454178,39.943769366445466
41.45,3.723467484644954,38.65784447425327
41.5,1.8406617117659707,36.6873480485494
41.55,0.07030941581525818,36.31062189064479
41.6,-0.10691052906664246,36.392619216980805
41.65,1.0532663020592543,36.63755087138122
41.7,2.6788211579803005,35.01999947372446
41.75,3.8387788114379986,31.750026760849476
41.8,4.384789756342955,28.013712870367225
41.85,4.646458330091588,24.079559749738277
41.9,5.60474392913095,21.475334592028577
41.95,7.381764613015734,19.278893792654554
42.0,10.030299100039775,16.7694311333065
42.05,13.038742075082439,14.764472933867903
42.1,18.279497099475712,13.922973039067346
42.15,27.456430778669016,14.950327743507493
42.2,36.54835891328581,17.844337601080593
42.25,45.03006973824529,22.542565811279847
42.3,49.664909167940344,24.1114299175885
42.35,50.07678000370984,23.986975154767947
42.4,49.413392738238365,22.534273877186006
42.45,48.09607393791809,19.182242738122174
42.5,46.61719314113816,13.593689096379594
42.55,44.53837307573823,9.214532691402463
42.6,43.021585860189866,3.636208055588458
42.65,43.99824579634764,-1.7517099675529653
42.7,46.111539671554915,-8.060297401270425
42.75,50.89510227959167,-11.137528692570525
42.8,53.874690436653935,-11.316581522744166
42.85,55.12230111199815,-10.108438028034763
42.9,54.49691821358547,-9.786949529849943
42.95,55.14900766571541,-9.562507192759362
43.0,57.03903819180699,-7.415483838433206
43.05,61.311844279253364,-3.0197049060405363
43.1,65.91359321677963,-1.6363177723339781
43.15,68.01088052811194,-1.3718371221815995
43.2,67.46389349563478,-13.539072364813384
43.25,65.56668280715729,-3.516748505675795
43.3,64.03306128753462,-12.85295096824049
43.35,63.31931163813092,-18.78715319583635
43.4,64.12916666264512,-19.47184369926587
43.45,65.36151257303162,-16.96006375139485
43.5,66.63639706718128,-13.752727792114229
43.55,67.51893684112001,-10.190535070655933
43.6,67.6774382025835,-8.369402802238383
43.65,67.46827727649593,-8.188190102729322
43.7,66.80944881639357,-8.80374700305757
43.75,66.23124673159764,-10.53040973420727
43.8,66.15316745444963,-11.282531631899886
43.85,65.83877815418195,-12.255131576917178
43.9,65.7531765469144,-13.523347872851817
43.95,65.96364251655581,-14.60792415003988
44.0,65.33692151061513,-16.568860885596965
44.05,65.435649838125,-17.450671197960922
44.1,65.67241025827036,-18.023384460539464
44.15,66.24828955521701,-18.248110865806076
44.2,66.2434399886443,-18.896262939762728
44.25,66.41941033757966,-19.348466821050692
44.3,66.53587143512323,-19.897523084794557
44.35,66.75169469051893,-20.29685213250629
44.4,66.88526456153609,-20.858882995603032
44.45,67.04672354401833,-21.4650785249133
44.5,67.1469977781111,-22.033005243565267
44.55,67.20468132378913,-22.502813067794765
44.6,67.29121076130006,-22.779289837878224
44.65,67.39029596374955,-22.91815800363151
44.7,67.52196403612159,-22.939954875189844
44.75,67.68891488403641,-22.873065972287275
44.8,67.90663465101234,-22.759212589126705
44.85,67.9954089697264,-22.713700966160282
44.9,68.06458579808692,-22.71783766896251
44.95,68.11751468492884,-22.76710964719069
45.0,68.18979308461039,-22.82935292096942
45.05,68.23074362837895,-22.895728029831137
45.1,68.2356384942549,-23.033935060981182
45.15,68.2288442794781,-23.1194544801679
45.2,68.20672259387206,-23.185066093803226
45.25,68.30791323013634,-22.69285025237692
45.3,68.31589284400023,-22.38577505030533
45.35,68.20421688673747,-21.935834405851157
45.4,70.00890473574982,-30.09909454835899
45.45,75.34920718105604,-41.79190484979107
45.5,77.99849000635815,-45.168951968985276
45.55,79.10213630302363,-46.033634602458996
45.6,78.80965971591664,-44.095466971199414
45.65,76.18361448514334,-40.814169255504424
45.7,70.88017256633005,-37.30567523844676
45.75,64.31987703343273,-32.14526790710617
45.8,62.768490190960854,-25.124168003462177
45.85,64.0481306600508,-17.642778079264684
45.9,66.47826979489511,-9.78483724516453
45.95,71.29594536467373,-4.4803415848515575
46.0,75.2990549283201,1.827279143074483
46.05,81.5797569546251,6.83073821713707
46.1,86.73596823458088,9.140207223618482
46.15,88.97951654726842,10.64192350198536
46.2,86.44834580605757,7.256163256622079
46.25,80.587991246098,0.8133838428466156
46.3,75.30722401818434,-0.6798733332966608
46.35,71.3043783742595,-2.6502226687063004
46.4,70.78612507483314,-0.39570272818929747
46.45,70.25139098091294,4.595607475374408
46.5,66.26582514938372,8.04389067544511
46.55,58.601173906196706,8.618147195188346
46.6,53.06813191044507,8.777650942289124
46.65,48.96266025828324,9.705172588901934
46.7,43.89198726389752,10.562162433226186
46.75,40.4931069751603,10.508217203295088
46.8,37.60158457039993,7.9245973728838575
46.85,37.42010638279924,6.716080800283868
46.9,37.65565433999725,7.073561953916104
46.95,38.93905699810421,8.679779049841295
47.0,40.261457912408325,11.023169473253015
47.05,42.22777079044989,12.295718340159725
47.1,43.58002384182064,12.582791934924595
47.15,44.51020018138841,12.932496955789388
47.2,45.58630790225718,13.515874786939461
47.25,46.80736359090646,13.771664571591577
47.3,47.65198838964728,13.301556649317384
47.35,48.42529389401948,12.506499140535093
47.4,49.87041913618955,11.461821923501049
47.45,51.356976215310276,10.824423953240753
47.5,52.67579188608558,10.848533510009977
47.55,53.46764700168886,11.300758710773438
47.6,53.555473319268685,12.163866033177843
47.65,52.07398465666791,12.652062977012037
47.7,49.94178443044509,13.396938127820096
47.75,47.05120744027654,14.154588034847807
47.8,44.85596080854619,16.05226647220137
47.85,44.78597060064375,19.622363175112607
47.9,47.15577112385023,23.82553733339315
47.95,50.47398427182324,27.72054676188052
48.0,53.49409005521336,28.351931847630855
48.05,53.941733329955206,26.095291777969653
48.1,49.40817837917148,23.41669767676752
48.15,42.71146861676752,20.263318240239055
48.2,35.665899338642234,16.160193551015052
48.25,31.202021636734646,14.100079671625405
48.3,30.222093450868716,14.651107462101201
48.35,31.05609087482793,16.852910990400407
48.4,32.32769327074307,18.926981926864148
48.45,32.48880429240454,19.19949700206568
48.5,32.52297002839494,18.575490141481307
48.55,32.588209367920626,17.558528409929828
48.6,32.48776279403418,16.5886483115731
48.65,32.84236449868399,16.358082074940004
48.7,34.14382481467599,17.265178661209372
48.75,35.07197840746431,17.942580768108808
48.8,35.557599182395755,18.324085694144983
48.85,35.22021102448186,19.331093633110005
48.9,33.74587115893691,20.963518150218352
48.95,31.707067809454347,23.118277853373165
49.0,27.914450845097228,26.1830187460054
49.05,23.33283964735943,29.23611025856605
49.1,22.074316127868173,31.4799772860354
49.15,20.712666686379766,33.94184736691229
49.2,19.644156068531295,34.09781922875656
49.25,19.18893743142024,30.66726542973919
49.3,21.089171248667714,26.12431509176629
49.35,25.675206993080707,21.848155427340576
49.4,32.76303576419262,19.845158748683136
49.45,38.75761100094215,17.95384794202362
49.5,43.54684700262317,18.088445531043266
49.55,45.3223092419981,17.86778051447635
49.6,44.68020708475307,20.77449394329147
49.65,41.59796084545954,27.8503602212754
49.7,37.00411795554278,34.921819141109175
49.75,31.921662643546654,38.320525879058394
49.8,26.36727561052725,41.4236923190923
49.85,17.354421910052984,40.35058102135044
49.9,10.266627558094926,33.685850740679825
49.95,6.7353571858721635,25.947558649043145
50.0,6.331161335662928,22.227577032885552
50.05,8.49983931396362,21.30587126017917
50.1,10.65830498546967,21.826665244605657
50.15,13.410301458685119,20.69062887610838
50.2,15.22064717988077,16.840234629788668
50.25,16.708755002869903,10.92574504948694
50.3,17.94302820356028,0.3268966522864082
50.35,19.454102097449304,-7.421923989836245
50.4,21.389517799265125,-10.47362134838629
50.45,24.08132964234148,-11.8491387341629
50.5,27.780420668999135,-13.267327492704693
50.55,31.747951271336223,-13.56175771761776
50.6,35.79682579999601,-11.287835399177034
50.65,39.06969337948626,-7.583798078735823
50.7,39.75718408236316,-5.69961010243417
50.75,39.04563342105175,-5.73088881099737
50.8,37.80923218880376,-7.225955114435163
50.85,36.345280806659005,-8.8451444869537
50.9,35.24324513754065,-9.17004353348047
50.95,34.62774969417044,-9.420682579620815
51.0,34.904166075260285,-8.81630635590121
51.05,36.33034655116674,-7.538690223249947
51.1,39.290422539308445,-5.992798478715655
51.15,43.158107858669126,-4.452818495406208
51.2,45.69386501503077,-4.782932061006521
51.25,46.2202202305329,-5.805923787263334
51.3,43.03317260815143,-8.893410000724897
51.35,35.534664467368486,-11.688777700301952
51.4,26.311278820286393,-13.303129391915322
51.45,17.65808555189912,-14.295694015936514
51.5,11.455131354570891,-14.952106748030431
51.55,8.34220405858024,-13.946170496066657
51.6,7.569110083237602,-9.927293719825483
51.65,8.60533978437027,-1.6377420674349625
51.7,9.91215062875754,7.715258339639022
51.75,11.521718761077627,16.69836522625475
51.8,12.872124490868478,21.42344042914109
51.85,12.615381493800502,20.46648766816782
51.9,12.423064898217588,17.761162960194884
51.95,11.95325732960891,16.07952076160563
52.0,11.281865813446524,15.20869863192964
52.05,10.835817850219291,15.298167187877722
52.1,10.653069002125797,16.299742908516063
52.15,10.407466371715097,17.080980366486756
52.2,9.796808568727435,17.341981944638423
52.25,8.979610001591455,17.087346198959015
52.3,8.253496501030213,16.010588550564265
52.35,7.558922296448222,14.781736399089317
52.4,6.676568262999931,13.49940190619516
52.45,6.005222459210678,13.022183588549519
52.5,5.530331948743411,12.838252396328445
52.55,5.4303282637981125,12.916695484654285
52.6,5.6239255868953375,13.1754492326387
52.65,6.018201049478157,13.66843479373631
52.7,6.491417820926881,14.652801845181758
52.75,6.842142072263906,16.245634913968143
52.8,7.229273524936999,18.314762574278465
52.85,7.6511318804243995,20.227988151268175
52.9,7.965981358781749,21.548769075148858
52.95,7.965467783008934,21.800725715340377
53.0,7.324395725881122,21.333049829059874
53.05,7.988672749843797,18.959900230880812
53.1,8.792275574658186,16.24465675595051
53.15,12.202463153447427,14.575436594599488
53.2,16.99656985666326,15.002144500878808
53.25,24.16812538953958,20.470909373944856
53.3,33.981082411258896,29.577292151380238
53.35,41.610565423736666,29.128448459756203
53.4,45.5394495985777,21.15431699633013
53.45,44.236434097783096,6.25382325690076
53.5,42.0037453626882,-4.831336307934249
53.55,40.80804974835349,-7.243751626646956
53.6,38.631736475879904,-11.78074889792775
53.65,35.99250117960777,-18.196650050098135
53.7,33.080129127683534,-24.481318781822736
53.75,30.04782911999552,-31.30716835514935
53.8,27.298254887400333,-36.759644597774376
53.85,23.959554900449803,-38.52533370957551
53.9,22.506063680271506,-32.51712392158978
53.95,22.10095317585655,-17.23250613827176
54.0,18.154006690742854,3.0845768549581987
54.05,12.762030684821205,21.256974170021163
54.1,8.556932839704332,35.38985110179212
54.15,2.1064112508237236,43.64889897869678
54.2,-1.473859794464287,43.41933922205442
54.25,-2.1547887039073084,38.72494881249509
54.3,-2.922300094911907,35.20470132546132
54.35,-3.2063406396386296,31.96837882730272
54.4,-3.8337939988594267,28.414082204264986
54.45,-4.277148574853886,24.903237065413663
54.5,-3.238617363184994,19.81818094965276
54.55,-3.0283317921900217,15.524598876106511
54.6,-3.262247316820575,12.246495324325538
54.65,-3.172994298912067,9.700933069067029
54.7,-3.1857571555700863,7.857704759879497
54.75,-3.4074706662111507,6.5725354808703695
54.8,-4.317718539101462,5.5767876812143315
54.85,-5.515160821480484,5.772624381277325
54.9,-6.511017459552119,6.242772222468757
54.95,-4.760655810353694,5.170558509045022
55.0,0.06666238690783163,3.216864640634367
55.05,5.984573933188555,2.895048499809234
55.1,14.317040239110415,5.032969905913753
55.15,21.513708338389506,13.05661607152869
55.2,27.91373780648973,21.657283210585643
55.25,32.854285676385786,20.722403525354306
55.3,37.86819333851255,12.220353205047497
55.35,43.05713343156312,-4.801154028836747
55.4,48.378290219699345,-26.56219670388847
55.45,52.90282372633698,-43.89330043850377
55.5,56.592808515155504,-53.009548191686676
55.55,59.33422943381018,-56.79120237407295
55.6,57.76242473545747,-50.72895455033263
55.65,52.4933773217047,-34.7609678837119
55.7,42.32272123827726,-15.432625730547725
55.75,28.973475302080054,2.2576793972179843
55.8,15.993494650876016,14.224527716210366
55.85,7.874767890694591,23.16218899222314
55.9,3.488385492236916,26.142825128134604
55.95,1.0118458652812776,26.24420515437981
56.0,0.9486494476584947,25.70639357583159
56.05,0.3854805885655605,25.380837373944125
56.1,0.4136201004173789,23.896717548631738
56.15,1.256698202884466,21.639745135108825
56.2,1.0139069962540141,20.276789750850714
56.25,1.6206813217847944,17.180462826874415
56.3,2.4594282225453292,13.266119126154264
56.35,3.836532758914429,9.113268975474107
56.4,3.8676160546799,6.930163298500936
56.45,2.466815640566775,8.416565427372285
56.5,1.7306891662611241,10.811772294058164
56.55,2.901551643551785,11.516860502593403
56.6,8.087680761529908,4.988390908760378
56.65,15.99282885538664,-8.950961009661343
56.7,25.598190443363315,-25.44962634058665
56.75,34.84699383398657,-42.87184058829737
56.8,40.16857304424361,-55.35933587686995
56.85,46.15848728855824,-60.046353142884406
56.9,49.6513644916757,-57.03226185256566
56.95,47.69833641401434,-51.28784258300094
57.0,38.57241561901442,-43.78385819658647
57.05,30.00593856513739,-29.92523054047273
57.1,22.429733285162524,-10.594464147619302
57.15,16.907294130647525,7.926594933710157
57.2,15.29312660738527,20.30630860849568
57.25,14.621606442012041,26.841697980335827
57.3,15.35206480698581,27.043090500010308
57.35,18.318064411902295,20.661693835384426
57.4,20.285210791187044,7.804356870445529
57.45,20.493935523609043,-8.947254586208661
57.5,18.781945072291588,-18.306378922842097
57.55,13.107124892058954,-13.811451697917557
57.6,9.162914503358664,-4.409047912751005
57.65,7.035692415917498,2.493470891374132
57.7,5.235114519492603,8.3192837834276
57.75,3.6550429049942226,10.713466122974708
57.8,2.665824863202488,12.118393545372198
57.85,2.098965220001154,11.488942748658598
57.9,1.730021983672834,11.136520499797236
57.95,1.6141457920574667,11.761303464285225
58.0,2.632209007267639,12.362306214553842
58.05,5.234875433769363,13.579249530244837
58.1,8.686418671505756,15.613580225903286
58.15,13.30826305019723,17.990529919091273
58.2,17.748350180060633,19.172304747215236
58.25,20.283694076237094,18.926333345071416
58.3,20.62830479571112,17.680997595135672
58.35,20.285339772227864,16.385597932558202
58.4,20.27334838451333,14.179047151455173
58.45,23.680050975703928,9.287111033708982
58.5,31.185823738078582,2.5033707305564925
58.55,40.675524392357026,-5.255754388070589
58.6,50.39291649523246,-14.797784665795348
58.65,53.47948230378206,-20.589276114983303
58.7,53.462402245219295,-22.308781832404218
58.75,53.2781412955128,-17.80986332582517
58.8,53.36415612345045,-9.433611343667057
58.85,52.93763003927197,-1.749006786778051
58.9,53.21127408511809,1.2243430394758272
58.95,52.017727692193695,4.0707782472827425
59.0,49.06708103790307,9.109135029448664
59.05,45.40851479190111,16.206180525008193
59.1,42.11784073019921,21.130946696321484
59.15,36.41528050212377,23.203366455576496
59.2,28.537868984538516,23.765234228641358
59.25,16.0802365419122,21.320461207019598
59.3,1.8383132282238834,12.858748739084058
59.35,-6.73830951637679,3.20953189112894
59.4,-8.518040384480573,-2.95094186904264
59.45,-5.444218855827127,-3.0795116330620447
59.5,0.4796249261397302,-0.8737930369848236
59.55,1.86169327202618,-0.5243566363882076
59.6,0.3053533805710738,-0.34582321101830393
59.65,-0.18695425698926638,1.3044556708509374
59.7,-1.0214795108582693,2.9638716037464
59.75,-1.316663818305997,4.139728892887229
59.8,-1.639094879885088,5.521623976198611
