Time [s],Flexion(-)/extension(+),Supination(+)/pronation(-)
0.0,-0.3808623738104814,-2.4636800352470742
0.05,-0.40241292016315,-1.5925832001381195
0.1,-0.4011616767555064,0.027754546142280484
0.15,-0.5480776518344935,0.6825115156353577
0.2,-0.778864595609361,0.29327952950953173
0.25,-0.8477765791700026,-0.021678969215331276
0.3,-0.7585900137905126,0.05403371997259315
0.35,-0.5684710985006663,-0.09594567446378237
0.4,-0.44706511680716865,-0.5358364915722355
0.45,-0.3162712685663102,-0.8494937208133613
0.5,-0.2522826936629982,-0.7663147310956366
0.55,-0.32136570267475345,-0.4216342775908819
0.6,-0.4796960991935847,-0.03111433030868523
0.65,-0.7074862969620267,0.08341969743071204
0.7,-0.83137339573003,-0.0005665249753761667
0.75,-0.9926510032047835,-0.05872182737474173
0.8,-1.2054218504705805,-0.06412291171003892
0.85,-1.3644450159158905,0.008866798208609103
0.9,-1.522442248655433,0.2465524281781078
0.95,-1.6323881677624477,0.28297711783594126
1.0,-1.7739791887331082,0.1730807653035282
1.05,-1.973335392644255,0.08595187117080445
1.1,-2.171072134409329,-0.06458826263467463
1.15,-2.239752326273237,0.009474894820424963
1.2,-2.3174784893209615,-0.12593738208711477
1.25,-2.3937566524639604,-0.21930592923342082
1.3,-2.4638684643965547,-0.27469843411044426
1.35,-2.5400155008727574,-0.4924609652350624
1.4,-2.883942569843998,-1.205912703313695
1.45,-3.6183578515233186,-2.199262115074889
1.5,-5.22659396658024,-2.2539088596645205
1.55,-7.725515033992074,-1.8074161051561095
1.6,-10.663042642891527,-1.6667430279647069
1.65,-13.511742524172298,-1.866585278306988
1.7,-15.71599585784609,-1.3847991315223038
1.75,-17.712352393107864,-0.3187539874483066
1.8,-20.156843290911358,1.6592307546897962
1.85,-25.01070829056956,5.052816469160713
1.9,-32.82212591516818,6.847450707256989
1.95,-40.43455971741264,7.713175240310386
2.0,-45.52840055574878,8.816002272403468
2.05,-49.45156339988591,8.399089967679835
2.1,-52.66834777586762,8.591874397394983
2.15,-55.12565955411866,10.013667561636483
2.2,-56.83024835961924,9.548286378746793
2.25,-57.43700169226752,9.055125708400421
2.3,-57.30215512559198,9.274301192631764
2.35,-56.64197330757789,9.003422812581114
2.4,-55.82889923402689,8.704642886563736
2.45,-55.5415473707763,9.031839293328035
2.5,-54.9337250077001,8.507579427529638
2.55,-53.13454531069525,9.316319270563362
2.6,-51.55882710926341,8.664438270206272
2.65,-50.29227096843372,4.823611759779856
2.7,-48.53319768152178,2.5273594161130877
2.75,-46.14192821811945,2.1482129815770925
2.8,-43.35089012772908,2.5396554208377977
2.85,-40.2037158243015,0.270992305573043
2.9,-37.19724259110038,-4.313310457679268
2.95,-33.87872956023957,-8.004764966828155
3.0,-30.380760021987285,-9.675256964930156
3.05,-26.604879592170867,-10.702601783545378
3.1,-23.87815574794519,-13.454407477058837
3.15,-20.266669349038782,-15.694680822595862
3.2,-16.02318244901635,-19.76584488126577
3.25,-12.05115976967728,-24.881979560534138
3.3,-8.675358931315728,-28.979234869892917
3.35,-6.3056425066726085,-32.518764714866464
3.4,-4.43846162453946,-35.343464824585
3.45,-2.699106199296884,-36.72326614502772
3.5,-0.8742292435539856,-36.61270207296947
3.55,0.5190124269824096,-36.61913842175213
3.6,1.47036945206883,-36.07108277100817
3.65,1.765456189124661,-35.47851666417878
3.7,1.3789203494957192,-35.912487348028954
3.75,0.4473640119885607,-36.47527150260978
3.8,-0.28208431286996405,-35.92676440836924
3.85,-1.4924713708537587,-37.29677489128933
3.9,-2.107998477253612,-37.75009540942175
3.95,-2.8736026237683374,-38.05558667168062
4.0,-3.060629084532544,-38.30445136151137
4.05,-2.6784764341188136,-37.64231699923575
4.1,-2.162576205504998,-34.82543442069642
4.15,-2.5230933263447097,-31.054127522785087
4.2,-4.700080923939615,-28.687604167455536
4.25,-8.701275878561765,-26.140363901228707
4.3,-12.069237721086273,-21.193973540552566
4.35,-15.279570836803273,-16.952045286041503
4.4,-18.36494768762236,-14.654954335700099
4.45,-22.459927408396812,-10.062807435664723
4.5,-29.88161845218937,-2.417978096794298
4.55,-42.35229335690832,5.419881091766486
4.6,-54.901743693844786,7.271450381452124
4.65,-67.86123770753734,4.456536054534375
4.7,-79.00371567327909,0.9624536477793589
4.75,-84.86745251480512,-6.354202958487877
4.8,-84.73188083314339,-12.687592709501365
4.85,-81.0749242913315,-15.267427890703924
4.9,-78.13891832602684,-20.06255512684098
4.95,-76.9949338287531,-28.01964515344998
5.0,-75.49687466626693,-34.3640023229231
5.05,-74.58769966463187,-37.10409603737415
5.1,-73.84733155098404,-37.59300569551226
5.15,-73.48000088541238,-37.93334404397833
5.2,-73.22802307923833,-38.47649897045085
5.25,-73.04625601660948,-39.13049890723938
5.3,-72.94684819847095,-39.821221171740746
5.35,-73.51866559236908,-40.45062787359322
5.4,-73.80770687697836,-39.65454798271192
5.45,-73.8130829645523,-37.80098828320338
5.5,-74.90374549496289,-41.01420976127781
5.55,-75.622906239456,-44.413000825451775
5.6,-75.73420566974512,-45.38896697505605
5.65,-76.22629362766816,-45.54369230579059
5.7,-77.63057114483853,-46.001793794175555
5.75,-79.95829055879184,-45.72396487685468
5.8,-82.13093288988142,-44.439774685757435
5.85,-83.31711708962771,-41.90227381517304
5.9,-84.0595563583997,-38.72243228616113
5.95,-84.77667294913628,-34.26072431424271
6.0,-85.25188734462763,-28.62071277417675
6.05,-87.46969316853009,-27.258644314620856
6.1,-87.9091408983752,-25.39088300838833
6.15,-85.95174728353273,-23.544944062686987
6.2,-83.74640094962734,-20.5013750153462
6.25,-80.52726295694977,-16.98604672868043
6.3,-77.50471854569547,-13.014201101365398
6.35,-74.8886295614125,-8.000254296655983
6.4,-72.46930781782163,-3.2114202757091976
6.45,-70.99740611311067,-0.42292648957101725
6.5,-69.88929532293388,2.707532553859748
6.55,-68.97593509557078,7.233091718117559
6.6,-68.02621243480549,11.390754695783295
6.65,-66.7910150599261,14.624639477745196
6.7,-65.03428655693564,15.805808515637214
6.75,-63.02480380715851,15.999940074150516
6.8,-60.83947755394469,16.82477771494271
6.85,-58.615045766501574,17.806531697091618
6.9,-56.457493742383726,18.397373776921533
6.95,-54.625160090981254,19.476877633996846
7.0,-53.201534469238574,21.03908203608911
7.05,-51.98965843808324,22.04989860972114
7.1,-51.00713181623484,22.04069249181344
7.15,-50.02834051374774,21.8833047440233
7.2,-49.19904683346643,22.063035914246093
7.25,-48.7651155838591,22.642588022739258
7.3,-48.53800860770378,22.877128747332566
7.35,-48.20967687770362,23.255148245798726
7.4,-48.085612110285076,23.58965960917374
7.45,-48.0146917261335,23.597296150381073
7.5,-48.07893596771416,23.260322780056587
7.55,-48.3569861778397,22.667575893380977
7.6,-48.792175884702395,21.849432710148715
7.65,-49.16662242582225,21.029595884941845
7.7,-49.56837234037091,20.337377025108275
7.75,-49.759763540387766,19.350961379294457
7.8,-49.46489399155358,17.36137603780062
7.85,-48.67320641483848,14.261829459046709
7.9,-47.21618873469661,9.83069642903129
7.95,-45.75841721959881,5.062743521831757
8.0,-44.141634960361664,0.6770539863833807
8.05,-41.81956779232559,-2.9500573922267206
8.1,-38.730874023425066,-5.642763953290353
8.15,-34.27750293598895,-10.79444359185398
8.2,-28.446216626966994,-17.694396867696298
8.25,-22.479525418096955,-25.251539477502288
8.3,-17.28569111670142,-32.341404893078526
8.35,-12.079628770971388,-36.576665210871845
8.4,-7.698461948919538,-39.04649990192446
8.45,-4.594885734492193,-39.206498642887325
8.5,-2.676136209134238,-37.16434186832842
8.55,-2.7495757475256593,-36.73607870730415
8.6,-3.5186841489533256,-35.45698031522669
8.65,-5.260783642837674,-37.57881913453772
8.7,-6.265443431196005,-38.240653415337924
8.75,-6.623768953038081,-38.735210817577965
8.8,-6.04733551909947,-39.18765583645534
8.85,-5.241809564735224,-38.702802875419266
8.9,-5.073873959775928,-39.678715378766334
8.95,-4.865948939946909,-39.6844435670945
9.0,-4.5249086509163705,-38.56033320892363
9.05,-4.326780582690808,-38.680038556817394
9.1,-4.130950418934441,-39.25308792984449
9.15,-3.868196849498239,-39.840583558922866
9.2,-3.2516035749032817,-39.92879090217541
9.25,-2.647848626876622,-39.98452330566852
9.3,-2.1228789384519646,-40.30847524492286
9.35,-1.6372522590817218,-40.6766522071639
9.4,-1.188067217487043,-41.086607935198394
9.45,-0.6987506047163924,-41.43819562111513
9.5,-0.27337143651699614,-41.537168974572886
9.55,-0.021454023847903674,-42.05351027019364
9.6,0.14646402949794093,-42.28490173155004
9.65,-0.34312167063625,-42.356372786971846
9.7,-0.9405994458895057,-40.90800573927079
9.75,-3.059738043807274,-39.152754736595824
9.8,-5.602254619895934,-32.660774902484185
9.85,-12.214102447801713,-25.58124719720639
9.9,-21.80334635822558,-18.919498909100245
9.95,-31.716565656009653,-11.982760875762622
10.0,-40.71227887900454,-6.670269034161708
10.05,-48.070547455184965,-3.7519734688049753
10.1,-53.230309991212074,-1.6406686644704103
10.15,-56.523720906093935,-0.4568466019158977
10.2,-58.86713940176638,-1.0577127198477982
10.25,-60.05541133107771,-1.0264543260862442
10.3,-60.241008077991445,-0.658561218479004
10.35,-58.82278191683587,0.3856483418710911
10.4,-55.92076475458902,2.7799579405151325
10.45,-53.23116617552956,4.127634702137668
10.5,-52.43684036894687,4.708029888118028
10.55,-53.68595619743976,5.007665501838834
10.6,-56.917718056146434,3.036902288758164
10.65,-60.81305770819687,1.768007465237333
10.7,-63.29007664151789,2.2596778968479727
10.75,-63.05775729491129,3.361026277607541
10.8,-61.494748701865326,5.801572898868554
10.85,-60.313590135055534,10.34370080578068
10.9,-59.79509460126208,13.834219407377788
10.95,-58.41706385527293,15.049060031562988
11.0,-56.86299993502196,14.3525851088624
11.05,-54.22715610332697,11.869535498816486
11.1,-49.340704046713704,10.802362756357976
11.15,-45.25728876188772,10.801697316831708
11.2,-40.16369977629257,9.804959633280765
11.25,-35.818377062177085,10.352563654820877
11.3,-32.614991290949234,8.068634635435759
11.35,-29.5377092117536,11.79733575543652
11.4,-28.740793544754172,19.26884196066351
11.45,-34.32777653015472,25.351751591469313
11.5,-37.38239213753381,24.447173171375745
11.55,-36.23908235528457,18.368358281285467
11.6,-34.4663231230503,20.67738948723893
11.65,-32.8521556283618,23.346249194227948
11.7,-35.01858596850968,24.56241992558602
11.75,-33.45213333943556,23.406784900481245
11.8,-31.407331691342907,19.807330424862077
11.85,-29.144882253125257,19.131082146182223
11.9,-26.155667199720053,18.174520434117444
11.95,-23.169934434373307,16.880102421407933
12.0,-20.017754955117745,15.82596271082447
12.05,-18.045429014767276,16.061864823990334
12.1,-16.573852259506126,16.27268807254872
12.15,-15.353644810496029,16.20895516317177
12.2,-14.055137476821963,16.180270225133768
12.25,-12.814011180264574,15.399874447838823
12.3,-11.902891684098021,15.779754138290668
12.35,-11.211477421875054,16.473729672039276
12.4,-10.831317901332955,16.059533731359792
12.45,-11.107378105538618,15.935117709113829
12.5,-11.534099949808382,16.005079074007767
12.55,-12.034480917568509,15.26541459800965
12.6,-12.692624229775756,14.909390474903562
12.65,-13.745094371306015,15.053247792263326
12.7,-15.11396375756025,14.605692250689948
12.75,-16.509757765150397,14.632235189420204
12.8,-17.607736681159054,15.006349642277664
12.85,-18.30305479670178,15.54548347937396
12.9,-18.80992367571946,15.996820595637837
12.95,-18.97852615793928,16.337060371490857
13.0,-19.000114119698917,16.310256185183825
13.05,-19.16251436218151,16.3205983893961
13.1,-19.199344559290765,16.166131494371307
13.15,-19.204797345353104,16.294031341733955
13.2,-19.012656914342177,16.020334882996426
13.25,-18.861567117451713,16.096146571019055
13.3,-18.858335866957706,16.84659621807708
13.35,-19.148102811299218,16.692976121445113
13.4,-19.715582937006232,16.742008755333984
13.45,-20.059447371004055,17.149626638238143
13.5,-20.11278592343104,17.465566938352296
13.55,-20.32805750980435,17.420371718055826
13.6,-20.91124508903815,17.6092881217868
13.65,-21.2553645746698,18.180473071439366
13.7,-21.16274656074389,18.95430016009059
13.75,-20.551049633210997,19.634801603352976
13.8,-20.190524932462502,19.454112530453262
13.85,-20.15039876356864,18.499912747871857
13.9,-20.37107251408205,18.20009962978935
13.95,-20.50925048320405,18.81197530667002
14.0,-20.361472065170688,19.532129821825748
14.05,-20.530427982224673,19.662344112010217
14.1,-20.75705027853416,19.335244091124647
14.15,-20.86426589246868,19.749477695345075
14.2,-20.932445178122126,20.49161686751271
14.25,-20.476397662336705,21.162876760275413
14.3,-19.710825567374368,21.560057550709843
14.35,-19.187155572469788,21.071132392305643
14.4,-19.300544638720513,20.75615252425863
14.45,-19.460096774034294,21.021681582300523
14.5,-19.516106852675467,21.63788811795122
14.55,-19.197061292594512,21.534589504859323
14.6,-18.93262186691559,20.119692024243673
14.65,-18.912290613495653,19.7226682986875
14.7,-18.959009618192454,20.374219691344557
14.75,-19.137900217718226,20.694191619018255
14.8,-19.515129277263814,20.744011694289966
14.85,-19.894713152460618,21.262828517478976
14.9,-20.179735323974192,21.272250305476074
14.95,-20.23571476273411,21.107999004510457
15.0,-20.01175571285026,20.241811333745392
15.05,-19.601881764840876,19.16578594299308
15.1,-18.781110193497003,18.637977583155525
15.15,-17.55268532714184,18.765529063504566
15.2,-16.427132307623143,19.30985571889449
15.25,-15.51953080402453,19.573519904568425
15.3,-14.567152846848114,19.283151261734012
15.35,-13.619163323626637,19.134713944877753
15.4,-12.862184001542902,19.749673918858303
15.45,-12.601406638432863,20.17903794966573
15.5,-12.732477814935937,21.305522088494236
15.55,-13.274810323877494,22.533792610473256
15.6,-14.75212943160988,22.827300252538222
15.65,-15.358460344986657,24.976474155366233
15.7,-16.31858460004228,25.81185738572435
15.75,-17.160062112282258,27.30963867662489
15.8,-18.328407049707888,26.785828297946168
15.85,-19.813861170118443,23.574252863035422
15.9,-21.527460968732818,22.065243335826313
15.95,-24.114373779907762,24.20985048967335
16.0,-27.90927089793463,25.142616840292003
16.05,-30.337466628005362,22.902358736641478
16.1,-31.60326564556578,20.077516064549833
16.15,-31.711429390790933,22.258332582771278
16.2,-30.296225299720945,22.636777443930658
16.25,-28.518860587582783,20.67858623801742
16.3,-26.990002846323843,20.0125212544176
16.35,-25.78487010603371,20.477052321438855
16.4,-25.53113772129909,19.65945407507653
16.45,-25.946363837041694,19.654351352741607
16.5,-26.581823177580368,21.101903665816955
16.55,-26.861116549040997,22.163606679301783
16.6,-27.830724768290576,21.820232686022397
16.65,-30.8049661523635,22.51209486985574
16.7,-34.18509719619683,24.201014987903537
16.75,-36.94685667348058,25.843022685779854
16.8,-38.08325585994939,26.330737968547286
16.85,-38.190131374998295,24.8546887513916
16.9,-39.237465914597855,24.48314876966648
16.95,-39.878948966133116,25.419158346167496
17.0,-39.8519585069379,26.390926954436466
17.05,-39.11771838735929,26.117791710958276
17.1,-36.87429262550792,23.81539060279562
17.15,-34.920147601686104,23.071440962895814
17.2,-32.928690530266316,23.878256798115526
17.25,-30.980906062231796,22.29677780412722
17.3,-28.827162757911424,22.89336280836086
17.35,-27.109630255836997,22.4701621803195
17.4,-26.709766324889028,21.063263070383464
17.45,-27.099478519653214,21.04231720025918
17.5,-28.865138098880788,21.687540731087044
17.55,-30.967577133029245,24.462079887599362
17.6,-32.128122886235666,26.70460970530138
17.65,-32.3371619760597,27.028124381242765
17.7,-33.15734971216589,22.561408126067978
17.75,-34.02779673039238,19.78550286567041
17.8,-34.28903617298652,19.858862197482637
17.85,-33.915464905553335,21.569399740942927
17.9,-32.972374577682594,19.53158535552498
17.95,-30.964210859249512,16.956005969913246
18.0,-28.540185573285658,16.43013284943798
18.05,-27.087747242419603,14.189100987824315
18.1,-26.704828131193377,13.970436078593512
18.15,-25.93504539889603,15.216908996929002
18.2,-25.25594908496594,16.792148283871374
18.25,-25.343186527667314,15.755768634509703
18.3,-26.005752678695696,16.744814291859846
18.35,-27.084786931706724,18.11291250578213
18.4,-29.800927549890467,18.911285037923662
18.45,-32.49430218041435,19.82203181560768
18.5,-34.74000461146786,22.14012824958616
18.55,-34.7918895093559,22.70817509290519
18.6,-33.87674788018206,20.245965353036812
18.65,-32.80928712958376,19.311344427149017
18.7,-32.052327508124904,17.583551212961545
18.75,-30.5007601527454,20.080869017539968
18.8,-29.316118199858703,20.47975089879518
18.85,-28.165677345536526,19.55265000209159
18.9,-26.918310005041636,19.767402718107657
18.95,-26.61734380079466,19.863514841524353
19.0,-26.56334004659833,20.526875319366955
19.05,-26.93176786291575,19.319031167511067
19.1,-27.955173025800693,14.650815234913201
19.15,-27.778583514094777,14.167749160016237
19.2,-28.36065693402843,15.451175703233464
19.25,-29.634730183094607,16.75235705989749
19.3,-30.220668033410664,18.566481377432552
19.35,-30.640595796528086,14.07435676377596
19.4,-30.41159123307805,11.076801497658877
19.45,-29.888870901032416,12.804492217060009
19.5,-29.720476663747082,15.416441730050842
19.55,-29.954417497230118,16.806184463395898
19.6,-30.38805013245974,15.384715567725385
19.65,-30.910383049945974,11.399430306760756
19.7,-30.554438741503642,12.225991650673375
19.75,-29.86705052231468,13.063736580820422
19.8,-29.414891735719646,12.386590659298056
19.85,-29.722715830787656,11.028394497870785
19.9,-30.102636960305507,10.776367544897878
19.95,-30.154359793462785,12.040351974537527
20.0,-29.881079966544256,13.38565992608403
20.05,-29.453329533204446,13.985770067756317
20.1,-29.238452622805383,13.459626847190702
20.15,-29.041810151784855,13.389379837579652
20.2,-28.616854817744652,13.980713840884698
20.25,-27.596969464787662,14.614799082584875
20.3,-27.173689418779638,12.763851893689719
20.35,-26.843418714749262,11.011864288560645
20.4,-26.071614396837614,10.59892238560813
20.45,-24.906756372795478,10.20571568632967
20.5,-24.697072957727908,8.96401278378862
20.55,-24.066406736071542,11.51060008110391
20.6,-23.521304297631804,14.41784506701874
20.65,-23.23177745556377,12.73875718962854
20.7,-22.802292565961423,11.702328167851368
20.75,-22.11931339131225,12.110040530630531
20.8,-22.338592814582718,11.294584794999988
20.85,-22.592042299169833,11.619533074691418
20.9,-22.28192540124023,12.722387480442197
20.95,-22.478012108251956,11.359531561146794
21.0,-22.897090979577044,8.9506260108507
21.05,-23.807223667098675,8.393513119144325
21.1,-24.532043066674397,9.5607756608887
21.15,-25.044615059057318,11.828587711681648
21.2,-25.365386334785818,13.596387466592933
21.25,-27.06744765434156,13.091123052355584
21.3,-28.918857271652737,10.877444790337066
21.35,-30.468384680002664,8.520727593632227
21.4,-31.171119005418237,9.077107250335064
21.45,-31.546336081186837,12.77056855331219
21.5,-31.82969049798605,14.73279083722915
21.55,-32.341498184543426,13.430839592376742
21.6,-33.77607999968456,9.408337180663603
21.65,-34.42533093068996,8.610591438531793
21.7,-33.84022981866622,10.613360252300247
21.75,-32.897563100950855,12.302125155641733
21.8,-31.977010452680727,11.988377545872973
21.85,-31.44638440904265,9.959206508498948
21.9,-30.680816619556577,10.471498027479049
21.95,-29.064181923772253,13.383300652918006
22.0,-27.29387713944156,11.224935254134142
22.05,-26.059592334850194,6.552042299665103
22.1,-25.217135310401073,5.867060310470809
22.15,-24.707196817596905,9.334072014192188
22.2,-23.289772557435374,10.2517731953421
22.25,-22.424579591522548,5.055244819126431
22.3,-22.501144044624407,-2.272986850258374
22.35,-22.87327371404787,-3.5267050578828703
22.4,-22.84476035097239,0.3782991806532943
22.45,-21.82853326479897,3.8400815120480014
22.5,-20.786284968838586,3.7761338823450052
22.55,-20.89385478569513,-0.38823112397081017
22.6,-22.026222192157395,-1.1316556528123465
22.65,-22.930300793647568,1.8009634051249257
22.7,-23.223687976036278,3.699104023317882
22.75,-23.854206125247824,1.9421803466693277
22.8,-24.92333866550746,-1.2093005128190741
22.85,-26.511191913546234,-2.094009055296723
22.9,-27.58158151440894,-1.6733271544685393
22.95,-27.83923147003575,-1.231219763523509
23.0,-27.848011615286797,-2.2070603080622466
23.05,-27.4981509083665,-3.414023277377498
23.1,-26.941443603782243,-3.538009636003607
23.15,-26.04088415010119,-1.8623337809240355
23.2,-25.10664460802835,0.3759663617360506
23.25,-24.244117310944297,2.1287406223528924
23.3,-23.07231325014876,3.5615535876787026
23.35,-22.1818896583667,2.823275235606399
23.4,-21.37229386592968,3.020333163244103
23.45,-20.893612198337117,3.8446572769825154
23.5,-20.743691066027257,3.153659982858265
23.55,-21.379903274227654,0.40849165212861754
23.6,-21.81851090474892,-0.3644094368252949
23.65,-22.039621710930863,0.16660983961353085
23.7,-21.964942669903554,0.12811148887022478
23.75,-22.086676835875064,0.14977420133904396
23.8,-22.013090144693358,-0.44482318135601334
23.85,-22.256314951077762,-1.959378042845987
23.9,-22.345912955265366,-2.6888826717646808
23.95,-21.887972220751077,-2.2096609155649785
24.0,-21.691279690558765,-2.083384812491862
24.05,-22.240601452602544,-1.990890887345767
24.1,-22.493082919053172,-0.1945552067835391
24.15,-22.079314971641036,1.637777811405718
24.2,-20.97788227087455,2.722010103686585
24.25,-19.74429093641772,3.927247802125299
24.3,-19.116985907097554,4.797160341991934
24.35,-19.076843742657783,4.220966013891551
24.4,-19.733160575182357,2.127447339015231
24.45,-20.458779669442468,0.6909203504978443
24.5,-20.787464360008563,-0.3815826873964678
24.55,-21.366463703307534,-2.1253503042223767
24.6,-22.282172001155278,-3.398252927365432
24.65,-22.665578351282015,-3.8052807826367645
24.7,-22.892268626951747,-4.6837888203543825
24.75,-22.545124938566506,-4.56522710699041
24.8,-22.06851247638753,-3.302077621107916
24.85,-21.938917694382592,-1.850605105634245
24.9,-22.154609175318352,-1.9518192697400798
24.95,-22.618884821989194,-3.1837373742037474
25.0,-22.49684828773117,-1.890707445437339
25.05,-21.967307232230983,-0.9744173735397428
25.1,-21.77776826772503,-2.4425960582829873
25.15,-21.566520804910716,-2.5786395003732547
25.2,-21.271360810526275,-1.6294441053044084
25.25,-20.903099515702884,-1.0760844006978547
25.3,-20.610608036319285,-0.9462925480385459
25.35,-20.690718485889363,-1.3013184214033724
25.4,-20.703248261423884,-1.9055181153367728
25.45,-20.55210779703688,-2.4389805438636007
25.5,-20.181122584068195,-2.86936916594077
25.55,-19.6248441914106,-2.8745589615705787
25.6,-19.591974778402165,-2.4796258507415487
25.65,-19.72281225098506,-1.2689683489941934
25.7,-19.68624626309932,0.24516009796283958
25.75,-19.546634998760887,0.3335047640871015
25.8,-19.358560349865343,-0.4087326973027247
25.85,-19.351721916647673,-2.2301909303890324
25.9,-19.756785591697497,-5.776334664361868
25.95,-20.125248747746877,-8.758808476320336
26.0,-20.16282502501924,-9.280725252228594
26.05,-19.46691019640414,-8.173785541052254
26.1,-18.788957971636236,-6.637498558400157
26.15,-18.581753911480604,-5.393889833313601
26.2,-18.342001945624826,-3.580669846615302
26.25,-17.758653314921947,-2.2521811858434715
26.3,-17.124880922370203,-2.8712189901868426
26.35,-16.619994001971655,-5.5930896477929295
26.4,-16.767052199674023,-6.920986815945207
26.45,-16.94290253499211,-6.371530216268341
26.5,-17.006554285600362,-5.83703543350107
26.55,-16.206661445073586,-4.2464518500522335
26.6,-15.075925799551827,-2.633865114054488
26.65,-14.846349998915885,-2.1585841968829054
26.7,-15.035166881023068,-0.7172381465735986
26.75,-15.237950307787624,0.17218910198171272
26.8,-15.507676197411913,-1.5405965969975588
26.85,-15.769915720101023,-5.158081262245075
26.9,-16.46668949706223,-8.090412679952829
26.95,-17.437798296469314,-9.19782338204691
27.0,-17.716846067539713,-8.740251147648932
27.05,-17.70982087177866,-8.950450884819949
27.1,-17.192185524438337,-8.748816035124444
27.15,-16.455078679754955,-6.831893948145992
27.2,-16.13741326322943,-5.059618220714281
27.25,-16.091966734543593,-4.8493919926804425
27.3,-16.3038273353245,-5.246113407874214
27.35,-16.04071880913661,-5.4986791032137035
27.4,-15.666116750556416,-6.481917132113927
27.45,-15.755328583489135,-7.686942984881199
27.5,-15.571043853144564,-7.581394770858961
27.55,-15.227531491935014,-7.481354005512809
27.6,-14.484723550125583,-6.821219106058344
27.65,-13.757852605086779,-6.3687656902526095
27.7,-14.062114281893871,-6.544407198546601
27.75,-14.642961670608335,-5.247388219340826
27.8,-14.595153086180137,-3.3700641833963068
27.85,-14.543474697028305,-2.883131140310683
27.9,-14.685683139591802,-2.752573422866912
27.95,-14.76233833533733,-1.2537366694445125
28.0,-15.144284478530198,-0.46966878121033384
28.05,-15.887589354643723,-0.20506508182518346
28.1,-16.056342094438385,0.5856038969379251
28.15,-15.31108719559712,1.1183431587954096
28.2,-13.768046744498173,-0.4512254431985473
28.25,-12.291328706936774,0.2325752610685561
28.3,-10.554586450783894,2.8959589818536426
28.35,-9.01954671750565,4.838431646005394
28.4,-7.81057230974586,5.72413341453991
28.45,-6.984713115813889,5.684063397343203
28.5,-6.248653162243497,6.791348833603795
28.55,-6.2393026960764395,9.055641047274465
28.6,-6.530428424031467,9.478500035811138
28.65,-6.600096822902482,12.710673309719722
28.7,-6.995769622947111,15.560476954797972
28.75,-7.466918342039031,16.324280664245936
28.8,-8.068477278122556,16.818112988416946
28.85,-8.739491501982638,17.670914332942452
28.9,-9.441345376425593,17.378297247841918
28.95,-10.05643471392231,16.011913308759393
29.0,-11.787456098258483,14.708464239475154
29.05,-22.40317740646064,8.953333503389464
29.1,-27.439521545829997,5.091467665229874
29.15,-33.10612021152723,-2.935378991070014
29.2,-39.81565122771981,-8.709990057002269
29.25,-46.62347841400794,-11.938027706230379
29.3,-52.744435092615134,-13.311321189529055
29.35,-58.14899491370747,-12.9667144723087
29.4,-62.42921057126252,-13.944720590775775
29.45,-65.16151179100974,-16.80357741941948
29.5,-67.248685603875,-20.90289863953682
29.55,-69.1748433746024,-20.742420591637526
29.6,-70.79492986849186,-20.227968077999787
29.65,-71.47551195639048,-20.867828040737276
29.7,-71.98831710959166,-21.337492855882946
29.75,-71.06398046858253,-23.65745147350355
29.8,-68.92549730446986,-29.626964208401038
29.85,-66.36828221503,-36.870709871726746
29.9,-61.622407824144524,-41.87286736809093
29.95,-54.444243994728865,-47.09222824308981
30.0,-45.165539685702484,-51.27951795554904
30.05,-34.75605896082047,-53.81840206331395
30.1,-23.849615280262164,-54.641678333058394
30.15,-12.03940200541997,-52.9919222992496
30.2,-2.7352211853986863,-54.094228722091735
30.25,4.678031536834753,-55.18174611797608
30.3,13.12652029271295,-53.88501891332449
30.35,19.23905530165573,-54.159411352466584
30.4,24.393926276009044,-54.67938333024866
30.45,26.11927419943847,-52.18196954227016
30.5,24.873386759379578,-51.462411162208504
30.55,22.4522384975416,-51.30258444913776
30.6,21.11222452584795,-49.09921546362929
30.65,20.429220406809723,-45.54308255575353
30.7,20.90854039317307,-44.113960861641104
30.75,21.658124618135734,-46.01276048568986
30.8,22.85783106662549,-48.492093016703755
30.85,23.827980652472842,-53.81417544963959
30.9,23.260085792560986,-56.86335512438254
30.95,22.42942814907731,-60.401586145596504
31.0,21.41959252168172,-63.50523597264961
31.05,18.42419141342321,-67.27684948356648
31.1,15.410126222580239,-67.79448914098302
31.15,12.950233208729985,-65.44155723698864
31.2,10.659237469546827,-59.528159661375184
31.25,8.586359882600055,-54.372390322638154
31.3,5.73331599496655,-49.99685813630441
31.35,0.4614858483314411,-49.74844889066116
31.4,-6.2791204319041425,-51.033469220003205
31.45,-15.219393278884013,-55.28195513368183
31.5,-24.22663766340565,-54.823224222548035
31.55,-32.42184213268814,-49.18994149489857
31.6,-39.40902463155637,-46.745979166982416
31.65,-41.36354047170621,-45.395180143703136
31.7,-42.389569264674954,-42.16452364506146
31.75,-43.05996525959545,-37.17710153118237
31.8,-46.28136677658943,-38.72799692026013
31.85,-50.307317735367036,-44.59529486712438
31.9,-54.964828862051995,-51.534688079119846
31.95,-59.55776824017628,-56.397909305386534
32.0,-62.859751665705566,-60.38524508496765
32.05,-65.16936051219693,-60.63733455957619
32.1,-67.2883735890324,-59.07795474379223
32.15,-69.58748988282508,-60.28651724301024
32.2,-71.16851226025447,-59.15973023406575
32.25,-72.54027810024573,-56.00249767452682
32.3,-72.86350600094734,-53.16094850922942
32.35,-72.43074322163129,-50.240719248019595
32.4,-73.18326005590816,-47.755071158631004
32.45,-73.25428636370056,-43.74927279790235
32.5,-73.21310898820654,-39.52211873216586
32.55,-72.60094262268714,-34.65243912164822
32.6,-73.93457865284743,-33.8526895401509
32.65,-72.77945007640744,-31.492134207245652
32.7,-71.7271637865836,-29.792637801330688
32.75,-70.2814559631949,-29.95158977949835
32.8,-68.76626272844628,-40.76976847848673
32.85,-63.980094867459286,-41.975826279670095
32.9,-57.452700252682476,-36.44320169256196
32.95,-53.59604683630295,-40.52955562438567
33.0,-54.44542552210085,-47.42442797068843
33.05,-60.986907892927476,-53.64020557671476
33.1,-64.11383535990188,-49.76832437196482
33.15,-64.98000255541058,-49.76526374205776
33.2,-67.14709038733169,-48.91928934176105
33.25,-70.45313364744995,-44.97946377516543
33.3,-70.05081877206919,-42.292948273587506
33.35,-70.82739962669476,-43.14630665226608
33.4,-68.4811331765737,-44.83436163215628
33.45,-65.49229561624583,-48.301246174364735
33.5,-60.128795138321806,-53.393400014814574
33.55,-50.92342868882523,-54.8850953716541
33.6,-38.535653825624806,-51.441277816463334
33.65,-30.119312459831235,-53.90580434439806
33.7,-22.249177058886186,-56.23409815218316
33.75,-15.45545488135542,-59.890747367794795
33.8,-7.875636598539959,-59.96317784727342
33.85,-1.7949978663976345,-58.332726022196546
33.9,0.6958283168492637,-57.19714717220759
33.95,-0.18942564188012967,-57.17549736299478
34.0,-3.591185737701981,-56.45537048444189
34.05,-9.171120111290275,-53.977183513012406
34.1,-16.793937572464625,-52.94210981906177
34.15,-24.9153643777178,-52.90715687552366
34.2,-33.79968841414568,-55.80472254824229
34.25,-44.06391690918574,-61.23827247040626
34.3,-52.52751399877116,-64.41190187887965
34.35,-59.38839681594832,-68.43815489766523
34.4,-62.191626178739,-69.38439799463025
34.45,-62.12217200211558,-67.95678866952525
34.5,-60.98282597577835,-65.53938368121469
34.55,-60.12281468222135,-63.45237924866082
34.6,-59.437583970125516,-61.375167688649206
34.65,-58.983610195947236,-59.340707970419885
34.7,-58.62503032619504,-57.980441768897336
34.75,-58.827757572345156,-57.64759781321611
34.8,-59.585582882815224,-58.25746542810208
34.85,-60.52158206564042,-59.74295931996592
34.9,-60.97256676465344,-60.38470260356006
34.95,-60.39195549993151,-59.442217402850396
35.0,-60.71476112849137,-59.65484501085297
35.05,-61.41873483265178,-60.35941825884752
35.1,-61.9912226281489,-60.76889863288299
35.15,-62.9478051319904,-61.6398072595343
35.2,-64.40530543255825,-64.61122587390939
35.25,-65.30864344840832,-67.25794554018067
35.3,-66.7967478716272,-71.47819391987456
35.35,-67.57148010362785,-75.23928046366987
35.4,-67.11486299619206,-77.01189431965854
35.45,-67.11884693874278,-77.98913442725575
35.5,-68.63285083976396,-79.95530355149258
35.55,-69.37484340676387,-80.59770511055673
35.6,-68.07065102306234,-78.86836766674067
35.65,-66.87573918462485,-76.87842798269187
35.7,-66.63175568370976,-75.90702883437716
35.75,-66.41429438225215,-74.95363771638087
35.8,-66.9710013858875,-74.87185858115683
35.85,-67.19783433692592,-74.63490162438362
35.9,-66.09133653022353,-72.88776210322118
35.95,-65.90893982520112,-72.10561280119326
36.0,-65.76588830715438,-71.08894552026202
36.05,-64.19991749546227,-68.8576530374144
36.1,-63.22385267957419,-67.22145708093981
36.15,-61.83235813609084,-65.01752443783187
36.2,-59.97678367971639,-62.70567835527022
36.25,-58.56131615992858,-60.9255561109465
36.3,-56.79574026144115,-58.94574583493735
36.35,-55.53106558886294,-57.69723023948026
36.4,-53.97893886773562,-56.15620285319666
36.45,-52.441205918425176,-54.63751033174892
36.5,-51.59669694126748,-53.67595312348698
36.55,-50.64823004716674,-52.6577562569535
36.6,-50.71547254060452,-52.6911055990022
36.65,-51.12588405869967,-53.1919111741158
36.7,-51.26725259568034,-53.317191127394366
36.75,-51.72247086350398,-53.92909117276264
36.8,-52.45729538231176,-54.5823507343176
36.85,-53.4527527293031,-55.66945873701153
36.9,-54.81767807157479,-57.17488382180007
36.95,-55.38047922529457,-58.0570588823162
37.0,-56.58000309452297,-59.79102570307209
37.05,-57.98288809228003,-60.68547713713091
37.1,-59.88095230406888,-62.74370674178165
37.15,-62.20013132207268,-65.18352287981725
37.2,-64.03665416241218,-66.85340113340077
37.25,-65.94373972273632,-69.26471498097871
37.3,-68.17481792540647,-71.62047931171602
37.35,-70.37007708223712,-75.01882491610432
37.4,-71.94751664441945,-78.78405315701264
37.45,-70.19797702534959,-79.51037559810028
37.5,-62.32421275296915,-74.38988791430764
37.55,-51.31237664256742,-65.3021427277796
37.6,-40.5825608382564,-57.87354250871384
37.65,-31.8318393630239,-53.018275471424175
37.7,-25.919076316681274,-50.83044339727557
37.75,-19.220795595330554,-47.78002842759136
37.8,-15.944481519708576,-49.58879009200713
37.85,-13.659392556998556,-50.68541415731957
37.9,-13.244249762678999,-50.35631255683209
37.95,-15.020057865430568,-50.153953618050174
38.0,-19.286142143429167,-52.764238855197995
38.05,-24.463124416581262,-56.03707759314578
38.1,-30.079047509674094,-61.01762691665722
38.15,-34.56551646878611,-64.52214650334824
38.2,-38.24942314795554,-66.5839746500543
38.25,-40.48985535340471,-67.34493903698538
38.3,-42.13531588029367,-68.30889352736608
38.35,-44.65405010144537,-70.5947772705972
38.4,-45.807129250880244,-71.61982007663796
38.45,-46.33220643637845,-73.15279907749787
38.5,-45.650295373579155,-74.04800471450196
38.55,-41.515642213440834,-71.50576897034315
38.6,-35.02140862158287,-65.20853609012111
38.65,-29.911351898186545,-61.73190306408087
38.7,-25.974787144440384,-57.40381252082981
38.75,-24.01936624590528,-53.183194518134
38.8,-25.606803475326945,-53.62117899840833
38.85,-28.91841394158082,-54.19976853638998
38.9,-34.367874491306544,-58.04377827031041
38.95,-40.746767360245904,-63.85208020278627
39.0,-44.81200406317894,-69.24232415467928
39.05,-45.002233435272984,-69.96500276470744
39.1,-42.19258233149602,-67.47322874059032
39.15,-39.20709754922769,-65.83869557115725
39.2,-35.96856938452729,-63.72398144125322
39.25,-32.161420298914244,-60.96667269778519
39.3,-29.138647747324814,-59.75267880623626
39.35,-26.997322340722896,-59.307100609833384
39.4,-24.86734410331077,-57.983910561405494
39.45,-23.22720325062251,-55.749802962735444
39.5,-22.51836138754036,-53.622036034149616
39.55,-23.384875421367173,-53.206790739557185
39.6,-26.68550130371985,-54.54522894619575
39.65,-30.803268023158935,-56.91368550867616
39.7,-35.807178700522364,-60.874847328589794
39.75,-39.7934523312015,-63.50976151733586
39.8,-41.66491922780439,-64.87899071087291
39.85,-42.54179720259924,-65.47693284511544
39.9,-43.573514926058095,-65.86056530034513
39.95,-42.65499179174955,-65.4119635752734
40.0,-41.55567483158746,-64.75898614236569
40.05,-39.82035913152228,-63.0642298277889
40.1,-37.81930900922987,-60.896044171180186
40.15,-37.10245107559435,-59.77061238321321
40.2,-37.11342694337075,-59.94739880239127
40.25,-37.69740657055768,-60.87858534099493
40.3,-38.31590985522613,-60.71948579459045
40.35,-37.794689630896144,-58.98142486351412
40.4,-38.3798412864777,-58.10173027324212
40.45,-41.31599683789991,-60.618891767675194
40.5,-45.221687799381904,-63.908517143901186
40.55,-49.75041703389179,-66.59665812115483
40.6,-54.03285684282341,-68.58488013734083
40.65,-57.325980194390965,-69.81817898556095
40.7,-61.076047711764254,-72.06292497028649
40.75,-63.72404892040972,-73.46190151183679
40.8,-65.11106650377172,-74.6410755260257
40.85,-66.6350585556315,-76.22317934511818
40.9,-65.94587927752075,-75.91972220167989
40.95,-65.2447033550045,-75.83027316924505
41.0,-65.90858137639752,-76.71322089326884
41.05,-65.34949324889193,-76.9442862181551
41.1,-64.17550551457498,-76.046024097925
41.15,-64.45600792312631,-76.11486019460473
41.2,-64.82398091716469,-76.2321203393179
41.25,-65.41658173830633,-76.84507594652985
41.3,-65.77267412527975,-77.0476840903407
41.35,-64.36656334315691,-75.40790977369164
41.4,-62.76919553329655,-73.49535365954328
41.45,-62.06803536317509,-73.03729979589171
41.5,-62.0737763905276,-73.50605648458586
41.55,-62.991393177356265,-74.55610028423867
41.6,-61.62535566187553,-73.03967634207632
41.65,-60.90192148195091,-72.16957078594665
41.7,-60.911874322320585,-72.02671049621813
41.75,-60.11189165188427,-71.02047500696202
41.8,-59.93537442634898,-70.4850980390918
41.85,-60.63602702664418,-71.14850801793362
41.9,-61.36911515156489,-72.57856600637977
41.95,-62.405504376742016,-74.11904043944384
42.0,-60.86129299108328,-72.92793097523327
42.05,-57.42343004486254,-69.05119308555629
42.1,-57.218376348555665,-69.9651406374568
42.15,-56.463684374610025,-70.94219439065424
42.2,-55.45921008347877,-71.18046336285309
42.25,-53.11855407096937,-69.74607859393753
42.3,-49.886103380990356,-66.35324176459451
42.35,-48.644580333011234,-65.95685917538468
42.4,-48.04588997856817,-66.779683326109
42.45,-48.71968233421307,-68.08168298624639
42.5,-48.957216526446715,-67.9977396411748
42.55,-49.78039175265919,-68.082958152453
42.6,-50.123091587952416,-67.90685406004388
42.65,-50.850463334009845,-67.88678050323206
42.7,-52.58095864870862,-68.32318334515497
42.75,-54.24082406727914,-69.12886806074718
42.8,-56.12493512259915,-69.71608917726027
42.85,-57.33674499129965,-69.72047763005764
42.9,-58.254974723760434,-69.55607206761852
42.95,-58.708964198732545,-69.22479798691418
43.0,-59.788265781418154,-69.41260105425553
43.05,-61.77789902231916,-71.1092206580208
43.1,-61.69390450760062,-71.65317102501885
43.15,-60.48629351749252,-70.72907279118772
43.2,-58.22885610701831,-68.92599366771415
43.25,-55.83316670416405,-68.10589239544893
43.3,-54.624123128806644,-68.7198363764957
43.35,-53.053350665347836,-68.79392657467326
43.4,-52.27949228870303,-69.12725242341435
43.45,-51.029960151009305,-68.00953135524254
43.5,-49.6511307201605,-66.1387992743107
43.55,-50.35759805329594,-65.11740707867493
43.6,-52.413528304218865,-65.97988380001738
43.65,-55.02133334249847,-67.61221106147379
43.7,-56.979096373749364,-68.18947600140288
43.75,-58.53216694773369,-68.9000940689034
43.8,-59.646219088019244,-68.69456997098581
43.85,-61.14272228630254,-68.98732091018616
43.9,-62.68549379669326,-69.9549856148578
43.95,-63.74941752171225,-70.91131861638432
44.0,-63.37524215629641,-70.34896343713191
44.05,-62.7518038597977,-69.42957123584115
44.1,-62.537182951651275,-69.73628415716257
44.15,-61.5373488385719,-69.41734053124566
44.2,-61.7699391806873,-70.61016526315383
44.25,-60.38302766323371,-69.97317406029703
44.3,-58.923189609790896,-69.2726437582516
44.35,-58.456701071800204,-68.81166821098971
44.4,-57.48597391852833,-68.71256300939785
44.45,-57.61020064500676,-69.90095216986451
44.5,-55.90018820790664,-68.9670910343117
44.55,-55.30744694439278,-68.77427894833815
44.6,-54.11492450148715,-67.74854561548577
44.65,-52.54388320770537,-67.3650220929001
44.7,-52.0398375921661,-67.92564096121572
44.75,-50.6155991852469,-67.71254977415953
44.8,-50.17205480751851,-67.54352605741487
44.85,-49.008422450609714,-66.77655872979348
44.9,-47.7321874893419,-65.66239310311418
44.95,-47.73242701096211,-65.79226979054697
45.0,-47.016211456009145,-65.23774372672939
45.05,-46.268122040923274,-64.67480075378411
45.1,-46.21183178392214,-64.19115556216535
45.15,-46.10215209649353,-64.04274366851128
45.2,-47.08531288991335,-64.89192784073649
45.25,-47.81378451673896,-64.96644653386758
45.3,-47.81534244211736,-64.92204397306881
45.35,-49.28271866802958,-65.48281548061561
45.4,-50.59586962933315,-66.1279813816892
45.45,-51.574337326692195,-66.97773831628821
45.5,-53.61916106501994,-69.06127903036605
45.55,-54.66717882065936,-69.98185281763853
45.6,-55.05396782603687,-70.55802191166109
45.65,-55.91760974349547,-71.42714811365379
45.7,-55.335313293548644,-71.33967880624542
45.75,-55.025461366967996,-72.28663161773407
45.8,-54.244660892002884,-73.06696471036875
45.85,-52.64616900150237,-73.92307760211303
45.9,-49.58969084088326,-73.4128133706146
45.95,-45.20564146514828,-72.85101504524903
46.0,-40.71784522606941,-70.77872412966819
46.05,-38.03382605933137,-68.39008833440325
46.1,-37.44986137897919,-66.09880094182273
46.15,-39.80052064780711,-65.59693585779536
46.2,-43.13738903742091,-65.13211578181593
46.25,-46.01527303680832,-63.71972805970464
46.3,-50.43557137160634,-64.67492134933214
46.35,-55.08597905652811,-67.4572209745004
46.4,-57.935461054080704,-67.8504891840773
46.45,-60.28873697286226,-68.56302877757805
46.5,-60.062612011977755,-67.3974818703538
46.55,-60.701467197737756,-68.0933804997401
46.6,-61.54598861170784,-69.11533179214571
46.65,-61.03542246318456,-69.17024683333298
46.7,-61.17285630313899,-70.12245927124313
46.75,-60.34169532218483,-70.38187346287218
46.8,-58.53404315885737,-69.8795938536852
46.85,-56.826837102326216,-70.44910380029465
46.9,-54.171881169899784,-70.28184192255169
46.95,-51.277030785615224,-69.72186242042508
47.0,-49.2348732968172,-69.53172149441926
47.05,-47.71857013017418,-68.77907349576317
47.1,-46.97193681635542,-67.5519856047819
47.15,-46.56748570442371,-66.39470202598754
47.2,-46.54368284219544,-65.30746887346247
47.25,-47.23122993851071,-64.1122882629868
47.3,-48.29485568878094,-62.859862480772925
47.35,-49.786978261548875,-62.76215325653412
47.4,-51.494281089531036,-63.624258958379336
47.45,-51.84708985524356,-63.87002863832903
47.5,-51.86599538620178,-63.86122036748312
47.55,-51.3948549174011,-63.098321756118516
47.6,-51.51690632085593,-62.94267789407966
47.65,-52.93514850319814,-63.30839061882461
47.7,-55.36169202043375,-65.1577167194683
47.75,-57.56263026688537,-67.23447104550331
47.8,-58.77428855153088,-68.10283279032488
47.85,-58.658387022594965,-67.2520814445208
47.9,-57.949648557642966,-66.1019465896859
47.95,-58.42225452477008,-67.12835430992436
48.0,-59.003285785612675,-69.0914323027212
48.05,-58.70350905492491,-69.72257063939317
48.1,-56.77408640398215,-67.83405248070966
48.15,-55.11722613937084,-65.54394110670651
48.2,-55.288000625692206,-65.37676173723324
48.25,-55.384257468471425,-65.25277413373463
48.3,-57.24105508767551,-67.14442346442394
48.35,-56.2299858963007,-66.65735841227591
48.4,-55.28816033564216,-66.16780995843467
48.45,-53.389118459918194,-64.81324583157065
48.5,-52.04485870157213,-64.35629720953712
48.55,-51.10317542052156,-65.48240527726591
48.6,-51.33173950718359,-67.22244109098413
48.65,-49.61658213818811,-66.50187506689397
48.7,-47.99515501861222,-64.49333234183594
48.75,-47.546757753745766,-63.11365240182751
48.8,-48.263133565311115,-64.4721135550621
48.85,-49.9597870452273,-67.50419032156192
48.9,-51.21529206290308,-69.90679736882319
48.95,-49.84801942217453,-68.83962810331813
49.0,-50.06196379946749,-69.5810732154162
49.05,-51.32915656269621,-69.68158406295343
49.1,-54.46804338588056,-73.56721233621477
49.15,-56.15867462214161,-73.52884769544869
49.2,-55.89848507571131,-69.61173764171065
49.25,-56.94940926370555,-68.05586186145267
49.3,-59.17290175199725,-67.61228322918915
49.35,-62.08062088064426,-68.92746560209804
49.4,-63.515982422809145,-70.29550710547113
49.45,-64.27241121078428,-70.68529710594568
49.5,-61.92107824063856,-67.74298801669414
49.55,-60.89199164899685,-66.58428807693213
49.6,-60.28006889278861,-66.7085256362106
49.65,-59.62740082103161,-68.28088434641136
49.7,-57.66439402605328,-67.69064549101161
49.75,-55.954443551814094,-66.52711938614017
49.8,-55.083423624495985,-65.06277628289929
49.85,-54.5045167890201,-65.11328906587266
49.9,-55.676940210075195,-68.20392750264654
49.95,-55.520297755606705,-69.38954635518375
50.0,-54.77789185821194,-68.45115771611815
50.05,-52.81535050969462,-63.92968361954293
50.1,-53.87909079702115,-64.07412649730408
50.15,-55.79586767557682,-66.2437523976808
50.2,-57.34132947830256,-67.25681619216695
50.25,-58.426239018721056,-67.63501003461347
50.3,-58.066093678291466,-66.6376384573093
50.35,-59.6387011718616,-67.60634514424795
50.4,-61.412290292195124,-69.09156787534535
50.45,-60.93774613179785,-68.93910695798947
50.5,-60.44108414919657,-68.6072201608654
50.55,-58.369249947310514,-67.03159849035565
50.6,-56.098561311179765,-66.08927373018639
50.65,-54.54343690457053,-66.11453871618987
50.7,-52.87023254709565,-65.7266211954322
50.75,-51.42338579311851,-65.02740267828746
50.8,-50.66718280903238,-65.22702069855356
50.85,-51.04225822722478,-66.19232526584926
50.9,-51.230252458416516,-66.58020571217445
50.95,-51.74843628524716,-66.76635107979958
51.0,-52.226214365203916,-66.69811933182596
51.05,-53.04120950305242,-67.4330341883999
51.1,-54.337883194874685,-69.5829427848835
51.15,-55.022674957498516,-71.1241880730763
51.2,-51.86949762481884,-68.80906325231922
51.25,-47.781912344993394,-65.061655780956
51.3,-45.61347851737068,-63.86204366935428
51.35,-44.88550076868754,-63.84940808853202
51.4,-44.26381769365673,-62.609765312728555
51.45,-45.12781668170847,-62.35198015907274
51.5,-47.27818312248587,-63.46832059161751
51.55,-49.96710518993948,-65.51779668339317
51.6,-53.333384237104426,-69.27082596972522
51.65,-55.429637551981095,-72.30356081914744
51.7,-53.9973683183297,-71.09253853288183
51.75,-52.733166688582806,-71.17738166993291
51.8,-52.034217328970264,-72.12773479112505
51.85,-48.47503760355618,-70.57947947705193
51.9,-45.498480371873704,-70.51839537176963
51.95,-43.567813827809346,-70.90666985193077
52.0,-40.228446306311696,-67.58774045376481
52.05,-36.7135632677975,-61.76802106533876
52.1,-35.77518252538149,-57.28396247705837
52.15,-39.328722534899484,-60.24415712096436
52.2,-42.965102751682124,-62.436350414424844
52.25,-44.87194766034165,-62.69007890326531
52.3,-48.18906423008277,-65.96672665469946
52.35,-49.50632939044291,-67.85999093980058
52.4,-47.48586146518747,-66.43628653783796
52.45,-46.8398402963317,-67.4032046201251
52.5,-46.31690437014907,-68.20498246205088
52.55,-45.34405453096624,-69.0380247142796
52.6,-43.981059928432,-69.19617741281935
52.65,-41.050850542448046,-67.6463623871432
52.7,-39.1738745014895,-67.89455254535012
52.75,-36.66422228181633,-66.840192177101
52.8,-32.202625927089194,-63.47296968266332
52.85,-28.434192968575534,-59.99239917582151
52.9,-26.898430070513285,-58.260080340605725
52.95,-27.699738706134145,-58.05556296574223
53.0,-30.45895754175868,-59.316569781645605
53.05,-34.056274719338795,-60.47976025672615
53.1,-36.22767696714139,-60.62812140396207
53.15,-38.11076227846364,-61.173311745573685
53.2,-39.87177596419587,-62.311251087683495
53.25,-41.02986947426294,-63.31004322861664
53.3,-40.35878847118147,-62.79229152140282
53.35,-39.521527617360434,-62.55906361567222
53.4,-39.882459809885674,-64.11797982607251
53.45,-38.78213451714816,-63.76269167603944
53.5,-37.538236746813,-63.46847755118644
53.55,-37.028914748422594,-64.2967925252429
53.6,-35.67509197306995,-64.93170229361726
53.65,-32.49284013122916,-63.006217196917135
53.7,-28.995925927216472,-59.92618851131806
53.75,-25.925419053926163,-56.835804713908175
53.8,-25.023053422065246,-55.9647520456187
53.85,-25.95568065418306,-56.09833272988991
53.9,-27.837878273639014,-56.16746781896499
53.95,-30.625989403443224,-56.510157738038615
54.0,-33.294521080649275,-57.10921615919513
54.05,-35.72042029095011,-58.276554544350944
54.1,-37.53523754353745,-60.200695107945286
54.15,-37.665871457514754,-60.3612959204228
54.2,-36.1785677104793,-59.016762869313936
54.25,-34.42607675182836,-57.71746229640416
54.3,-32.93741706673336,-56.84903898116222
54.35,-32.72258618077472,-57.16625577442778
54.4,-31.866902122557374,-56.077941034648035
54.45,-30.939248554429604,-55.515311841717384
54.5,-30.723321804743353,-56.23572645807676
54.55,-30.279618864238895,-55.87698420884452
54.6,-29.99164380677464,-55.200404791506244
54.65,-29.52621868465618,-54.62463596027924
54.7,-29.978749533194684,-55.74840786770136
54.75,-31.11475801613738,-57.31908116877044
54.8,-30.34102646336869,-55.90803353230731
54.85,-30.237544386571972,-55.371808015831085
54.9,-30.56427381356351,-55.60342121861815
54.95,-31.49306157864218,-57.65267528618503
55.0,-32.31512213574078,-59.18448233679458
55.05,-32.61258447480969,-58.86404151908851
55.1,-32.21124692751146,-57.465123669980485
55.15,-33.16586649510004,-58.696832254634046
55.2,-33.86771994980862,-60.03959685859022
55.25,-33.99002423513578,-60.2053707969817
55.3,-33.68158835480511,-59.644284411881245
55.35,-33.57914910957299,-59.6411039681073
55.4,-33.8860712095802,-59.53489359118205
55.45,-33.482100834804434,-58.7744007696505
55.5,-33.88537954697315,-59.63379933074599
55.55,-34.73031250357118,-60.23631935630368
55.6,-34.98548198091177,-60.3002204656109
55.65,-35.23347766645781,-60.39052287975565
55.7,-35.74886169784093,-60.55879508824456
55.75,-36.6384615364403,-61.376438316488574
55.8,-36.908665159167676,-60.98675092642891
55.85,-37.201141745698884,-60.81288586669791
55.9,-38.10084395607528,-61.5023266539587
55.95,-38.41279436311794,-61.27241184295135
56.0,-38.52891103320209,-60.76392474486364
56.05,-38.784642526507774,-60.93956673364825
56.1,-38.531001556316035,-60.359878918017415
56.15,-38.439412321137986,-60.08832788913727
56.2,-38.679509966630555,-60.56597929163183
56.25,-38.49469677456815,-60.77073304026604
56.3,-37.788277127491305,-59.86113821298096
56.35,-38.24933150256067,-59.25944416002095
56.4,-40.01021914368907,-60.07631155307198
56.45,-42.46643767369093,-62.32735919642521
56.5,-45.17759088922992,-64.78232443509528
56.55,-47.90468596873936,-66.8539922424506
56.6,-49.800140348369396,-67.75551032364645
56.65,-51.76570001672125,-69.24279125609812
56.7,-53.696781077979196,-70.92767611240298
56.75,-54.95045784421564,-71.48056731234718
56.8,-55.442378207284,-71.32457899418073
56.85,-54.425716208110124,-69.19834600618724
56.9,-53.1550169569597,-66.04244856970078
56.95,-52.42742992876552,-63.96178587308922
57.0,-52.19526361471337,-62.7054997113359
57.05,-51.80678038546827,-62.367794220719965
57.1,-52.09317947031315,-62.91205344534399
57.15,-53.10369480079915,-63.66934859895169
57.2,-53.653916939685814,-63.572513520594654
57.25,-54.238582518984984,-63.17966577930021
57.3,-53.93102286622059,-61.41088231299265
57.35,-54.189671929876575,-60.6464966763766
57.4,-54.18155736677639,-60.30123376386694
57.45,-53.44566431367256,-58.907218425294644
57.5,-52.617085079758425,-57.22193386677211
57.55,-52.0852240976295,-56.40030331206855
57.6,-51.84493191298673,-57.493506039596575
57.65,-51.19557194321147,-57.383064620986545
57.7,-51.95035169918646,-57.93824059224396
57.75,-53.07230830886143,-59.07778525316683
57.8,-53.79486028462204,-59.842986480257984
57.85,-54.189082617997094,-60.31125794133621
57.9,-54.29083158698795,-59.84464991361359
57.95,-55.14412132259202,-59.896539881823166
58.0,-55.6272852508016,-60.069118073902175
58.05,-56.09096072506889,-60.99524571107927
58.1,-55.34858106234395,-60.59016718399718
58.15,-54.29247249077109,-59.66883044688496
58.2,-54.750336673528906,-59.59097172863877
58.25,-54.426684770652024,-59.09492112829732
58.3,-54.19568355665371,-58.870778475508956
58.35,-53.88396323295795,-58.74162167821818
58.4,-53.706717132894184,-59.06246984416516
58.45,-54.14437199845876,-60.6493462429281
58.5,-53.89888301947101,-61.728799147870554
58.55,-51.20490623101898,-59.411357398306805
58.6,-49.49540334284001,-58.89062841232229
58.65,-46.670953312476016,-57.08934380368096
58.7,-43.99538404052048,-56.206940455406865
58.75,-40.768881824189066,-54.032904948620406
58.8,-38.364129621229736,-53.079785790201214
58.85,-37.27793410969051,-53.667105447866035
58.9,-36.4686841414509,-53.29894559470314
58.95,-35.92200915529418,-53.3830409263675
59.0,-35.311628216027344,-53.84669831207994
59.05,-33.92514767184669,-53.3745159002764
59.1,-31.87527858312654,-52.6472634621594
59.15,-29.655498960517676,-52.06131115423384
59.2,-27.725707391087045,-51.15876945142752
59.25,-26.079879332667637,-49.946758401846566
59.3,-25.80111465836069,-49.42271670780489
59.35,-26.76468079291073,-49.18949895953119
59.4,-28.742313911181625,-47.95066762955812
59.45,-32.55947468022632,-49.0898810972733
59.5,-36.43481253878995,-49.70661436684972
59.55,-39.820343858318665,-48.74342338204971
59.6,-42.42825294533365,-48.27773972083897
59.65,-44.139647666577055,-47.847149196551094
59.7,-45.58168946846872,-48.44372688423888
59.75,-45.89313723643568,-48.927401683407666
59.8,-44.78873102632063,-48.911156063545846
59.85,-43.40240157626044,-49.24459623469292
