Time [s],Flexion(+)/extension(-)
0.0,-12.013060122932961
0.05,-11.954439648415798
0.1,-11.897185626486815
0.15,-11.862414363415553
0.2,-11.791730255022951
0.25,-11.752472843661371
0.3,-11.782105605920313
0.35,-11.79007656152046
0.4,-11.733553789994518
0.45,-11.697422942270922
0.5,-11.718074194519673
0.55,-11.730269769528267
0.6,-11.731228742275736
0.65,-11.704787467642698
0.7,-11.70515371281091
0.75,-11.704926925529664
0.8,-11.734434868262381
0.85,-11.75476869230601
0.9,-11.78340857873995
0.95,-11.783576567837722
1.0,-11.792545712536704
1.05,-11.768504158616395
1.1,-11.765639819862217
1.15,-11.781844199508999
1.2,-11.792127738757674
1.25,-11.830949991014826
1.3,-11.847306302062313
1.35,-11.856716115518111
1.4,-11.864015057879962
1.45,-11.88167305400453
1.5,-11.88587485742783
1.55,-11.83237509521369
1.6,-11.602535323433
1.65,-11.044961495875748
1.7,-9.507499476881028
1.75,-6.641973991976961
1.8,-2.5443920874298622
1.85,2.7405495364477663
1.9,8.986399416735983
1.95,15.223965707314578
2.0,21.81966015735692
2.05,28.989788701705887
2.1,33.63913746160297
2.15,34.58657893019832
2.2,31.38383808778119
2.25,25.329480797374337
2.3,17.47617107983048
2.35,8.724005752121782
2.4,1.1509858344224204
2.45,-6.297315180226005
2.5,-13.516323997409511
2.55,-17.395448774554943
2.6,-16.789715627428663
2.65,-15.901441654088561
2.7,-15.567952911965591
2.75,-15.558639340708172
2.8,-15.939235766867245
2.85,-16.383390577797954
2.9,-16.167437968122723
2.95,-15.547522499263255
3.0,-14.823862979327318
3.05,-13.815140004095191
3.1,-11.046333507207374
3.15,-6.1140885114148755
3.2,-0.890223605853783
3.25,5.902423370230239
3.3,11.237019103888642
3.35,14.151869062316226
3.4,15.419070779099723
3.45,16.06878799436664
3.5,17.237737455892614
3.55,17.974666801550253
3.6,18.054718775695374
3.65,17.39614492076045
3.7,16.377621108416186
3.75,14.477952549702312
3.8,12.134159758893807
3.85,8.396677987165502
3.9,5.00140054543893
3.95,2.7964833063465564
4.0,0.27168636144712227
4.05,-1.8056067919157148
4.1,-2.9051298553116065
4.15,-4.6893604348641595
4.2,-6.567642040490424
4.25,-7.769719525670584
4.3,-8.872591789290967
4.35,-9.707356560312238
4.4,-10.351133318490799
4.45,-10.697053733508849
4.5,-10.776699837503676
4.55,-10.478017887740338
4.6,-9.964772707260638
4.65,-9.236241828848113
4.7,-8.735690067777512
4.75,-8.538597778572749
4.8,-8.33908735904436
4.85,-8.042369892606732
4.9,-7.916092935004644
4.95,-8.112378377279272
5.0,-8.167623696318785
5.05,-8.237814321737822
5.1,-8.235862910109802
5.15,-8.208446915320069
5.2,-8.189720575466188
5.25,-8.061198459781407
5.3,-7.96352501937109
5.35,-7.880080186484782
5.4,-7.756691928283986
5.45,-7.44079651200607
5.5,-7.027207036394799
5.55,-6.816479103699839
5.6,-6.743044826155214
5.65,-6.872300798352341
5.7,-7.0709467297417286
5.75,-7.109795278108779
5.8,-7.2143714166665935
5.85,-7.438676135855638
5.9,-7.161007625112864
5.95,-5.587615517006192
6.0,-1.8328158133258348
6.05,3.742067420157869
6.1,11.120595236434115
6.15,20.526365104041783
6.2,29.18675423513866
6.25,36.396924935767586
6.3,39.33512765428048
6.35,39.5062638738212
6.4,36.333518898114185
6.45,31.40771243979715
6.5,24.919069833047914
6.55,17.84131642974357
6.6,10.386141171559743
6.65,2.8661937258911148
6.7,-3.786322834843022
6.75,-8.812772399295113
6.8,-11.47565056324735
6.85,-11.017358610752405
6.9,-7.2366709606687545
6.95,-0.9779422862476777
7.0,6.8863068919810315
7.05,15.558053408294676
7.1,22.883748615146978
7.15,28.970790633048995
7.2,34.199027085531235
7.25,38.17000663122852
7.3,41.55908503839912
7.35,45.528480498834746
7.4,51.24525096740763
7.45,57.26245271646497
7.5,62.82081991149283
7.55,66.88885230032602
7.6,68.5630211645937
7.65,67.53505496280079
7.7,63.765402412971184
7.75,57.89338078168096
7.8,51.23106199846938
7.85,44.285129153790535
7.9,37.884217407267904
7.95,33.201765519805996
8.0,29.84468959325793
8.05,27.353838873247067
8.1,24.912047062520127
8.15,22.634865683266792
8.2,19.78156952227996
8.25,16.664270307526376
8.3,13.993746287594586
8.35,11.27145028793378
8.4,8.367417904322904
8.45,5.419049679941487
8.5,2.565795514266509
8.55,-0.3163191079591555
8.6,-3.55631951723052
8.65,-6.571898480145605
8.7,-9.221206402423144
8.75,-10.803722781445694
8.8,-11.551053926636708
8.85,-6.387528951492966
8.9,6.3092989112117435
8.95,21.056473122320213
9.0,29.123593311178603
9.05,35.99166690904119
9.1,43.738771068879764
9.15,49.47351372151059
9.2,55.58951289109812
9.25,60.39593279597349
9.3,63.75356431434732
9.35,63.88602038111351
9.4,65.43392536999254
9.45,67.39415921310524
9.5,69.94171074316135
9.55,72.22103679038402
9.6,73.55674026530284
9.65,74.01996012046426
9.7,73.52101275751954
9.75,72.61190512603164
9.8,70.7151475028468
9.85,67.47908982256723
9.9,63.34665063576335
9.95,58.68846179339291
10.0,53.6179440328421
10.05,48.08975112198944
10.1,42.537282537044575
10.15,36.12665363393542
10.2,29.24998403218587
10.25,22.181549601928296
10.3,14.336700726871184
10.35,6.1461655386437135
10.4,-2.347202685713083
10.45,-10.962787202326101
10.5,-17.285586356821348
10.55,-21.490361655706927
10.6,-21.16945350194283
10.65,-21.352988051886385
10.7,-22.253621987684078
10.75,-24.025993274738845
10.8,-24.162350895994887
10.85,-24.646699988440357
10.9,-24.899227931433302
10.95,-26.8415476234475
11.0,-26.3287273127311
11.05,-25.253756312013827
11.1,-22.86032397764053
11.15,-14.181441560718635
11.2,0.17043396288928095
11.25,16.076025687752786
11.3,26.978026635020264
11.35,29.03198279093562
11.4,23.684427295507657
11.45,18.875653184002836
11.5,16.91075268161881
11.55,12.492560042805067
11.6,9.092911085018738
11.65,6.006475922544845
11.7,4.862809978042715
11.75,3.1264190220950523
11.8,1.1197728234752267
11.85,-0.3355956589758951
11.9,-2.3099461151600416
11.95,-4.108075018143324
12.0,-5.339738032614207
12.05,-6.273587582688836
12.1,-6.963199673312725
12.15,-7.571014380837895
12.2,-7.845907153225975
12.25,-7.384239237850549
12.3,-6.467387944611523
12.35,-5.710068083963405
12.4,-5.119525249338572
12.45,-4.762470814597747
12.5,-4.428811785301352
12.55,-4.087641154772307
12.6,-4.015532043418341
12.65,-4.135343838381231
12.7,-4.094211583136598
12.75,-3.8625065626822606
12.8,-3.799074212945122
12.85,-3.2824884777879215
12.9,-1.3873833371990505
12.95,1.8805266413704895
13.0,5.6443184273191065
13.05,9.574677342308808
13.1,12.4387069425706
13.15,14.538517469746802
13.2,15.254629057714604
13.25,13.77390792361741
13.3,7.720412570017636
13.35,-0.256334332632233
13.4,-7.749540296523603
13.45,-9.124232704517702
13.5,-1.7296533541262278
13.55,3.794464397133048
13.6,6.402658128278657
13.65,9.365921304512463
13.7,12.185373369706163
13.75,12.653126947318198
13.8,10.719291709829028
13.85,9.844805621838448
13.9,7.0339154727266235
13.95,4.405541088050207
14.0,2.5246700188930937
14.05,0.40857116408085126
14.1,-1.3251176305187917
14.15,-2.4508825814236146
14.2,-3.099319524141247
14.25,-3.0187986091851977
14.3,-2.8853332779581238
14.35,-3.0923458827348482
14.4,-3.559797379310549
14.45,-4.082066335416657
14.5,-4.547408552340221
14.55,-5.4186383827227855
14.6,-6.404014669847798
14.65,-7.489043474057378
14.7,-8.653395005311442
14.75,-9.724808205878606
14.8,-10.315122146838773
14.85,-10.579940095005052
14.9,-10.657065513649338
14.95,-10.542886352765446
15.0,-10.31103047669404
15.05,-10.176584420975631
15.1,-10.121147178706787
15.15,-10.146124345042463
15.2,-10.311115700684118
15.25,-10.571112462250607
15.3,-10.75903864901931
15.35,-10.771148471842588
15.4,-10.665399653822808
15.45,-10.58694037326517
15.5,-10.825051921581961
15.55,-11.048993812355297
15.6,-10.990685864167883
15.65,-10.887901962593018
15.7,-10.790012204858474
15.75,-10.67654161019069
15.8,-10.533837900469486
15.85,-10.468117296615548
15.9,-10.360677307542533
15.95,-10.253550479063577
16.0,-10.161276570841393
16.05,-10.07900021145456
16.1,-10.076888358242734
16.15,-10.113203373577978
16.2,-10.088637093397896
16.25,-10.08156400527924
16.3,-10.14171141812526
16.35,-10.227552513694393
16.4,-10.303686921331431
16.45,-10.295752720840989
16.5,-10.249426299970592
16.55,-10.267509863854352
16.6,-10.324219788529748
16.65,-10.358273021188445
16.7,-10.504335116919755
16.75,-10.8011516566822
16.8,-11.064004075856086
16.85,-11.153365402637355
16.9,-11.189491418014278
16.95,-11.155794659947212
17.0,-11.087367737913173
17.05,-10.977723974377511
17.1,-11.062577564497344
17.15,-11.115202779840844
17.2,-11.068966762039434
17.25,-10.977380773363215
17.3,-11.183084152488686
17.35,-11.510186633636733
17.4,-11.711323941522778
17.45,-11.932924970987749
17.5,-12.16466272913757
17.55,-12.3105726203611
17.6,-12.453595480978787
17.65,-12.359898311796233
17.7,-12.257499847695671
17.75,-12.349512050544039
17.8,-12.272644681393176
17.85,-11.89814124420316
17.9,-11.826769319999139
17.95,-11.658053848475722
18.0,-11.085507391110106
18.05,-10.44853977323186
18.1,-9.259894731010977
18.15,-7.6115483975700355
18.2,-6.564607896954107
18.25,-7.075553873249777
18.3,-7.7872957929779565
18.35,-8.216689128593131
18.4,-7.892199176734302
18.45,-7.252114855249305
18.5,-6.493003664905415
18.55,-5.380514810499137
18.6,-3.8544375951347942
18.65,-2.3094027651728246
18.7,-1.2362238217072896
18.75,-0.4239442135608725
18.8,-0.8426879702481377
18.85,-2.1429062545046422
18.9,-3.715420117876288
18.95,-5.531198638142943
19.0,-7.634194308518373
19.05,-10.619648373040503
19.1,-12.528845462728595
19.15,-12.420700889124303
19.2,-11.024907924472743
19.25,-10.902184007329739
19.3,-11.204460017442427
19.35,-10.596538100289195
19.4,-9.042436818197856
19.45,-11.171597352965007
19.5,-13.100517736605184
19.55,-11.178217706119778
19.6,-11.307384035380077
19.65,-9.606876431473012
19.7,-6.1447191917191715
19.75,-2.683859412369197
19.8,-2.3903425591395533
19.85,-5.566951465371497
19.9,-8.858795377956525
19.95,-11.0918925297929
20.0,-10.652617581512796
20.05,-7.963648675509314
20.1,-6.208869996307204
20.15,-5.179855792153502
20.2,-4.809726795919969
20.25,-4.260241584108218
20.3,-3.501185419310192
20.35,-2.9327098499572104
20.4,-2.302702815931104
20.45,-1.396863423332991
20.5,-0.28314968932442547
20.55,0.5561625029048485
20.6,0.5278359943639084
20.65,-0.2940725882920886
20.7,-1.083613368420154
20.75,-1.6245949359732648
20.8,-2.3749179894457964
20.85,-3.1452533173876547
20.9,-3.818140900189746
20.95,-4.6876963637741875
21.0,-5.9919769852216405
21.05,-7.230416899053211
21.1,-8.10772151773649
21.15,-8.860494200465611
21.2,-10.006208533291796
21.25,-12.38820655694823
21.3,-15.474530229367327
21.35,-17.412579267863777
21.4,-17.373553988113148
21.45,-16.947262238382994
21.5,-17.823062823623655
21.55,-18.93877100319016
21.6,-19.20179322348722
21.65,-19.6336315963593
21.7,-20.76318137989083
21.75,-21.52625767131591
21.8,-21.890158184948135
21.85,-21.988937561956305
21.9,-21.981456977911318
21.95,-21.830945882400847
22.0,-21.69137964664249
22.05,-21.341980711715284
22.1,-20.569166014706777
22.15,-19.626081816135596
22.2,-19.363401599315907
22.25,-19.712936371490482
22.3,-20.297843041790042
22.35,-19.95089202456001
22.4,-19.203950921304436
22.45,-18.441373362242214
22.5,-17.513865561084145
22.55,-16.54295509445521
22.6,-15.662587413681354
22.65,-15.271277188747352
22.7,-15.542607822095052
22.75,-16.139103704405002
22.8,-16.622292947639902
22.85,-16.878624181057006
22.9,-16.937231134494557
22.95,-17.092970775560797
23.0,-17.4059546731975
23.05,-17.608110772793058
23.1,-17.619202503160494
23.15,-17.63662506091378
23.2,-17.586989249702057
23.25,-17.40014920275986
23.3,-16.931036305872826
23.35,-16.18708552521713
23.4,-15.43092951467105
23.45,-14.95705035461786
23.5,-15.329768266661263
23.55,-16.862790684021366
23.6,-18.721068735584435
23.65,-19.52082024298404
23.7,-19.328889020378085
23.75,-19.33280216200351
23.8,-19.43761062837184
23.85,-19.499416953472032
23.9,-19.55684269285195
23.95,-19.529450146073398
24.0,-19.353966030707586
24.05,-19.12253175302764
24.1,-18.893038121232046
24.15,-18.8147323679247
24.2,-18.84369683506489
24.25,-18.899235195618996
24.3,-18.88748357391306
24.35,-18.87310036096157
24.4,-18.86300050818237
24.45,-18.819511946047616
24.5,-18.806469403878694
24.55,-18.7372195651017
24.6,-18.65833648283089
24.65,-18.583799615390923
24.7,-18.540409740459697
24.75,-18.49994111346496
24.8,-18.43201052809178
24.85,-18.376843158813493
24.9,-18.269853771142753
24.95,-18.150137701698608
25.0,-18.154979593155094
25.05,-18.204556848447886
25.1,-18.28065017887966
25.15,-18.3179617182943
25.2,-18.33427376241634
25.25,-18.300645651986482
25.3,-18.201232363256437
25.35,-18.07999086477548
25.4,-18.083483307451683
25.45,-18.129361402648914
25.5,-18.196360485590688
25.55,-18.26059293106639
25.6,-18.358975438922695
25.65,-18.45997501117984
25.7,-18.491434272202238
25.75,-18.523503776583734
25.8,-18.60587747681785
25.85,-18.597341052581015
25.9,-18.505835676780144
25.95,-18.434115112002036
26.0,-18.460414586361882
26.05,-18.490458241009133
26.1,-18.505428629186884
26.15,-18.513890606333163
26.2,-18.520165356893017
26.25,-18.517295414163527
26.3,-18.52389746994242
26.35,-18.561858239052285
26.4,-18.580839152411187
26.45,-18.687915558305193
26.5,-18.811946981007562
26.55,-18.789173127855054
26.6,-18.688509505345202
26.65,-18.581219515079866
26.7,-18.508417244776798
26.75,-18.46448122301314
26.8,-18.492793837210243
26.85,-18.46499456485173
26.9,-18.388980940310336
26.95,-18.33984966644334
27.0,-18.24412247393063
27.05,-18.17423546995998
27.1,-18.13493308955507
27.15,-18.104123421278217
27.2,-18.06539025433113
27.25,-18.063564359506938
27.3,-18.068723540070046
27.35,-18.109654339997416
27.4,-18.203455031247394
27.45,-17.92302746340185
27.5,-12.735037931271659
27.55,-8.481328426437667
27.6,-7.799470332298315
27.65,-7.190309066935908
27.7,-6.1463367307933945
27.75,-5.4897704374803356
27.8,-5.297986801818234
27.85,-5.6895283660231515
27.9,-6.165948257672226
27.95,-7.104944795475332
28.0,-8.253308582316278
28.05,-9.982030465111663
28.1,-11.546655803888893
28.15,-12.96314798090729
28.2,-13.583672035706956
28.25,-13.128633049092075
28.3,-11.422269764905764
28.35,-8.530024837795004
28.4,-6.40562743524733
28.45,-5.28912711567995
28.5,-5.284961048506783
28.55,-5.374201957094562
28.6,-4.27737680396943
28.65,-3.4392426815253807
28.7,-2.111882681440986
28.75,-1.5651303664325382
28.8,-2.45833958477798
28.85,-4.888066290863897
28.9,-6.538362476379012
28.95,-5.565717325963459
29.0,-1.0207910118884926
29.05,3.646136526941885
29.1,7.711270265649718
29.15,15.196255666476508
29.2,20.802809657714366
29.25,23.435242313255475
29.3,25.491723310042104
29.35,27.104541849304034
29.4,29.05395455133485
29.45,31.65273058575482
29.5,34.70408358780186
29.55,37.62290085180232
29.6,40.80277346453016
29.65,44.12946951898407
29.7,47.48790679537008
29.75,50.57347382288113
29.8,53.518656284098896
29.85,56.200905471474464
29.9,58.852143330294375
29.95,61.619967474708176
30.0,63.46576146863784
30.05,64.58789225739497
30.1,65.78729674803974
30.15,66.53110216848505
30.2,67.16314921570354
30.25,68.32630182335322
30.3,69.14845044918195
30.35,69.59549374447201
30.4,69.73009560470969
30.45,69.47608896275639
30.5,68.63163706033264
30.55,66.84480844252825
30.6,64.41815246153286
30.65,61.597225794335245
30.7,58.43234371878497
30.75,54.844211318837964
30.8,50.677148195230075
30.85,46.15447342195149
30.9,41.13612922327871
30.95,35.725624514072486
31.0,30.111994555362944
31.05,24.305676771260845
31.1,17.7230457975844
31.15,10.108829944412486
31.2,1.900769951681573
31.25,-8.371457898426987
31.3,-19.069242563948883
31.35,-23.648863858026647
31.4,-19.287643870110998
31.45,-19.750775413052295
31.5,-20.375810464653252
31.55,-22.124575252482845
31.6,-23.91195275583254
31.65,-22.009752494031332
31.7,-22.864800710220205
31.75,-22.645126858552224
31.8,-22.884765133625486
31.85,-21.82835289888597
31.9,-22.798856681034884
31.95,-23.09291843968525
32.0,-22.722340867339206
32.05,-21.95265033131983
32.1,-21.978009772533706
32.15,-22.33354568524763
32.2,-22.545328552821125
32.25,-22.727684750803256
32.3,-21.953948427286917
32.35,-20.69231219519847
32.4,-18.4882901055026
32.45,-16.271761508705257
32.5,-13.146489116750155
32.55,-7.89605987694057
32.6,0.49068682040378375
32.65,8.788371740562871
32.7,16.129798870181872
32.75,22.880316094595706
32.8,28.923345275057596
32.85,34.505412183799365
32.9,39.46246922361375
32.95,43.87968661626717
33.0,47.599040453716746
33.05,50.63604565366603
33.1,52.685281539926784
33.15,53.49661278713
33.2,52.75974598269917
33.25,50.5242759219378
33.3,47.29599142028923
33.35,42.81118916669718
33.4,38.12645813655831
33.45,33.299062924117216
33.5,28.18621840091301
33.55,22.22622887260119
33.6,15.410419901824302
33.65,8.581500956908936
33.7,1.828735212319354
33.75,-5.541480406363231
33.8,-11.55369855536932
33.85,-13.007392386545309
33.9,-11.241441953865618
33.95,-10.610940720085624
34.0,-9.828076022227066
34.05,-10.079712357984555
34.1,-10.576747870369068
34.15,-10.289893677861588
34.2,-10.606921527020676
34.25,-11.163749216600559
34.3,-10.87617106174388
34.35,-9.902647883892993
34.4,-8.829827224918786
34.45,-8.347013130303859
34.5,-8.388864681336704
34.55,-6.252874652127867
34.6,-3.0378548431764023
34.65,0.6098437125523551
34.7,4.189869058514572
34.75,5.077438993395657
34.8,5.514098370462674
34.85,5.779866346358764
34.9,5.54519949816836
34.95,3.888528169203184
35.0,1.9531269364529407
35.05,0.7189750698024316
35.1,-0.4338014061887421
35.15,-1.510521310729087
35.2,-2.3955604127029497
35.25,-3.167754634049752
35.3,-4.251340699207734
35.35,-5.980848817270694
35.4,-7.747878076994322
35.45,-9.228296219618002
35.5,-9.896452688374918
35.55,-9.869066415421452
35.6,-9.498100782158335
35.65,-9.054545703407792
35.7,-8.661380402844912
35.75,-8.21373368605451
35.8,-7.410706396116998
35.85,-6.657180262750287
35.9,-6.135820279378826
35.95,-5.557182131156595
36.0,-5.085432176854516
36.05,-4.807100756437542
36.1,-4.498224394724045
36.15,-4.107829981227601
36.2,-3.709802569044198
36.25,-3.3086033414252602
36.3,-2.884694514543753
36.35,-2.3682907143841145
36.4,-1.9347972750393396
36.45,-2.0009219054271
36.5,-2.233237256847139
36.55,-2.5866857938475367
36.6,-3.1906981238617704
36.65,-3.900215359373947
36.7,-4.509174236468418
36.75,-5.001319430153603
36.8,-5.617372785432339
36.85,-6.194752027593434
36.9,-6.399366088995932
36.95,-7.577784213186966
37.0,-9.508247677153996
37.05,-11.076928841657512
37.1,-11.5325135276909
37.15,-11.297692800593676
37.2,-10.842192802323698
37.25,-10.87512996971331
37.3,-10.246582013356223
37.35,-8.257183694398318
37.4,-6.3618543876415306
37.45,-4.599564954958135
37.5,-2.4263173166340732
37.55,-0.43800140710881047
37.6,0.6279276858969812
37.65,1.5695819951916614
37.7,2.559082966319343
37.75,2.9225798952389694
37.8,2.716650574035014
37.85,2.2065626805855976
37.9,1.803538832724895
37.95,1.8241469581605705
38.0,2.0504129268571827
38.05,2.3630874724444064
38.1,2.838638654450066
38.15,3.2572312570797144
38.2,3.465355355744231
38.25,3.6241605287809904
38.3,3.8272722504471415
38.35,4.233536348875702
38.4,4.775916433557647
38.45,5.220624673829752
38.5,5.577758047527952
38.55,5.871031242183714
38.6,6.154232095651244
38.65,6.682117540615759
38.7,7.401075563882248
38.75,7.827772219829651
38.8,7.834744087715894
38.85,7.818548379500577
38.9,8.056120580726851
38.95,8.643403892534531
39.0,9.039413195274593
39.05,9.01710578238178
39.1,9.084180280504498
39.15,8.76863713936851
39.2,8.63055189346586
39.25,8.727216653871082
39.3,8.725629641007528
39.35,8.527541961651748
39.4,7.295224729629854
39.45,5.739014046797146
39.5,5.028781788843013
39.55,4.220283941976136
39.6,3.6915803465218153
39.65,2.187507839153717
39.7,0.2606569386152166
39.75,-1.4015525299799254
39.8,-3.226050178332396
39.85,-4.57257535290701
39.9,-5.228429281532529
39.95,-5.39460891519828
40.0,-5.309188776848231
40.05,-5.095488855712104
40.1,-4.8856946173754245
40.15,-4.725656174928065
40.2,-4.732156706836467
40.25,-4.937666021902962
40.3,-5.113598616776856
40.35,-5.095173485703537
40.4,-4.89437659292459
40.45,-4.904282222020084
40.5,-5.1764174493896595
40.55,-5.527750021929428
40.6,-5.665595673562375
40.65,-5.357906185880545
40.7,-5.039591425418273
40.75,-4.993646602896526
40.8,-5.067575565836837
40.85,-5.149092700345713
40.9,-5.1172840555374135
40.95,-4.997829133970855
41.0,-4.842655529919927
41.05,-4.424880562544715
41.1,-3.6592894207201767
41.15,-2.520559159249579
41.2,-0.5543254997975229
41.25,2.488363171042573
41.3,5.823124835883028
41.35,9.492027878971516
41.4,13.48485726946758
41.45,16.477590843628008
41.5,17.92069109711395
41.55,18.68701373868161
41.6,20.017944893271487
41.65,22.17584999925675
41.7,24.093708313454698
41.75,25.441204022200726
41.8,25.98593774181055
41.85,25.474779845987417
41.9,24.041904308236912
41.95,22.506692837397857
42.0,21.08641618876406
42.05,19.766221062369794
42.1,18.80584673338694
42.15,18.584917998514452
42.2,18.916513017100993
42.25,19.728418137368102
42.3,21.039284160752306
42.35,22.31015894014518
42.4,22.831134469989944
42.45,22.44252907414546
42.5,21.277804967301947
42.55,19.49765183825767
42.6,16.7369342632293
42.65,12.790611473327148
42.7,8.500596352348392
42.75,4.625766751436849
42.8,2.2252461626704627
42.85,2.6968561939666964
42.9,3.4147774045196013
42.95,3.7092251156944687
43.0,3.686047856260281
43.05,4.068655482462737
43.1,3.7349782180769666
43.15,2.815704723829292
43.2,1.5120010857012203
43.25,-0.26617945859514625
43.3,-2.0138595333899647
43.35,-4.26058988018237
43.4,-6.601919009656107
43.45,-8.784062266087409
43.5,-10.54288918560648
43.55,-11.727813618094263
43.6,-12.154005852141493
43.65,-11.811074760680933
43.7,-10.896036065726744
43.75,-10.004631247705925
43.8,-9.608687739016974
43.85,-9.56727750870652
43.9,-9.498715166013286
43.95,-9.349407530261004
44.0,-9.41021163314209
44.05,-9.494329459691933
44.1,-9.70058721669122
44.15,-9.745511344160501
44.2,-9.638676549916637
44.25,-9.580311832663613
44.3,-9.674028179009188
44.35,-9.822523529174308
44.4,-9.991010077240581
44.45,-10.146827655457297
44.5,-10.280173326993612
44.55,-10.343536454587774
44.6,-10.201349887380404
44.65,-10.044716309156954
44.7,-10.259672899930509
44.75,-11.171444989794132
44.8,-12.13831915383199
44.85,-13.31200486846421
44.9,-14.248151582754511
44.95,-14.652347484403027
45.0,-14.621681148757789
45.05,-14.264764438893282
45.1,-13.790559984493418
45.15,-13.37506207598054
45.2,-13.213164810566383
45.25,-13.210025799037016
45.3,-13.241236169630469
45.35,-13.156445348036044
45.4,-12.870337727500104
45.45,-12.308991809032996
45.5,-11.593891767618521
45.55,-10.855667892040211
45.6,-9.876475709279672
45.65,-8.837066332153196
45.7,-7.651923614993267
45.75,-6.432219845257602
45.8,-5.87310201265466
45.85,-5.881456268694589
45.9,-5.7463144384923455
45.95,-3.764311266360027
46.0,1.276491659134028
46.05,8.719218682875532
46.1,15.875644661218779
46.15,23.358959169331097
46.2,29.542766721832077
46.25,33.41252509640592
46.3,36.14512810797385
46.35,37.495735888030595
46.4,37.65579827314753
46.45,36.53676302569002
46.5,34.19019506872961
46.55,31.38664152627772
46.6,28.407024721863504
46.65,25.02180648913556
46.7,20.859068058359824
46.75,15.925432862146023
46.8,11.231530624975083
46.85,6.767622951183913
46.9,2.4587416776286912
46.95,-0.12043382949612615
47.0,0.05255188778389248
47.05,1.2052602023156171
47.1,1.7908216748315366
47.15,2.8254334009963493
47.2,2.109804691754386
47.25,1.5483278829259914
47.3,1.149103105925766
47.35,0.4433403920691631
47.4,0.09609380985986944
47.45,-0.13954931060153405
47.5,-0.46600162497967995
47.55,-0.7714439782816069
47.6,-0.5568836167685651
47.65,0.029408430167783703
47.7,0.6404763285663841
47.75,1.0922427270225044
47.8,1.2755585728504197
47.85,1.4727659442733139
47.9,1.8850552165329983
47.95,2.1086413935009554
48.0,2.0548516669848573
48.05,1.722562579322157
48.1,1.145427312099178
48.15,0.44330114605873755
48.2,-0.057357218315885236
48.25,-0.012531684583571857
48.3,0.028969331555509955
48.35,-0.13193045548082658
48.4,-0.7620324660312682
48.45,-1.6763793436264651
48.5,-3.1876318872782514
48.55,-5.491141369693159
48.6,-8.01053813838168
48.65,-10.316496361131552
48.7,-11.942660940499337
48.75,-12.451373567948309
48.8,-10.900000414621195
48.85,-8.002800208957392
48.9,-4.998115092374577
48.95,-2.4701566880705386
49.0,-2.2845211176439353
49.05,-2.9067236735600384
49.1,-1.894892801439102
49.15,-0.3525905821623213
49.2,-0.8588606860962933
49.25,-0.9933628310221575
49.3,-0.9236039105648425
49.35,-1.2635914806730286
49.4,-1.729704501235635
49.45,-1.4547341278030586
49.5,-0.16859821050802176
49.55,1.90963590324711
49.6,3.2015313179452862
49.65,3.4695974135465
49.7,2.4178520924474376
49.75,0.29072575034230747
49.8,-0.21349910624615503
49.85,-0.22484522640101753
49.9,-1.56231127911729
49.95,-2.2969442747014783
50.0,-2.9907174585364658
50.05,-3.583170099012374
50.1,-4.82540461654653
50.15,-6.374194945764538
50.2,-8.166942767161267
50.25,-9.551555630866504
50.3,-10.56489890106823
50.35,-11.413526194952787
50.4,-11.725407628146792
50.45,-11.621246245353685
50.5,-11.37870507584625
50.55,-11.338174141928297
50.6,-11.485198008876893
50.65,-11.657348992600074
50.7,-11.761703392583312
50.75,-11.761986917955433
50.8,-11.678203244023543
50.85,-11.620629485290452
50.9,-11.558373104100424
50.95,-11.400493801554518
51.0,-11.276062484770236
51.05,-11.162896307710154
51.1,-11.263232608663914
51.15,-11.383489342484332
51.2,-11.45184504210109
51.25,-11.523723653383978
51.3,-11.701434347763252
51.35,-11.862478400231236
51.4,-11.98584769872845
51.45,-12.040990915786535
51.5,-11.993174327424626
51.55,-11.867646452838208
51.6,-11.675810182343223
51.65,-11.4628390900801
51.7,-11.242924813953731
51.75,-11.035989844233502
51.8,-10.912504672010916
51.85,-10.86385074809439
51.9,-10.901490204867363
51.95,-10.855364873580687
52.0,-10.745877320510209
52.05,-10.582520517042816
52.1,-10.438683492795251
52.15,-10.420293307786883
52.2,-10.384602081315323
52.25,-10.332302164945064
52.3,-10.255209806685968
52.35,-10.194662424468007
52.4,-10.067413865467811
52.45,-9.909919209431497
52.5,-9.788901017162265
52.55,-9.79937361664874
52.6,-9.775642781762482
52.65,-9.74798650423674
52.7,-9.688554495690013
52.75,-9.605130715641899
52.8,-9.542302255546677
52.85,-9.471838577389782
52.9,-9.423900415522677
52.95,-9.359702935018305
53.0,-9.2838007676745
53.05,-9.154340612383075
53.1,-8.954871085719985
53.15,-8.869890762289703
53.2,-8.900187146251023
53.25,-9.118963032732168
53.3,-9.461489562778672
53.35,-9.728809155498453
53.4,-9.824940048701057
53.45,-9.758472952521705
53.5,-9.683464515207412
53.55,-9.622683113723719
53.6,-9.580577703873473
53.65,-9.55794540417705
53.7,-9.42920208022028
53.75,-9.277705710887593
53.8,-9.213478531016989
53.85,-9.207641899469763
53.9,-9.230442884370092
53.95,-9.254177929402546
54.0,-9.229790018947956
54.05,-9.151417700116763
54.1,-9.085167734698587
54.15,-9.011726082396954
54.2,-8.946326427222786
54.25,-8.812171946681245
54.3,-8.659899104797029
54.35,-8.551422690185195
54.4,-8.530748407525245
54.45,-8.553867803683861
54.5,-8.603701924406638
54.55,-8.663823360190825
54.6,-8.694472084543316
54.65,-8.658460461044877
54.7,-8.61883221873727
54.75,-8.649420396824922
54.8,-8.75821747492874
54.85,-8.848065403702051
54.9,-8.907439703167126
54.95,-8.851569802179155
55.0,-8.824330558120247
55.05,-8.821878521153337
55.1,-8.834604532218277
55.15,-8.717842895777475
55.2,-8.32902152498758
55.25,-8.1269247247297
55.3,-8.366409069251526
55.35,-8.008267709584114
55.4,-7.8841180174641625
55.45,-7.916014198722187
55.5,-7.872228039983303
55.55,-7.396399491552829
55.6,-7.102825868882688
55.65,-7.042001644326559
55.7,-7.699530135244045
55.75,-9.013751309625357
55.8,-10.077351382103474
55.85,-10.211028490624251
55.9,-9.811862360346092
55.95,-9.572911755884542
56.0,-9.045662464301797
56.05,-8.127810510957493
56.1,-7.360023686326383
56.15,-7.443045753223314
56.2,-7.772387604842889
56.25,-7.831879350476499
56.3,-7.415480053402888
56.35,-6.839219202452508
56.4,-6.271158308513137
56.45,-5.6131497209351835
56.5,-4.426617930268177
56.55,-3.279456511230458
56.6,-2.6776021822441978
56.65,-2.3230544466664202
56.7,-2.1009420306538655
56.75,-1.9701046712515373
56.8,-1.8093525275958744
56.85,-1.8475661771102225
56.9,-2.0331561148000734
56.95,-2.6245157946659723
57.0,-3.188980031457946
57.05,-3.5386369740970234
57.1,-3.743312045815832
57.15,-3.6986592142505157
57.2,-3.6520089632306343
57.25,-3.647824685890218
57.3,-3.7961530923145115
57.35,-4.04718415977855
57.4,-4.100470155174417
57.45,-3.80527804995095
57.5,-3.5147646555638423
57.55,-3.4346430752274473
57.6,-3.5399750468880016
57.65,-3.7208539671247673
57.7,-3.9025214591949884
57.75,-4.176817735929568
57.8,-4.630306999478319
57.85,-5.095041332332073
57.9,-5.007524815328134
57.95,-4.3786706753580225
58.0,-4.61760775407983
58.05,-5.114812760585038
58.1,-5.483772300129259
58.15,-5.9922000781929
58.2,-6.062242133934675
58.25,-5.726816583677707
58.3,-3.8118315518967525
58.35,-3.262786654153388
58.4,-4.624426026888233
58.45,-6.096039321610673
58.5,-6.500465279739923
58.55,-6.124135567941255
58.6,-4.947202693971101
58.65,-3.11684217889526
58.7,-1.9656770301927518
58.75,-1.6488653819322088
58.8,-0.8133060570823484
58.85,2.226547968174065
58.9,8.618375380276603
58.95,17.157697998767002
59.0,23.449205319078708
59.05,31.02230888793822
59.1,39.483104609568265
59.15,46.529379302058594
59.2,53.43225672302119
59.25,59.822252740063036
59.3,64.96280383358629
59.35,69.52195353871157
59.4,73.12027659750159
59.45,75.92539381227317
59.5,77.80134158785842
59.55,78.87637157448549
59.6,79.15456361870608
59.65,78.48139267452095
59.7,76.96721220049142
59.75,74.90366953811665
59.8,72.53919642559916
59.85,69.7759954652951
59.9,66.4458305745288
59.95,62.45731060191147
60.0,57.469665873625125
60.05,52.061166029279455
60.1,46.22570150377414
60.15,39.41359778546235
60.2,30.676513917515514
60.25,19.266539328725678
60.3,7.383117863470953
60.35,0.37368435585265447
60.4,5.49672388855127
60.45,12.646689885268886
60.5,15.671145894927985
60.55,19.93864249384644
60.6,22.00186662644459
60.65,21.76781421441057
60.7,20.14410788470418
60.75,17.518422931805333
60.8,15.555613471198422
60.85,14.086481649719264
60.9,13.791730824264988
60.95,12.949535675253541
61.0,12.723411538327928
61.05,13.753475849964499
61.1,13.534967494715982
61.15,12.66938626698407
61.2,12.333687241624258
61.25,12.199701215967252
61.3,12.13923479175266
61.35,13.243108483374098
61.4,14.164999763307426
61.45,14.588022083501292
61.5,15.086688370993114
61.55,14.750244349896182
61.6,14.902551927280383
61.65,13.600465724301978
61.7,10.083031128116955
61.75,6.591293411458779
61.8,3.601930494300622
61.85,0.935015584852953
61.9,-1.9235880077478054
61.95,-3.860792399421033
62.0,-6.107942593917812
62.05,-8.65479218151637
62.1,-10.582609568516448
62.15,-12.163324861067068
62.2,-13.243571836140916
62.25,-13.65979429145163
62.3,-13.546404827608315
62.35,-13.180573104312735
62.4,-12.728665903747272
62.45,-12.215101283192501
62.5,-11.684148179448314
62.55,-11.43081703597065
62.6,-11.587857692490369
62.65,-12.428853079004487
62.7,-13.379889552642574
62.75,-14.129794922119231
62.8,-14.552178287965488
62.85,-14.75618373399609
62.9,-14.99149447111765
62.95,-15.340345192352828
63.0,-15.488803506186757
63.05,-15.352961542697956
63.1,-14.934879479657178
63.15,-14.32413033177852
63.2,-13.595508807176817
63.25,-12.931956046285094
63.3,-11.999419433184537
63.35,-10.970382681911358
63.4,-9.947840590844386
63.45,-9.249903943674008
63.5,-8.420742358236517
63.55,-7.555994116679237
63.6,-6.6898239492776765
63.65,-6.029851430690814
63.7,-5.472841052738996
63.75,-5.212378715097584
63.8,-5.381595411164746
63.85,-6.045265015730865
63.9,-7.355943950187512
63.95,-9.00370388897136
64.0,-10.346438514280006
64.05,-11.156798743188082
64.1,-11.425515452660699
64.15,-11.36183459609597
64.2,-11.203887091243516
64.25,-10.792860088247897
64.3,-10.144077917949506
64.35,-8.68940973595369
64.4,-6.872826861809394
64.45,-4.741323303816125
64.5,-1.368969286302035
64.55,2.6449580439411817
64.6,6.625062950667842
64.65,11.176943489891444
64.7,15.428452144396397
64.75,17.558624753553644
64.8,17.186825342713888
64.85,15.974922314297604
64.9,14.701445127088212
64.95,14.192158476130055
65.0,14.845354835765471
65.05,15.936485703386044
65.1,17.23105704302478
65.15,18.085864204753527
65.2,18.10247100874243
65.25,17.099716737386174
65.3,15.810107556374787
65.35,14.693143613670456
65.4,14.039102795370216
65.45,13.863043100774602
65.5,13.991683166609112
65.55,14.334439513098115
65.6,14.5948702528799
65.65,14.4945393448301
65.7,14.219622442154169
65.75,14.128577997155944
65.8,14.25457143826024
65.85,14.631548978540673
65.9,15.104722414227574
65.95,15.729883267976877
66.0,16.360962504962146
66.05,16.81890967461007
66.1,17.108822393514522
66.15,17.32773793516237
66.2,17.4943253127317
66.25,17.663328319107922
66.3,17.839489469028337
66.35,17.934836540063543
66.4,17.918895237314604
66.45,17.808889375375884
66.5,17.66228399372879
66.55,17.57653649505849
66.6,17.565967401156175
66.65,17.562379737112046
66.7,17.508800715330285
66.75,17.429874751770026
66.8,17.370955942186455
66.85,17.33276633245507
66.9,17.27390542666482
66.95,17.196506848151397
67.0,17.133782504217034
67.05,17.029045027001274
67.1,16.91286950775562
67.15,16.754104919665284
67.2,16.669621485001997
67.25,16.597864223874833
67.3,16.56599075697057
67.35,16.561809589390837
67.4,16.646023062616848
67.45,16.737187447867658
67.5,16.7891026373499
67.55,16.762678304899858
67.6,16.66327461199924
67.65,16.562733560367832
67.7,16.510823805343737
67.75,16.432737224091674
67.8,16.01559852808279
67.85,15.18995442670216
67.9,14.012369592739878
67.95,12.723158468952818
68.0,11.384613977189113
68.05,10.188486301467679
68.1,9.247899376454654
68.15,8.705694587474436
68.2,8.552547617583604
68.25,8.699222979035936
68.3,8.991597144219995
68.35,8.624974010327419
68.4,7.69568232152763
68.45,5.8015976965976845
68.5,3.7878049677463324
68.55,2.275863698700558
68.6,0.3043036368312978
68.65,-1.4408978745320897
68.7,-3.2650669274283626
68.75,-4.947876370634958
68.8,-6.379601776942126
68.85,-8.065593750034424
68.9,-10.171096041321189
68.95,-12.028740395305825
69.0,-13.386141177182415
69.05,-14.110593379774048
69.1,-14.393038379581544
69.15,-14.33852679953496
69.2,-14.094679995975442
69.25,-13.949239728230163
69.3,-13.731119752770928
69.35,-13.600025911558232
69.4,-13.267400590103628
69.45,-13.0456687910002
69.5,-12.942246348486051
69.55,-12.936953312619865
69.6,-12.887697952437005
69.65,-12.815244788940031
69.7,-12.858309293852985
69.75,-12.851887945743034
69.8,-12.82581057984935
69.85,-12.832827730136344
69.9,-12.870762142716455
69.95,-12.845289875826543
70.0,-12.881721692876592
70.05,-13.024701400477595
70.1,-13.014596522192445
70.15,-12.659691552211985
70.2,-12.287736259185467
70.25,-12.476194937766648
70.3,-12.55991808388808
70.35,-12.476831020402768
70.4,-12.387580209047913
70.45,-12.325436203964406
70.5,-12.478408064989422
70.55,-12.66024378108195
70.6,-12.683074569934817
70.65,-12.678554385868974
70.7,-12.68957474778374
70.75,-12.626464640050783
70.8,-12.495606522929341
70.85,-12.300327817541005
70.9,-12.005527899085406
70.95,-12.039343810017968
71.0,-12.162690318894247
71.05,-12.172843027483426
71.1,-12.072280120713845
71.15,-12.005014190027188
71.2,-11.842548801110063
71.25,-11.528735498137033
71.3,-11.526678422662318
71.35,-11.757361531979097
71.4,-11.925360634600205
71.45,-11.955734620938905
71.5,-11.981003388432239
71.55,-11.992345329685802
71.6,-11.947354386926163
71.65,-11.89154939071439
71.7,-11.95331344114879
71.75,-12.090653059724856
71.8,-12.166029292633961
71.85,-12.167647642029433
71.9,-12.107452910508712
71.95,-12.026236997961869
72.0,-11.88583460169321
72.05,-11.717754338434409
72.1,-11.53400648407641
72.15,-11.351994315088769
72.2,-11.210512739621343
72.25,-11.10790419028797
72.3,-11.073140116549803
72.35,-11.13879504054562
72.4,-11.190867357066221
72.45,-11.259585550799006
72.5,-11.265953095230351
72.55,-11.305502680754042
72.6,-11.34814814691672
72.65,-11.424002285718428
72.7,-11.521928109051252
72.75,-11.6183899846354
72.8,-11.69306089069508
72.85,-11.853141122102462
72.9,-12.018337446712124
72.95,-12.083312270026024
73.0,-12.09091360590298
73.05,-12.061163542011924
73.1,-12.050005249609507
73.15,-12.087731933136737
73.2,-12.21157953854277
73.25,-12.354209194365227
73.3,-12.543968060588051
73.35,-12.37139334446057
73.4,-12.035621155747679
73.45,-12.237090509986626
73.5,-12.623291353396807
73.55,-12.879512312355377
73.6,-12.901474327922037
73.65,-12.82057483558883
73.7,-12.741214246228061
73.75,-12.66593093515218
73.8,-12.620897256766712
73.85,-12.608193910860836
73.9,-12.592797216105533
73.95,-12.628945975247321
74.0,-12.709354838180378
74.05,-12.715472435375624
74.1,-12.656602766522214
74.15,-12.519151012896216
74.2,-12.413070195254853
74.25,-12.357800680273941
74.3,-12.3277484913286
74.35,-12.3082274649599
74.4,-12.23916372729751
74.45,-12.221202371177137
74.5,-12.203781482667031
74.55,-12.186287008710199
74.6,-12.173075862612746
74.65,-12.178332183854367
74.7,-12.152485701359602
74.75,-12.121016521706997
74.8,-12.106872986006369
74.85,-12.03884437702567
74.9,-11.940327798172147
74.95,-11.867691983316467
75.0,-11.797992554456634
75.05,-11.718871819157402
75.1,-11.675431729320055
75.15,-11.682949916358469
75.2,-11.703528601265262
75.25,-11.674703871968124
75.3,-11.611451848797456
75.35,-11.595945757279896
75.4,-11.656909773561376
75.45,-11.695692125163035
75.5,-11.7555273171694
75.55,-11.821902514863778
75.6,-11.874021726336759
75.65,-11.967788822994475
75.7,-12.028933877700487
75.75,-12.062303470092745
75.8,-12.125408554556664
75.85,-12.176269275401388
75.9,-12.287550675687967
75.95,-12.434907014028425
76.0,-12.710119601749234
76.05,-13.07363409967467
76.1,-13.563784311439871
76.15,-14.140573690266283
76.2,-14.6962344225227
76.25,-15.062187757042302
76.3,-15.299594315125162
76.35,-15.522243883834859
76.4,-15.78051717205389
76.45,-15.93536084356191
76.5,-16.033857303071194
76.55,-16.18281100414238
76.6,-16.314844190847193
76.65,-16.484136368071873
76.7,-16.584943461401494
76.75,-16.69369809380014
76.8,-16.662591062418258
76.85,-16.42097469920969
76.9,-16.07223001902001
76.95,-15.930520967058694
77.0,-15.779692835617476
77.05,-15.38946102020095
77.1,-14.920169509292258
77.15,-14.454621966193226
77.2,-13.95634792236031
77.25,-13.27535290219116
77.3,-12.22763117967152
77.35,-10.097982236274987
77.4,-5.655120796410551
77.45,-0.15754375110117996
77.5,4.964657561689389
77.55,9.162289567159075
77.6,13.271745807291376
77.65,15.910051245779071
77.7,16.778625809575672
77.75,14.839246675830834
77.8,10.573435787590597
77.85,5.825315559686511
77.9,1.883645523563065
77.95,-0.80676355338749
78.0,0.2832636129434449
78.05,3.1633689245435503
78.1,4.09443145150313
78.15,3.8581018492652506
78.2,2.248796075859815
78.25,0.60563165441829
78.3,-1.5605474047291252
78.35,-3.2631359465986165
78.4,-3.955669637711694
78.45,-3.5629543451708825
78.5,-3.0452044198965846
78.55,-2.3388281286368438
78.6,-1.321470862007124
78.65,-0.5831441258108946
78.7,-0.2807609168972372
78.75,-0.015467802434140497
78.8,0.27719406617097425
78.85,0.48553459032832763
78.9,0.5115540928539908
78.95,0.51234211732186
79.0,0.5093651716007636
79.05,0.5706266912775573
79.1,0.73016122566795
79.15,0.9474873505579426
79.2,1.41504121508191
79.25,1.7746684896817817
79.3,1.9912678270670718
79.35,2.165878666290542
79.4,2.380470146847705
79.45,2.7489665116633684
79.5,3.105905908945275
79.55,3.340803423004843
79.6,3.4316503446646984
79.65,3.465597361556454
79.7,3.5829813575918648
79.75,3.76194601253214
79.8,3.8551778457538664
79.85,3.903907592922483
79.9,3.941091767596652
79.95,4.059287838220957
80.0,4.256006333075995
80.05,4.473667600600799
80.1,4.547012416881604
80.15,4.587766358642568
80.2,4.723240014635376
80.25,4.8644920718144835
80.3,4.788315266601008
80.35,4.595533935239415
80.4,4.392297412899573
80.45,4.076170296975426
80.5,3.787970090205525
80.55,3.53916422754267
80.6,3.3569277531228474
80.65,3.300834438468977
80.7,3.341826010686404
80.75,3.487981660855271
80.8,3.742554665578368
80.85,4.066889568852981
80.9,4.472956010000211
80.95,4.8227315696586075
81.0,5.021609550693692
81.05,5.086789736379253
81.1,5.122699556932601
81.15,5.087976523808031
81.2,5.022967654058659
81.25,5.049247681290645
81.3,5.13012150963507
81.35,5.208329897159353
81.4,5.295006070147776
81.45,5.359188247182313
81.5,5.35765763690962
81.55,5.287782935786435
81.6,5.266524743472135
81.65,5.271809225963549
81.7,5.382079504738395
81.75,5.434736686397042
81.8,5.3783085619466044
81.85,5.551380458074517
81.9,5.823404620500252
81.95,6.100225481758954
82.0,6.367195857523437
82.05,6.397089954910308
82.1,6.132190905475357
82.15,5.932408842082031
82.2,5.905901377440657
82.25,6.030885416018751
82.3,6.254111842570803
82.35,6.317325806015125
82.4,6.157673607058614
82.45,6.093282429765804
82.5,6.013750537727129
82.55,5.926435315982312
82.6,5.832245265788877
82.65,5.7696996971865495
82.7,5.788954476389406
82.75,5.815752874641228
82.8,5.85789424809399
82.85,5.8869668012249905
82.9,5.875180903147044
82.95,5.800472679836157
83.0,5.705715743024193
83.05,5.664914322585027
83.1,5.6768231472911745
83.15,5.698205562280208
83.2,5.738767829654427
83.25,5.784850834573681
83.3,5.7957647723627295
83.35,5.78598536457178
83.4,5.832474478580797
83.45,5.914253538165935
83.5,5.961195034290152
83.55,5.972718980009565
83.6,5.972269794845009
83.65,5.966172694273968
83.7,6.4609224635067175
83.75,7.816658025544758
83.8,10.132642878160521
83.85,13.38078441398068
83.9,16.4901004970923
83.95,19.936908686041484
84.0,23.72322192572735
84.05,26.802451236501742
84.1,29.423494494857817
84.15,31.36146394101689
84.2,32.048733933942174
84.25,30.93716007576835
84.3,28.038809902141097
84.35,22.78907961876912
84.4,18.08348871969794
84.45,14.305125043589165
84.5,11.297324910569932
84.55,8.268858297071871
84.6,4.692072538222778
84.65,2.443232001123475
84.7,0.7541461702913457
84.75,-1.9744723429036974
84.8,-3.9382766447967392
84.85,-5.7981420884122015
84.9,-7.1193861027949765
84.95,-7.992048434420507
85.0,-8.739259649901161
85.05,-9.35703407085828
85.1,-9.763918385448761
85.15,-10.037727788870315
85.2,-10.030671945988955
85.25,-10.203540705110283
85.3,-10.256281149121403
85.35,-10.176894279187986
85.4,-10.005448555961758
85.45,-10.057454553609741
85.5,-10.197538574747973
85.55,-10.45971135648525
85.6,-10.592355570227733
85.65,-10.592692091844048
85.7,-10.58154219569739
85.75,-10.761429020358081
85.8,-11.019884855153856
85.85,-11.143102841061298
85.9,-11.253724460425245
85.95,-11.112655440995798
86.0,-10.169177149066636
86.05,-7.87889734645589
86.1,-4.264705114999786
86.15,1.3134978511704716
86.2,8.589687738830564
86.25,17.22178184132444
86.3,26.01603872741216
86.35,31.355078436693915
86.4,32.45547281488338
86.45,30.661741860211443
86.5,28.177116328791666
86.55,25.241756120947525
86.6,21.948937265700735
86.65,19.39418639679935
86.7,17.20874839925564
86.75,14.19615566335259
86.8,11.257299892765028
86.85,9.849643370068884
86.9,8.012600422004713
86.95,5.531432709702609
87.0,1.1955344005883781
87.05,-0.9505296584721212
87.1,-2.9902517287931545
87.15,-3.46996896211826
87.2,-3.299421384528887
87.25,-3.2324161226679977
87.3,-2.9844301272622324
87.35,-2.5224780208243596
87.4,-1.832985663703744
87.45,-1.333657769723942
87.5,-0.7866334948188152
87.55,-0.3327725556350121
87.6,0.4707136061428343
87.65,1.4973860263516987
87.7,2.355921668219801
87.75,2.9899699729390163
87.8,3.808984997988166
87.85,4.229396687640792
87.9,3.6384580250317473
87.95,3.097279568046956
88.0,3.283720823595843
88.05,3.4568755930661865
88.1,3.5427190315246793
88.15,4.602572303564885
88.2,6.30416913454199
88.25,6.755874823982746
88.3,5.416260942122928
88.35,3.389322668036857
88.4,1.5718636646677697
88.45,0.3004996222021585
88.5,-2.1874743121852673
88.55,-5.4710497730454835
88.6,-9.165665839109712
88.65,-12.883540899561751
88.7,-15.455059510871331
88.75,-16.007188738479428
88.8,-15.822745055158865
88.85,-15.578311894749493
88.9,-15.454816686992048
88.95,-15.437283763073314
89.0,-15.676115792491917
89.05,-15.933975954518964
89.1,-16.471623959503944
89.15,-17.211877935377863
89.2,-17.74271519042676
89.25,-17.78952981283824
89.3,-17.746670216414827
89.35,-17.667097631727444
89.4,-17.489876931585496
89.45,-17.300586528185345
89.5,-17.135492405779658
89.55,-16.980078478385416
89.6,-16.826562509432225
89.65,-16.813856090465833
89.7,-16.844964283433743
89.75,-16.863203813159238
89.8,-16.8126722435774
89.85,-16.779736839473994
89.9,-16.829429944545538
89.95,-16.817566955210875
90.0,-16.763269141893186
90.05,-16.739439870590935
90.1,-16.777025831854605
90.15,-16.854153055557433
90.2,-17.003698785629105
90.25,-17.1435599927071
90.3,-17.243368727601478
90.35,-17.286877488596353
90.4,-17.234562627117526
90.45,-17.108321953956935
90.5,-17.056576035367264
90.55,-17.088798562975185
90.6,-17.096503396601758
90.65,-17.04033036352888
90.7,-17.02487361474937
90.75,-17.069559689721903
90.8,-17.19368177405076
90.85,-17.3007065987143
90.9,-17.260346127446528
90.95,-17.11312871564494
91.0,-17.000174128081323
91.05,-17.100496247373847
91.1,-17.217184583273905
91.15,-17.274920883813042
91.2,-17.392810795799804
91.25,-17.486849826414005
91.3,-17.46053187602145
91.35,-17.396321695588053
91.4,-17.368587959085723
91.45,-17.35314640327987
91.5,-17.30374617823339
91.55,-17.286113003076622
91.6,-17.209021572710412
91.65,-17.06108591791456
91.7,-17.07233013650722
91.75,-17.228428785719544
91.8,-17.375572209203966
91.85,-17.330299038942577
91.9,-17.186773552609218
91.95,-17.07117798832089
92.0,-16.964040227407835
92.05,-16.821506958371298
92.1,-16.712090149675394
92.15,-16.636410629471783
92.2,-16.56625887110173
92.25,-16.573243735289363
92.3,-16.58420713298621
92.35,-16.609854094064058
92.4,-16.70474689644922
92.45,-16.79531037208164
92.5,-16.90782145394757
92.55,-16.92432986198412
92.6,-16.80818735163534
92.65,-16.65410862984403
92.7,-16.521533562177186
92.75,-16.501591838803332
92.8,-16.488828193287453
92.85,-16.48132779406449
92.9,-16.456309946442154
92.95,-16.42022406881448
93.0,-16.433217434757704
93.05,-16.469263805756782
93.1,-16.44339896641602
93.15,-16.40232747374142
93.2,-16.367670151261354
93.25,-16.248666673637988
93.3,-16.09515882898348
93.35,-15.928783743643908
93.4,-15.381394636608343
93.45,-14.840927882271084
93.5,-14.598764210037453
93.55,-14.545713607627139
93.6,-14.735659171776073
93.65,-15.124569541164911
93.7,-15.621783581324797
93.75,-16.300543762968502
93.8,-17.26170169473539
93.85,-17.69825595389775
93.9,-17.63805467554127
93.95,-17.37242379902257
94.0,-17.165269534142137
94.05,-17.006802961764354
94.1,-16.84555112381094
94.15,-16.748893528000465
94.2,-16.71964560934116
94.25,-16.57656084165435
94.3,-16.477738829672703
94.35,-16.396213076421834
94.4,-16.31036342557076
94.45,-16.314977836842672
94.5,-16.344192243669887
94.55,-16.673617780124445
94.6,-16.79409194220144
94.65,-16.658378461773683
94.7,-16.54906303654104
94.75,-16.64287989221877
94.8,-16.795354446178127
94.85,-16.89186375873669
94.9,-17.059477160474508
94.95,-17.188992810781112
95.0,-17.28094957335535
95.05,-17.34404850756005
95.1,-17.329866315039624
95.15,-17.264701180849418
95.2,-17.19811832628912
95.25,-17.15401664238848
95.3,-17.154441494885578
95.35,-17.20895707602327
95.4,-17.23026725471097
95.45,-17.197413981868326
95.5,-17.17494085600081
95.55,-17.139910818844818
95.6,-17.10740834068843
95.65,-17.099793085023666
95.7,-17.081200622228646
95.75,-17.06396359184912
95.8,-17.055350850092612
95.85,-17.058328457517973
95.9,-17.051395997237258
95.95,-17.046277762460704
96.0,-17.00391471471276
96.05,-16.99177592261371
96.1,-16.999434603324165
96.15,-16.9770874478674
96.2,-16.970602328776515
96.25,-16.961389783257346
96.3,-16.93990623817057
96.35,-16.92334483269262
96.4,-16.901327737184594
96.45,-16.867898508582453
96.5,-16.875272526410093
96.55,-16.87049233530233
96.6,-16.857656620009625
96.65,-16.83845863188565
96.7,-16.828404987682735
96.75,-16.852185016634973
96.8,-16.878688434630785
96.85,-16.853690498312254
96.9,-16.81840557813639
96.95,-16.81989898756757
97.0,-16.839208362789265
97.05,-16.841530759939623
97.1,-16.86991643990713
97.15,-17.363496394759004
97.2,-17.75698992860947
97.25,-17.727299605264864
97.3,-17.41441560706364
97.35,-17.297989480534486
97.4,-17.266475104777523
97.45,-17.221572576097305
97.5,-17.178474914024587
97.55,-17.155738746635777
97.6,-17.148472660788574
97.65,-17.1248193993646
97.7,-17.124306086992966
97.75,-17.127289703108016
97.8,-17.09253536948013
97.85,-17.073964453621347
97.9,-17.097822771319265
97.95,-17.07515275665071
98.0,-17.01553381598607
98.05,-16.963683824290793
98.1,-16.937586149767707
98.15,-16.913888002394163
98.2,-16.896698226465052
98.25,-16.90339769436513
98.3,-16.888926124746593
98.35,-16.886205357266
98.4,-16.856825962235302
98.45,-16.829135336973202
98.5,-16.835716759877407
98.55,-16.839180939725935
98.6,-16.83876574830855
98.65,-16.82110635064629
98.7,-16.815543671934066
98.75,-16.80425176044627
98.8,-16.86861687242079
98.85,-16.99290612408525
98.9,-17.133174278422732
98.95,-17.232589768906983
99.0,-17.31638088566301
99.05,-17.36819723353819
99.1,-17.375456130641055
99.15,-17.389105920160297
99.2,-17.365324578191142
99.25,-17.319796093502745
99.3,-17.26195497663607
99.35,-17.192012181364145
99.4,-17.162873164326673
99.45,-17.13014441661755
99.5,-17.045195494080012
99.55,-17.00709564852738
99.6,-17.070205989832843
99.65,-17.157096426299248
99.7,-17.194319911185122
99.75,-17.14772289569745
99.8,-17.111072285041157
99.85,-17.081291920249605
99.9,-17.09905021531654
99.95,-17.122151486134246
100.0,-17.14813120142417
100.05,-17.191358086501133
100.1,-17.257363243544845
100.15,-17.29711724503879
100.2,-17.31848187149207
100.25,-17.31801837350872
100.3,-17.30518685399327
100.35,-17.326330423256483
100.4,-17.340024004444256
100.45,-17.36607663535608
100.5,-17.36617443773679
100.55,-17.372490833141033
100.6,-17.375016445961833
100.65,-17.39499435243031
100.7,-17.375173883277633
100.75,-17.35391339330691
100.8,-17.315443472430616
100.85,-17.26453571985758
100.9,-17.218578796055514
100.95,-17.20778989385794
101.0,-17.221848556967945
101.05,-17.239886283398455
101.1,-17.221570934632247
101.15,-17.22833171819931
101.2,-17.229167387908454
101.25,-17.25802787349597
101.3,-17.28371494766345
101.35,-17.27179313534766
101.4,-17.265420276365575
101.45,-17.292757018586144
101.5,-17.30969394643535
101.55,-17.29766576008804
101.6,-17.273788303515346
101.65,-17.2892694744059
101.7,-17.290748067899536
101.75,-17.27787077678625
101.8,-17.277236383511507
101.85,-17.271230770333133
101.9,-17.22451149301249
101.95,-17.215252759092014
102.0,-17.20331208899347
102.05,-17.202055591517983
102.1,-17.224600388746115
102.15,-17.22907188765886
102.2,-17.22035298398848
102.25,-17.22721524841942
102.3,-17.23239658998446
102.35,-17.209568429957187
102.4,-17.19741027669284
102.45,-17.18898508511764
102.5,-17.15538494776572
102.55,-17.156370410359386
102.6,-16.972608703979017
102.65,-16.77216743821078
102.7,-16.630625253796843
102.75,-16.56110693608977
102.8,-16.560630676906968
102.85,-16.679019593309103
102.9,-16.52287417157773
102.95,-16.232831752370195
103.0,-16.09431350557621
103.05,-16.6626810675166
103.1,-17.782804140742744
103.15,-18.395592329682508
103.2,-18.25610193082349
103.25,-17.930198723022027
103.3,-17.538054390080323
103.35,-17.340289679106373
103.4,-17.2159971809673
103.45,-17.258257111015332
103.5,-17.337904098767506
103.55,-17.385317536120922
103.6,-17.53857973901543
103.65,-17.65859975015322
103.7,-17.61433687277453
103.75,-17.474472348988133
103.8,-17.333120362215375
103.85,-17.42574754024774
103.9,-17.358823584205446
103.95,-17.177922242094702
104.0,-17.149938415952047
104.05,-17.168554700162364
104.1,-17.261760365831133
104.15,-17.318803268866002
104.2,-17.370564941680957
104.25,-17.390133644197427
104.3,-17.384963305136193
104.35,-17.31654476045334
104.4,-17.22644997882115
104.45,-17.23161186469287
104.5,-17.257357490333725
104.55,-17.284842256325287
104.6,-17.300844405412825
104.65,-17.256887650082728
104.7,-17.272028739328874
104.75,-17.29090289120867
104.8,-17.305781941421554
104.85,-17.284108334666406
104.9,-17.23365655464434
104.95,-17.19363283280738
105.0,-17.226187258704712
105.05,-17.25735615309338
105.1,-17.192103053977988
105.15,-17.16409595443677
105.2,-17.167664027681596
105.25,-17.195694063758094
105.3,-17.25197727530415
105.35,-17.357843969398054
105.4,-17.434895317615002
105.45,-17.446996300882677
105.5,-17.43828883491058
105.55,-17.43941704157478
105.6,-17.417963133691586
105.65,-17.35160470961245
105.7,-17.402454225947686
105.75,-17.44184759373946
105.8,-17.426121847141154
105.85,-17.433210966791684
105.9,-17.422134997996302
105.95,-17.404371887966843
106.0,-17.419614852789326
106.05,-17.397532014252345
106.1,-17.362234816483138
106.15,-17.347550061789708
106.2,-17.348470277931753
106.25,-17.333385952059512
106.3,-17.318490180337232
106.35,-17.29652484504784
106.4,-17.26847433944488
106.45,-17.26683682597016
106.5,-17.28012265178873
106.55,-17.282851627577102
106.6,-17.30420847270723
106.65,-17.359104244143023
106.7,-17.407523657529268
106.75,-17.424186506620664
106.8,-17.439362634153497
106.85,-17.548975480094796
106.9,-17.611687965449384
106.95,-17.586925359766823
107.0,-17.617356274610838
107.05,-17.63928013245373
107.1,-17.66196246087083
107.15,-17.66141681543524
107.2,-17.64366671553978
107.25,-17.630850363540283
107.3,-17.640015415593695
107.35,-17.611888971408238
107.4,-17.641731715997473
107.45,-17.696257583368162
107.5,-17.70434220633482
107.55,-17.639023791080216
107.6,-17.65553010108304
107.65,-17.714097738640472
107.7,-17.704557138513472
107.75,-17.739306870987075
107.8,-17.77538654395214
107.85,-17.80324711361969
107.9,-17.749307156050023
107.95,-17.69429993002533
108.0,-17.656361639165482
108.05,-17.635132292006645
108.1,-17.657091847749268
108.15,-17.69318043117859
108.2,-17.69349490609583
108.25,-17.65918952323218
108.3,-17.614745416275312
108.35,-17.57029795152318
108.4,-17.558762417113467
108.45,-17.563101064953695
108.5,-17.470547876387865
108.55,-17.374138727496483
108.6,-17.284923129247044
108.65,-17.29400626253524
108.7,-17.400779959710047
108.75,-17.451070868554496
108.8,-17.414779822059458
108.85,-17.331183693190244
108.9,-17.308437405942424
108.95,-17.249709022894898
109.0,-17.233817515040577
109.05,-17.27157828988165
109.1,-17.26548606878652
109.15,-17.194385020398517
109.2,-17.084180653480963
109.25,-17.144015498592236
109.3,-17.230612530661684
109.35,-17.19910552282251
109.4,-17.118720266557556
109.45,-17.081805921388156
109.5,-17.056886469056415
109.55,-17.01761974165936
109.6,-16.967117324537643
109.65,-16.9500386183709
109.7,-16.973613805305078
109.75,-17.015740958451925
109.8,-17.029465643180668
109.85,-17.084507998687787
109.9,-17.13684103127342
109.95,-17.150186127685025
110.0,-17.180397656690328
110.05,-17.257117644578823
110.1,-17.277351628225805
110.15,-17.224255032902857
110.2,-17.22373063373393
110.25,-17.363583461745588
110.3,-17.491855569372465
110.35,-17.521397859781107
110.4,-17.489834645975073
110.45,-17.44020525007943
110.5,-17.468702658713056
110.55,-17.61122788027245
110.6,-17.790911021138527
110.65,-17.934130066089136
110.7,-18.077929082821047
110.75,-18.235404235692812
110.8,-18.347006579148246
110.85,-18.391533987753196
110.9,-18.35260478944935
110.95,-18.279147593163003
111.0,-18.211937663202168
111.05,-18.115649302583915
111.1,-18.036703614368168
111.15,-17.963677885980058
111.2,-17.9269987630455
111.25,-17.90325724110034
111.3,-17.90699272589884
111.35,-17.89423577301463
111.4,-17.85699921652861
111.45,-17.84959041581013
111.5,-17.87258276320535
111.55,-17.934264009613493
111.6,-17.93378013283044
111.65,-17.893708636126572
111.7,-17.846938944076257
111.75,-17.766870138085434
111.8,-17.615746513412702
111.85,-17.27998566803604
111.9,-16.52829281708696
111.95,-15.44560194173565
112.0,-14.110461261610231
112.05,-12.400447464376281
112.1,-10.469163728211926
112.15,-8.296396695807022
112.2,-5.797692781711521
112.25,-2.3505761739880313
112.3,1.7348725764374882
112.35,5.843217521548635
112.4,8.355289637782585
112.45,11.014255858614938
112.5,12.181964936302029
112.55,12.65065507328277
112.6,11.579968201774474
112.65,9.491088213663856
112.7,6.856622292228082
112.75,6.699951080798145
112.8,6.34885960306811
112.85,5.438521756123137
112.9,3.9859644656583804
112.95,2.7674701238222483
113.0,2.030902949876812
113.05,1.623459944636002
113.1,2.2088791397811716
113.15,2.6903857193714287
113.2,3.3153056044760945
113.25,4.192102865153574
113.3,4.638971776641884
113.35,4.84789119929669
113.4,4.845631783703488
113.45,4.6897867825733766
113.5,4.54597585807723
113.55,4.699696476050958
113.6,4.863510081194101
113.65,5.199542302316885
113.7,5.7787658075946835
113.75,6.116858576053383
113.8,6.002269937157684
113.85,5.091834385197687
113.9,3.996825716477653
113.95,2.8755300884096076
114.0,1.7362634548266398
114.05,0.7204538854354087
114.1,-0.7429883851337424
114.15,-2.1603626154323954
114.2,-3.100083313511309
114.25,-3.4852729069913226
114.3,-3.0793565419511655
114.35,-1.9230624987582023
114.4,-0.6986827594066803
114.45,1.2682457023668148
114.5,1.234415325482978
114.55,-0.9416981647787919
114.6,-3.6445588100178816
114.65,-6.546257031682656
114.7,-9.80397626444866
114.75,-12.837970950279768
114.8,-15.315312348112144
114.85,-16.068529248909783
114.9,-15.737891172855264
114.95,-15.32812307152946
115.0,-14.994501592546133
115.05,-14.706203042296314
115.1,-14.217060353919065
115.15,-14.39374717322633
115.2,-15.051845026432071
115.25,-15.328382680904763
115.3,-15.085063998798931
115.35,-14.874236802129193
115.4,-14.809793579246747
115.45,-14.933872139424468
115.5,-15.14914796877428
115.55,-15.29492858714841
115.6,-15.221643824148169
115.65,-15.184399516044529
115.7,-15.214586562362314
115.75,-15.108843750154909
115.8,-15.067412202314982
115.85,-15.095626718786985
115.9,-15.097792062299503
115.95,-15.12381447863445
116.0,-15.191287118170465
116.05,-15.142710055033223
116.1,-15.041757770710895
116.15,-14.912411496138375
116.2,-14.707883874167232
116.25,-14.34676396300711
116.3,-13.91561597897022
116.35,-13.851441355128685
116.4,-13.67564260112149
116.45,-13.604084615226558
116.5,-13.758007828878082
116.55,-13.949176862914696
116.6,-14.1930224348465
116.65,-14.484550667905603
116.7,-14.657418750933122
116.75,-14.981319248357536
116.8,-15.524926633353521
116.85,-16.31422022439307
116.9,-17.002469643749073
116.95,-17.516993804807647
117.0,-17.385314338492915
117.05,-16.783214336631595
117.1,-16.360895943202916
117.15,-16.28182479873624
117.2,-16.396406395334836
117.25,-16.776260140665595
117.3,-17.305746038407452
117.35,-17.44161810029001
117.4,-17.198313964167944
117.45,-17.0179790264929
117.5,-16.94237801682855
117.55,-16.88531173789281
117.6,-16.89240848682024
117.65,-16.909464946786933
117.7,-16.906060606766925
117.75,-16.992046663663068
117.8,-17.033639466623526
117.85,-17.04033345834087
117.9,-16.992277701640628
117.95,-16.925971770535796
118.0,-16.797199376458835
118.05,-16.709166149151958
118.1,-16.602757123117982
118.15,-16.452120505210694
118.2,-16.279853605624655
118.25,-16.364330590400474
118.3,-16.5301357381127
118.35,-16.607090200527235
118.4,-16.535084004178806
118.45,-16.38694788705052
118.5,-16.28789321353171
118.55,-16.355448701871655
118.6,-16.449459655587315
118.65,-16.480121687432547
118.7,-16.479569722366985
118.75,-16.54657466517338
118.8,-16.5870193548205
118.85,-16.620181875284818
118.9,-16.630100832981743
118.95,-16.6544730071216
119.0,-16.631460750340803
119.05,-16.59209420299744
119.1,-16.622523150611254
119.15,-16.608774123436415
119.2,-16.60621931997251
119.25,-16.624614842329283
119.3,-16.623082169583714
119.35,-16.597579252611816
119.4,-16.60011022705612
119.45,-16.614325241818243
119.5,-16.643257237301928
119.55,-16.612922189063077
119.6,-16.617292374921167
119.65,-16.60951056264342
119.7,-16.591145541347952
119.75,-16.59825961446082
119.8,-16.680804003788346
119.85,-16.847550332956295
119.9,-16.817227811474485
