{
    "frequency": 20.0,
    "uuid": "a036f2bc-8683-4d81-8195-e9b256b83870",
    "measured": "2021-06-05T14:40:15.440000Z",
    "frame_count": 2396,
    "title": "Abdul Carrots 13",
    "bones": [
        "ChestBottom",
        "Head",
        "Hip",
        "LeftForeArm",
        "LeftHand",
        "LeftLowerLeg",
        "LeftThigh",
        "LeftUpperArm",
        "RightForeArm",
        "RightHand",
        "RightLowerLeg",
        "RightThigh",
        "RightUpperArm"
    ],
    "tags": [
        "biomechanics",
        "m",
        "range of motion test"
    ]
}